f1,f2,f3,f4,f5,f6,f7,f8,f9,f10,f11,quality
0.871973,0.530019,0.122052,0.5451266477904294,0.14765360190451327,0.09318472100327613,0.2519675652611407,0.43978372077058037,0.8180353031063087,0.06084237189361774,0.9563453900033583,0
0.470346,0.130116,0.178643,0.39330545292901387,0.09838946828052475,0.5601436194157496,0.035514617123831416,0.6333534737103478,0.2958720497796692,0.413913403651489,0.9081873068181944,0
0.537756,0.0280293,0.736978,0.09745835284460458,0.1265145357195544,0.07895309636592696,0.8721390847752108,0.45745389048123675,0.752765378262981,0.4885143268669895,0.0016922172150486414,0
0.677453,0.505805,0.851298,0.19161695765157116,0.8738165265732635,0.36032837719680044,0.2538458748782484,0.23473652338723527,0.9845461372534883,0.47294158014901744,0.6101104857909517,0
0.855825,0.353839,0.743307,0.7848234169155408,0.725670372875838,0.06684545937572584,0.711079792566884,0.057376963181306695,0.9835287557481706,0.7814217590059621,0.49119808474290405,0
0.0914041,0.177267,0.265171,0.6901951842583862,0.09397363794892089,0.5960199011133014,0.6316514189357234,0.6268180617161186,0.664382012689021,0.43898961772934886,0.4862083099080011,0
0.960399,0.776166,0.563397,0.18368290832215173,0.05998950181938134,0.5046699823368156,0.10753464010855251,0.7049778908095319,0.622265324249829,0.5436253498436512,0.9379110528900084,0
0.187813,0.0342448,0.261472,0.849111185776177,0.1975650002732554,0.40418617240009624,0.13721608082534653,0.2695405194153728,0.8930824403061157,0.9126247561412801,0.7357554552496776,0
0.26837,0.38325,0.0324158,0.20981378536202266,0.7016699447979043,0.43815758563442486,0.585876732331055,0.6978638234553043,0.8831582385964956,0.31464253673202347,0.4538074734346462,0
0.842895,0.941924,0.0710153,0.49394034120081676,0.03435024687704713,0.4435789051219008,0.18552205118375742,0.21536861037959143,0.552209632608007,0.010588021975442508,0.810510450829616,0
0.49026,0.673787,0.0250881,0.42585353044859,0.9663019354145049,0.4040074440226348,0.9808593765332875,0.9277039204778739,0.20558772761365696,0.543864634721915,0.5059857087494073,0
0.835959,0.107598,0.964216,0.6762708164842803,0.6373639453105255,0.11722831898186314,0.2629617100598408,0.433849159903019,0.8935448500908983,0.5276711867004942,0.4872638183554461,0
0.269898,0.280776,0.819866,0.9999119068669166,0.8922458341022834,0.5161113536575964,0.45627300523319436,0.5855572103912031,0.31236435074184143,0.3926058600527965,0.4920677600801677,0
0.0716511,0.194712,0.82458,0.36981898411430836,0.24605789532438804,0.5298920829067164,0.43852441439572043,0.11560045822728249,0.37315437138542806,0.25648222442213686,0.755318025072992,0
0.848489,0.804596,0.57234,0.6604463619159185,0.6629682692973063,0.500081988373665,0.8970552313619006,0.3619068438571269,0.7681293573494329,0.9798620438012222,0.21371706114757205,0
0.369774,0.251158,0.516089,0.06415449910045012,0.8344132941729997,0.10259540548770818,0.12229471252174462,0.8906850940095175,0.9279490804313428,0.21485836094604638,0.5605232075245142,0
0.149897,0.597466,0.28916,0.6380036473586196,0.3368578984037033,0.5211376870696892,0.3167466800806428,0.31291499598718353,0.8565684298739449,0.11814283287938465,0.6036235798293339,0
0.314963,0.677357,0.618981,0.824674044766341,0.031351900123419485,0.34184950649699253,0.33330239201162526,0.16375797053494545,0.5367710735584165,0.2799272405352127,0.38732601310845316,0
0.951796,0.232436,0.747002,0.4880655532359267,0.3139114364610338,0.6740877392578307,0.20621186606549824,0.20022722751123168,0.9953081522141465,0.47112867977403317,0.3940701858445481,0
0.314646,0.807803,0.440122,0.3713647313257872,0.5768308080995826,0.6888554564823671,0.5110922227201853,0.32630564230283376,0.5002057908403799,0.12632046700888433,0.5293982827696216,0
0.436184,0.359453,0.0459965,0.26510883651887884,0.8358046263693871,0.02751709353455689,0.04769841786849638,0.8887459987124746,0.9165866737515794,0.4163933466220433,0.7490313331525805,0
0.184055,0.589104,0.948572,0.12207946713292528,0.5120657632124185,0.183118423598151,0.19039666298595215,0.5905897094906861,0.32945985849238724,0.9357963753790944,0.5711120822654244,0
0.147392,0.396369,0.0838662,0.7454602728887678,0.2980522215713012,0.04107418276753083,0.16673201325317966,0.9170519858180629,0.9998911237342197,0.5868055863197758,0.87753823921251,0
0.604934,0.78093,0.645916,0.22432111228068063,0.17783466472910048,0.2629655106568627,0.027351570049511276,0.8072303737015777,0.825785524832961,0.1330294520262687,0.14353493255629524,0
0.949273,0.527277,0.0126667,0.18175383276169899,0.5405027870926776,0.9936159626959922,0.5528616129406948,0.160823391646565,0.5429708382288466,0.37202110614404693,0.9942266461966894,0
0.676742,0.952727,0.120872,0.5892277876516702,0.6556638886788106,0.16133605665161255,0.3917776786179624,0.2358635879920159,0.24407735155562882,0.571196086998024,0.37540999138319986,0
0.206607,0.655818,0.904151,0.381466751608906,0.9336442560045313,0.47904261919574265,0.4660142092200259,0.702258792359625,0.3094459312704617,0.45522892154630135,0.40219090257761725,0
0.232372,0.266612,0.329733,0.40441825766519635,0.762134800794701,0.18505542596053048,0.9510458339743032,0.4337317384899616,0.5348800962104809,0.0779930987415971,0.015857670051158124,0
0.524732,0.996349,0.688612,0.09215373270893523,0.8486236778863667,0.43803178898355977,0.056643409398039135,0.7170149166376681,0.13677671955508408,0.22050500410952345,0.9162912967765344,0
0.55689,0.635588,0.285225,0.7635847090035685,0.7564406585089373,0.5701407765081778,0.7108549430825654,0.8844326544452823,0.30040377156463194,0.9281447215089089,0.9820628462466777,0
0.278443,0.524763,0.750561,0.062358869001740036,0.14072662057661467,0.9239439343859488,0.9388971326283009,0.2740716553620427,0.3699501072616701,0.5364537465584089,0.5164237320930922,0
0.544953,0.986095,0.263867,0.42288784379752864,0.9761009996711137,0.17222559713926833,0.052484039260385584,0.19365947398265104,0.6302363470076042,0.06612916062777363,0.10680211418230334,0
0.234822,0.0486862,0.738699,0.1114946369007157,0.6743480069865483,0.5801804708177439,0.8423120800317125,0.9429176125210538,0.38856341433054864,0.2791717926071352,0.9533201308314404,0
0.417393,0.888227,0.119108,0.9259765785017741,0.9025412441809813,0.8446408512080109,0.8045253881157443,0.2566771403962341,0.9969875741577607,0.6123217272201354,0.7184347000407179,0
0.811666,0.187962,0.994745,0.5617585885954224,0.7177586147409487,0.4051221412377949,0.08956467436625815,0.07055178014885344,0.6954747541142483,0.07168321778164566,0.7150500653623777,0
0.0994546,0.634081,0.858183,0.766928294318845,0.01710015605137849,0.7520106755578702,0.6658882344980104,0.6453261322146423,0.2158435781696746,0.05715302467344907,0.8366026890112926,0
0.143519,0.829397,0.273794,0.8531720033727682,0.6127752435455243,0.0083212791750773,0.498534287596072,0.518542107822834,0.1307490278709479,0.8009817184616833,0.3919548534045485,0
0.683783,0.714735,0.919476,0.5932657791395777,0.7397051246961075,0.44582523396862195,0.28905372998239787,0.8622345647361638,0.08703830474050223,0.26776093929762856,0.25554910673470355,0
0.254631,0.100641,0.548884,0.33000919582933674,0.4423233146629,0.30282027085038243,0.7834578546619159,0.32526067004668413,0.8312561062391923,0.23858160580176258,0.993528677154149,0
0.0603334,0.374622,0.169849,0.3259616674904783,0.8746434947745524,0.6085658610666147,0.027511016040310365,0.9421753882000777,0.6291408541942903,0.1161164465115746,0.7049707243062283,0
0.0636799,0.0150609,0.53159,0.6032471868040035,0.785979700459956,0.6658779027220931,0.2446588186310813,0.12318528838985676,0.3953257857214246,0.540201200074978,0.6686521664090205,0
0.321454,0.952622,0.890599,0.42346088067810694,0.5582907506630496,0.17686394867028976,0.09573729944035037,0.9115511025522055,0.19625738352007271,0.9724140029060251,0.3057757822582128,0
0.984261,0.837018,0.24001,0.7045271818028419,0.9931012935225887,0.31798919689079397,0.17247953302543806,0.15394177706888967,0.9823192444170752,0.8856735848500332,0.1405797489056445,0
0.68116,0.427907,0.197784,0.996203488447889,0.6463223705836663,0.22198168497008608,0.26817464814191294,0.7285490876165098,0.8682194560589624,0.2850417652696122,0.7721448828642297,0
0.823667,0.420888,0.516747,0.8782292934822742,0.5105243447730284,0.17488233249767093,0.16094764510543902,0.5072983737107122,0.6417802711931839,0.7577713902559489,0.4042466481345255,0
0.506673,0.846618,0.52906,0.11500913984826189,0.16292791074562352,0.32561857771999403,0.0019090608009855181,0.8089195884548072,0.5272955292824832,0.6135387112181915,0.24941621917636014,0
0.607611,0.0452785,0.599452,0.2936502998743318,0.633555381588243,0.28826306683446357,0.566497898420754,0.3437063331041549,0.4000870027962843,0.4798563041605747,0.4286625785506488,0
0.582586,0.490072,0.795914,0.1934616700918812,0.8775502645100423,0.7840673739423278,0.9484598907287235,0.7169091317428645,0.2721941415361192,0.7821403979543688,0.5449688247074408,0
0.0497712,0.711816,0.945069,0.181263826642045,0.6229268405931785,0.6223383338016151,0.45938824297425707,0.8827007052577982,0.7583736904587854,0.08833756881214239,0.9976111419815397,0
0.308036,0.11656,0.955299,0.027756792704228928,0.2033921370596844,0.11019647353435025,0.5705300680171984,0.0406019812575138,0.13688113355901677,0.8628707791352946,0.28061718514989886,0
0.338585,0.981856,0.905544,0.49149856708643147,0.8130091507734395,0.2981055321155647,0.2711293866297284,0.17416464635213535,0.6166509675172109,0.050043908970315854,0.49049734710518156,0
0.33072,0.766279,0.515651,0.06987997494363318,0.2685196496659292,0.6931863545205977,0.16344737645010898,0.022660761477636515,0.06280433891561465,0.8952148649869861,0.952612530749122,0
0.0209351,0.538946,0.0926731,0.19897471747534556,0.49310993454505214,0.21485209383606096,0.9919324703781901,0.5952540312588337,0.8874703069665311,0.8337446191078408,0.7280167235686782,0
0.22049,0.99442,0.900666,0.4500750764761051,0.7350346500615679,0.8173269371398304,0.7368479737472782,0.5383685605716059,0.32389554857012703,0.011824857311994674,0.48621820495553336,0
0.255393,0.902812,0.855111,0.5892450967057816,0.4467587883891374,0.5532412286244958,0.06025677972336019,0.7799128614440495,0.6513025157823848,0.15957939628498785,0.6235405151439277,0
0.246051,0.83566,0.706465,0.815872015000964,0.2080342671205997,0.5734563147885517,0.9313606786374325,0.08344437052349307,0.9848214742702222,0.9489579824517163,0.1715783221021947,0
0.328885,0.513246,0.773583,0.3515683588245937,0.6287607031249207,0.514468648850457,0.43300038122459406,0.7205824182989848,0.8046413084303614,0.6012651527103692,0.31759862529252614,0
0.590031,0.624297,0.44748,0.24296925785733514,0.20347166802756556,0.7811421443102763,0.5783971588965812,0.18999782077892435,0.7185267598310209,0.05534504091452197,0.82975286431299,0
0.677352,0.773102,0.272182,0.21976548675135432,0.30223459005850606,0.8344975553783864,0.11784891057444846,0.9413592423878002,0.13980883122397125,0.7440690605647565,0.8480955311677298,0
0.757046,0.926021,0.499391,0.8493778538715698,0.4828439493580797,0.6293569905177311,0.7683830721499096,0.21916000076690179,0.16121552316173626,0.48324588835057525,0.7736210085903524,0
0.689341,0.196398,0.16259,0.589196351135273,0.9535896875724402,0.4935315560168413,0.7869878176971742,0.07991012468079095,0.027471252334793972,0.9731897476469616,0.5332484176925049,0
0.877264,0.250606,0.952195,0.7008168341006853,0.3763682371825623,0.9197500172594715,0.10344016683244472,0.21072201626777154,0.5091745166195433,0.4834794811286375,0.35589883109730414,0
0.808215,0.676004,0.569128,0.5587303919068904,0.7553576904099327,0.9311851073409688,0.05943293788698556,0.5577646878307247,0.18451523476647935,0.6312918114770308,0.4401293024093882,0
0.822366,0.586114,0.529104,0.3904865929043545,0.01775253899866891,0.2161018502988037,0.2878347562914625,0.3586557154180693,0.10943751883126784,0.1440439447653945,0.0256413425846862,0
0.592465,0.274079,0.909006,0.5045689848332721,0.545460607651199,0.3984816035727068,0.5644625716927245,0.7736745810044975,0.14757022483526905,0.13593762645312324,0.3036871371913683,0
0.81751,0.167234,0.320291,0.06396675459753054,0.9178015110449365,0.013869356259678,0.6490542566163146,0.04336228867457881,0.6643374511215479,0.6831149977703204,0.7868283797853329,0
0.932159,0.747163,0.0188043,0.979696014150612,0.5477775425630966,0.850117968375411,0.441617618573523,0.7672494742190713,0.40093546550810244,0.7370557665101973,0.6282503358089042,0
0.646429,0.193258,0.744755,0.07644482715253009,0.307951441969449,0.7185245531508789,0.6524147760153146,0.7646543170951751,0.7494666647240156,0.05217101624286202,0.004823611428932173,0
0.581439,0.866774,0.424581,0.0642322670511728,0.454524435094381,0.4886918705196145,0.36665797057257954,0.5813223668769678,0.7961657661922612,0.45997699521602686,0.883984253731758,0
0.751192,0.851653,0.704779,0.0244234152713545,0.023581168979317946,0.4629417271503443,0.19421039178191557,0.5175153320966773,0.4973058273882376,0.009570726504860239,0.05739001035837066,0
0.432205,0.874668,0.27321,0.588314096291093,0.11095222868612631,0.3198347773493303,0.494365480156966,0.40433354366588015,0.5541371003212493,0.380165545663141,0.9340285167832135,0
0.816584,0.322628,0.669222,0.12586599471310167,0.3806013734080361,0.8979851866037865,0.31804830761140424,0.47892578252046814,0.8045267547223002,0.2586804655161322,0.19683998031570227,0
0.819712,0.411163,0.208484,0.5085928164088231,0.08574314376506975,0.6977369780495885,0.8945155438139326,0.5269800560902678,0.2615620144473949,0.9461721170843211,0.10907670087214716,0
0.300111,0.685084,0.0738605,0.03411651816735395,0.23233249753096863,0.4852546848718736,0.31508209207731497,0.5080669210297534,0.5266687356465356,0.30139962764956774,0.5090681458724267,0
0.452766,0.174311,0.456261,0.3671931450483482,0.4895117462036782,0.38764294376147,0.6968968398354822,0.6406918581732539,0.5772171285522744,0.991655931174453,0.7665390427535831,0
0.105353,0.189689,0.413535,0.023871977778379905,0.9842178423096537,0.7942012851082014,0.1027518903418646,0.0949042672156577,0.28917019000870636,0.5310452537851954,0.9734148142933152,0
0.497143,0.14197,0.036138,0.5282059290542763,0.4455721344148448,0.6444632504103609,0.19837563298845307,0.7699531502172001,0.019893475028990304,0.17432160981424172,0.021211828780495323,0
0.653726,0.269113,0.0398856,0.3267668866986394,0.658488049808111,0.2935885800517203,0.11815013447708944,0.06279825110235493,0.08437482472233004,0.4251176683646112,0.7007412432633666,0
0.231259,0.915526,0.781182,0.5789426768578917,0.01713583999925572,0.5657693653563701,0.19459283523174442,0.363124861416796,0.30519092558259286,0.832967642124355,0.09466159023714615,0
0.0636519,0.226449,0.48276,0.3788704091242555,0.769524047254948,0.6848768683803632,0.33262905447313507,0.8332511283954774,0.9834476891508298,0.8604024132963755,0.4292680571033999,0
0.264369,0.147301,0.0887078,0.2295517866920943,0.35736929514102933,0.8484697790371531,0.00034453599808115243,0.8404049208283086,0.5383665938477066,0.5308246183197575,0.4162395871421347,0
0.677655,0.431584,0.0107116,0.21651423452159724,0.12438958715901227,0.16906458807391078,0.9676395027950991,0.6395073837770925,0.14783865825548037,0.5012214117402302,0.04590044180610975,0
0.670643,0.10823,0.197096,0.6009372675638448,0.5095669166548443,0.6128729766939166,0.0021243172794933596,0.3420432537750443,0.06219132296273,0.8986021313257061,0.4577113959620639,0
0.533152,0.292111,0.438172,0.8179446889571473,0.5694954694950343,0.9009103183017737,0.5275368232173618,0.44596189444175494,0.776354206346805,0.2810380294632905,0.1977594796519221,0
0.739119,0.534506,0.0472246,0.9874116489826634,0.7095551214682715,0.6782110536386927,0.9934950612013715,0.1301029001079237,0.08738909939580519,0.3079416444409805,0.8212261666143478,0
0.959008,0.395301,0.562132,0.6368923533858692,0.6790982442097806,0.019539594286432815,0.6413168482395116,0.9785403383020774,0.3232344776979509,0.48594100831290177,0.2856054287486024,0
0.167106,0.00541112,0.489048,0.1861380200027345,0.6125317492526594,0.3611220111571448,0.5339518589818522,0.448752442916475,0.056979189754817416,0.8699233097751818,0.4449663558889251,0
0.727435,0.0855378,0.246571,0.46453588983679395,0.021233411838096572,0.16342475088059982,0.1272196487661429,0.8968488633251138,0.22460735961428901,0.6133954953680114,0.09424752677838677,0
0.648063,0.999601,0.590235,0.8899610694851277,0.43456771462500465,0.603168510855164,0.7752325767588005,0.4276764616991834,0.6384435680312236,0.3968305590464998,0.2428682200946657,0
0.526386,0.321587,0.929461,0.8575894307539099,0.3035075986632775,0.4201862644169343,0.24689203509356472,0.33595211494297783,0.40375078896181826,0.06219186557865586,0.6770532917713328,0
0.706095,0.894409,0.460027,0.20197265340532533,0.4129620983878798,0.39764530783537644,0.837404366061334,0.0011015393264619533,0.9845740355888783,0.42741633649088795,0.01780601409926874,0
0.268609,0.416163,0.261442,0.3179521000026204,0.8901403915939963,0.20381770728253212,0.18460525357198188,0.34878592291305166,0.7153368204522802,0.14661781424579856,0.8950008248610989,0
0.0376548,0.159621,0.996367,0.6921529727771082,0.2552010359442656,0.3877370613548071,0.8881740269294298,0.11721013369019173,0.19277814290992012,0.9742442057434803,0.8653897067664744,0
0.0150596,0.0811325,0.467582,0.7903293100241653,0.31518792880279145,0.2531587383589675,0.9134604698489098,0.7694649344261935,0.4682232940600072,0.8770553240581103,0.662907911969037,0
0.815888,0.47667,0.965791,0.09374206415086606,0.4605224646007412,0.7658157676729712,0.2006608245965651,0.8544770531962076,0.9455248204539359,0.9728155486375851,0.25092433122311075,0
0.761715,0.106482,0.274632,0.5542642487320937,0.3449715658961129,0.68942887317672,0.0687833228209942,0.9161641008086607,0.8438591742411682,0.41923125188990695,0.006226015103553584,0
0.376328,0.298812,0.902559,0.4845599823800957,0.5590494108542093,0.5168952241741178,0.20885260306617925,0.8324561901923777,0.04500152372190347,0.6158750546918895,0.6494852188859246,0
0.350144,0.924962,0.668764,0.20220516613236394,0.9399762740067502,0.3755788172936634,0.4803738763959198,0.43491387611753285,0.760585952479804,0.19497123744268074,0.2851315713361061,0
0.750968,0.0286192,0.291113,0.6908028189962085,0.33722958144612925,0.913932212993508,0.2342328663568548,0.5059751961710963,0.2781523568679829,0.04702296580516063,0.3503274044988862,0
0.183674,0.307318,0.65526,0.6344371300064172,0.7519315463274683,0.3602472717133881,0.775682199070267,0.8467088211978027,0.6001643014718459,0.49327775670509943,0.8293069434351724,0
0.181555,0.658341,0.0535341,0.049383177507480114,0.9769184847901202,0.5334241131977121,0.8531965907347854,0.9879471845423018,0.754013183798332,0.8337075544983374,0.2733875241748567,0
0.874879,0.991664,0.990105,0.3061208505559597,0.7011360378920203,0.9644940709765847,0.9601407933880247,0.3328061005762152,0.83258968924642,0.015344862280152638,0.3176297250846031,0
0.756624,0.224267,0.521656,0.4051070767247533,0.5607999379599816,0.15824685064596566,0.9630930270909367,0.19679191433932075,0.7643002214258426,0.5848313306808725,0.6841729397647294,0
0.643547,0.880245,0.880873,0.27347457599737024,0.3646933099998879,0.5860421934990697,0.9533651021571562,0.7691482900514175,0.4345066744453763,0.6470688307019972,0.5099507647947593,0
0.926465,0.32396,0.806435,0.92565353676838,0.03706313456321497,0.385294994014736,0.764888689709536,0.3356469608756645,0.7653085935563179,0.2705532785020779,0.16323674644684383,0
0.211456,0.790145,0.00818192,0.6983812998131435,0.11902181742799267,0.37823796327508863,0.19587289483125025,0.506288190510632,0.574430186660481,0.683549373081645,0.9072073644057608,0
0.0403809,0.73419,0.535345,0.7955520407510877,0.08419566811433021,0.15610674847059713,0.8556236011738529,0.3570588136878732,0.3763720916825877,0.35186744444565043,0.8539475519484502,0
0.320338,0.57299,0.562055,0.3082088886333323,0.7635717945419789,0.7828104535224653,0.44103182014977227,0.552697204649433,0.6358387465145471,0.4931287989754731,0.11349755410065188,0
0.533978,0.942446,0.543759,0.5747863227376243,0.8499482341831472,0.8366911224790051,0.9266358487086175,0.6378710254095338,0.6632366248117196,0.8513177104936557,0.22909224459935484,0
0.884173,0.921635,0.765021,0.174742922080508,0.039781730885629085,0.6424451878919663,0.6226129693356324,0.9426206244368031,0.134993737340794,0.38779812417265547,0.08188720252405568,0
0.102758,0.418508,0.101759,0.4024002461024303,0.8814237418042347,0.01517210814696357,0.517089283817401,0.7473658163396631,0.3897242517950754,0.5062973197968915,0.03907964660833785,0
0.534103,0.925561,0.58569,0.9746538597099237,0.12431046229524789,0.9208930703774932,0.4523427523354332,0.46749455812460994,0.6676856262986415,0.11337018124244913,0.9748468813808148,0
0.358113,0.528215,0.174541,0.5109583368332656,0.5830548448665602,0.45390457578955656,0.7939810877198008,0.1859123998343113,0.6506770524111316,0.669891120958144,0.35000558383202063,0
0.906908,0.0663078,0.121143,0.5885593926203305,0.6197898355577413,0.21170793834664847,0.13342133960541125,0.3033936374220465,0.5196491050298643,0.8650242856521498,0.35041299459403297,0
0.927117,0.448139,0.412849,0.10011386499690711,0.5844851165884976,0.2366445325451676,0.630248559509111,0.49931364209383156,0.46678112461085275,0.5631740911799186,0.8895873107162564,0
0.683314,0.999167,0.14533,0.9162118489404104,0.4889995811554688,0.5932041736880215,0.5930219925638103,0.355687065233635,0.8996683951210991,0.0898732015629986,0.5404037435594804,0
0.523283,0.155716,0.854401,0.20107862724234504,0.09555300670917455,0.7373119618100161,0.5564899414795806,0.614678999140067,0.6590528522658747,0.03870488587786336,0.8188454542640355,0
0.608718,0.358825,0.309565,0.37145463167177595,0.993061814637927,0.68786626629574,0.057369299645211425,0.4427026374715375,0.9890230626183681,0.4000214946519076,0.2654524164284141,0
0.622568,0.0354632,0.482818,0.5490587896249541,0.15101448188535316,0.9554590505471886,0.9009026509739855,0.037019999787744284,0.2931576560883984,0.5706815927417492,0.7277505864077978,0
0.960594,0.0277095,0.00324542,0.6932244537361476,0.4096741336830705,0.5855028163006415,0.9107788683518981,0.9445800980177831,0.6925002919487019,0.06562271313368051,0.9228438771130746,0
0.167957,0.317251,0.574884,0.2514616553377189,0.09492347865027662,0.4036469557826521,0.1523168102605179,0.7942117406136441,0.2978803211992963,0.3950378596923563,0.45108622769705276,0
0.0843829,0.647972,0.0573697,0.1562374117149108,0.08444586957958922,0.7012664240303212,0.8961764155725223,0.010905188330885607,0.8072778915873818,0.9342050938899494,0.262632076915822,0
0.991274,0.571215,0.043204,0.6557001219589581,0.5066969072264259,0.7349101299771356,0.9265106704899267,0.13695028728295722,0.021685643909189034,0.6774439230898313,0.4146903522593135,0
0.411509,0.223338,0.322926,0.9060170835041442,0.8233456245395167,0.18795532864973774,0.7084279242248459,0.2777113981876126,0.7023445692572535,0.9106267703685358,0.4690993185883091,0
0.0788099,0.653036,0.616646,0.18854166950597417,0.05281940074119429,0.2143605275571534,0.3652303761505381,0.10106340113002832,0.8219377881901673,0.5220253833751369,0.8577711829256444,0
0.874394,0.1973,0.773845,0.40227632479040065,0.6732431294724119,0.4570360007007159,0.6174456857024564,0.5693559247051487,0.3397557438980835,0.3248107218370576,0.46663931411702586,0
0.0475188,0.959102,0.349347,0.9875409270650731,0.7380861272131726,0.825903101560746,0.20015522463384616,0.3479038505372375,0.4799646948742299,0.5067264148113657,0.4797777162325825,0
0.645097,0.10312,0.230449,0.31370360190559055,0.47185253763168034,0.7852757839588685,0.10054533499089569,0.8120049666889222,0.18035782758362306,0.984151573064184,0.9672303435523059,0
0.449228,0.920484,0.143423,0.5894330787505507,0.1334518308586371,0.2762264922402431,0.5962102504070138,0.3267728942157725,0.07889735896864236,0.7309999543249105,0.3368139819137027,0
0.0366027,0.289573,0.608149,0.20065615382680813,0.9643712785226101,0.22747969408656332,0.14178474490037518,0.27219390253740294,0.2776543222790554,0.6227270906703899,0.5174051611977011,0
0.255446,0.345721,0.219335,0.5772816889829769,0.789466057186631,0.3696954284466678,0.9248870196060499,0.9392369344996994,0.16339776442500187,0.38312979351960996,0.17445010958783724,0
0.755379,0.582508,0.987205,0.6639214490703392,0.10337144411219212,0.8855827913340402,0.016698545630007722,0.4987749239685981,0.06813013915361288,0.5425690664389929,0.5117144144721576,0
0.830186,0.799982,0.658282,0.6491743619462531,0.9870578637030015,0.35427870818523877,0.9549451817149172,0.9674577115262732,0.9789338888876938,0.5436899747833172,0.3886790667345088,0
0.326716,0.0856106,0.163789,0.226973928782237,0.9411954611960055,0.8805701896844779,0.2733723171384259,0.015085366679367662,0.30758016281815104,0.41177240731474896,0.25373135628167987,0
0.539726,0.464783,0.39311,0.6300518295716521,0.6837510121138975,0.3025473055733119,0.5840398678821247,0.8711801712573165,0.6939972283874555,0.998484690586727,0.47301013449709917,0
0.232091,0.551677,0.286045,0.6217114224017997,0.8328561754180377,0.5715716358894141,0.5155817121661894,0.6347944854045708,0.1590188469564744,0.17290964974914458,0.8191944368155101,0
0.524658,0.0684084,0.233197,0.6035437550837964,0.2673769905505232,0.21836941128595477,0.49482031112916036,0.39293403777491787,0.5228715048833106,0.5047645745964162,0.9720746458393836,0
0.0861254,0.329815,0.377521,0.5865108765714486,0.7840410346837836,0.8721984211609493,0.6894228463188501,0.3406123338498941,0.5547268870746125,0.6941664809468042,0.8697037070104383,0
0.432169,0.577512,0.159239,0.6459378077618989,0.14239773157240476,0.6128637440575798,0.0788911913258048,0.44120089859524614,0.9483636383116493,0.5459702096293034,0.4349088501135917,0
0.585118,0.920959,0.890734,0.28150026494312386,0.9878311444664147,0.945179953812267,0.3768698789540008,0.4688828683973729,0.6090919258988198,0.8280447573008327,0.6719229150124294,0
0.706096,0.990151,0.54998,0.30136497965407927,0.5101532724902216,0.3498207640478347,0.07033546107835298,0.43765638454607825,0.6405382381826175,0.7958798080767606,0.9250185797454247,0
0.894245,0.946797,0.379198,0.2933229608509642,0.7487721529691634,0.44353698034005185,0.6523425333170089,0.47960837655355026,0.7129935383029468,0.7866824425735854,0.01860920068089056,0
0.880504,0.793187,0.11573,0.8168371798250208,0.7265880093584408,0.5264922323684428,0.41502177964528697,0.025303415050114464,0.5613595333021069,0.9542783057738854,0.7812862142389032,0
0.386219,0.00881001,0.219538,0.8834570802077395,0.4629982647980463,0.38394884693064,0.9781155258629113,0.014602458910301874,0.27392514208153396,0.22012835665013042,0.07216679074885046,0
0.898333,0.455859,0.906831,0.10568273338568945,0.5140583630189686,0.4258444617690633,0.10105246704711413,0.8245418897185198,0.6728555752546348,0.8580729725975946,0.021161420657692553,0
0.501329,0.826825,0.945967,0.7450988709467734,0.16460570808889874,0.9671291980889257,0.9361763248324826,0.3273019470772984,0.8086240451615854,0.6181979465508091,0.025745105130118406,0
0.705547,0.114862,0.85928,0.20119616124297746,0.03607758874813627,0.1316131071109945,0.29498294517404366,0.7673376140213719,0.27422697824751663,0.1659997935577161,0.6920990353547155,0
0.546227,0.326948,0.79426,0.7347011044616535,0.8209779136347138,0.8329364252751736,0.7640832219103626,0.26502499970020954,0.3504486991965212,0.1386614456772527,0.9997985321217103,0
0.354623,0.46606,0.611271,0.3158246786680109,0.8794049134627778,0.8577730144909106,0.6992865232961549,0.4170864212321518,0.6606862125043476,0.6112673830174167,0.2600834236487719,0
0.861518,0.727525,0.645359,0.506524852153563,0.7914710061632794,0.43696793913737575,0.7050774865309154,0.8898542303416912,0.19521738017492662,0.13082818015722042,0.05705714663610617,0
0.751564,0.266932,0.519232,0.29582699406426005,0.27650189750305065,0.382658135061097,0.48649196173647913,0.8845224209583009,0.6241460960754724,0.41540664818076845,0.5991636019862991,0
0.0452966,0.0783955,0.924704,0.6580679759113507,0.23664106681435948,0.05140276890197204,0.8632273608831622,0.056881737743158856,0.33970558289103836,0.37289574964571726,0.8191405807538014,0
0.517366,0.331386,0.117597,0.9817740714643264,0.310536609062638,0.06010812589825265,0.9161255719642937,0.07343991841487507,0.4352256338479401,0.5592561881798221,0.8974133126265631,0
0.751097,0.0349777,0.67038,0.20270287841767198,0.04381475277167646,0.6263757634010344,0.5074962213635322,0.2160507126981559,0.6444155081052317,0.19911068054707293,0.639434630402464,0
0.842937,0.536931,0.0370724,0.19047611257064034,0.9855786695392545,0.6297365784634015,0.5369494727592641,0.08114161714519874,0.8830540094261053,0.4143900735202022,0.688759967686892,0
0.464357,0.170888,0.935655,0.2614997671816158,0.9498498010644437,0.6204530313326966,0.3450621492068253,0.8682003630912739,0.14411845217122277,0.22392093230079801,0.24611415803565573,0
0.562112,0.311599,0.00509273,0.9817293718921544,0.3797572828319107,0.1794071763411531,0.386520483121788,0.3837585889020192,0.04885667933329452,0.6795784708827123,0.4297439279304579,0
0.922208,0.422958,0.245785,0.01001923328816956,0.16758742340782307,0.9189517688805696,0.6388071929579382,0.20306982906544224,0.09764076846582737,0.3337643815174993,0.016058851798959828,0
0.508714,0.989017,0.342935,0.2998562991364272,0.9503579635915124,0.5913801094723188,0.635659522245165,0.27860535874172265,0.3197178824218102,0.050719388315249025,0.2394841833332101,0
0.520773,0.0151874,0.451242,0.2640402446663618,0.38308437050263866,0.3829491962343974,0.5371992073966131,0.5385455271610041,0.5015366185179135,0.705967428491822,0.1748038642946449,0
0.948602,0.00701005,0.421286,0.5035505069795987,0.22020993070373818,0.1337482594022602,0.9479577057601926,0.3601591748069919,0.7567591800793351,0.2697592506413484,0.33227124785444473,0
0.61783,0.252899,0.915086,0.4932567656830802,0.9550419197506259,0.03816017313216713,0.33671486126310357,0.7050965742238648,0.4174879351485159,0.1580604229643121,0.2912462547242757,0
0.445243,0.388337,0.484954,0.6267811996299179,0.10422060458702487,0.06682703397581347,0.9388895804316448,0.591674375066821,0.9843639849725679,0.0899618287671703,0.4617803170175464,0
0.180424,0.439584,0.184174,0.5409159073928966,0.6780276894559265,0.5115127377914133,0.38611494085317566,0.8263837887219592,0.9130570317401844,0.7337438597563589,0.34926890690586165,0
0.571172,0.360039,0.0312152,0.749863897283931,0.3958299311374547,0.22611969984651026,0.17935698433568292,0.24170349606078523,0.36946730933104355,0.6793036436053635,0.6759775771363102,0
0.591998,0.881988,0.886497,0.5192670894343332,0.2530495930545642,0.2129049686185095,0.7512646212654335,0.8737818020726024,0.80663546562241,0.3818188747259085,0.4278218515866299,0
0.0950217,0.592921,0.947504,0.6662321092793662,0.17518658312390645,0.5235808886503828,0.3024936026038031,0.13798907689529738,0.8448737113567995,0.36644203089052274,0.10697771758617025,0
0.638879,0.431939,0.710653,0.8681680178331767,0.1304331601451164,0.48193683601096526,0.12631031858272612,0.893867726828298,0.6105804100795219,0.527996480883807,0.33459058435485767,0
0.158529,0.630508,0.276972,0.22107729439657553,0.8946427050107926,0.8701937676539729,0.9187190840976639,0.19331056596634855,0.9698924029314486,0.9223199642492365,0.952623728294399,0
0.244058,0.139552,0.353417,0.36168135348125674,0.5974125952256536,0.915333956730152,0.15729744920822142,0.2920009360855754,0.6083816564132482,0.46354545356187016,0.1195067178942163,0
0.875837,0.523901,0.956829,0.29694369115621533,0.05546390358198516,0.03427250051432018,0.13811850376625212,0.38339218585143386,0.7009774769275255,0.024796085349607422,0.9779262625914854,0
0.669858,0.201976,0.393803,0.34263762477918813,0.7522629862711173,0.5086792949544444,0.05475649435465335,0.050323401237625576,0.3930871190505858,0.21975313335358782,0.4455277527909418,0
0.890812,0.731302,0.929078,0.32120998021819946,0.13003379205974852,0.4998646592475261,0.6967909879999702,0.4665564587630988,0.15055951907550946,0.23803927414443016,0.799841057660602,0
0.713185,0.824167,0.538853,0.3084414834743354,0.1874417500060348,0.5666391569224389,0.2702249486355689,0.435294395749548,0.8117761325852674,0.7855763086278972,0.634370551028921,0
0.20619,0.788588,0.358084,0.46596482722454,0.8751783610511976,0.029908900633208835,0.480978100539988,0.07391352865272138,0.6339235200782357,0.8973253984549913,0.3990799435850534,0
0.210373,0.931579,0.918724,0.6531842568369749,0.10074667985792274,0.15347446739053994,0.020248283012933133,0.16257236264913777,0.04189115978934255,0.9923969734594581,0.32335613903093574,0
0.136389,0.203941,0.429303,0.43573347097873794,0.04716016149392266,0.5982348810916069,0.4014867573756382,0.736264898027466,0.3213838934805362,0.43803354317927456,0.833420439983515,0
0.58738,0.631419,0.417811,0.10035057996421792,0.9248796803801793,0.5298359581507985,0.5225031373907688,0.6619429942726767,0.21969913792538132,0.5065821696878277,0.5079872064235068,0
0.858309,0.698914,0.481664,0.5100498184622833,0.9768858372957742,0.5734057044042817,0.6839490999932403,0.7510463044753866,0.6880075932223526,0.45075490138764307,0.3205285218093691,0
0.0664312,0.101349,0.46261,0.3601002014241659,0.03029075254917124,0.21220764555298932,0.3896580200864268,0.9264239203426681,0.36428675840571934,0.19668927416446114,0.4143077481651293,0
0.852801,0.275696,0.41949,0.056369478114026705,0.4809216206097938,0.8423284845948344,0.6905212971986209,0.8353112395117491,0.4058742361543701,0.3166982647533987,0.8018723081253682,0
0.47934,0.895232,0.218309,0.591184085742026,0.34971925324344677,0.5216889610423846,0.2962445301852189,0.7158154568604946,0.18056609003557178,0.4490337699716225,0.16426061724342,0
0.505488,0.566688,0.358334,0.5649497974287464,0.5173894417431353,0.10999246885554126,0.2671406583757091,0.336450490037844,0.5141446415381201,0.46880777627885795,0.7066963065611926,0
0.805306,0.108749,0.907028,0.7226168313345954,0.5883490802424262,0.2330451563449859,0.44179579509432165,0.6405606547746685,0.5013123885985689,0.29906454021800677,0.6684920191093066,0
0.620926,0.567539,0.518293,0.8507187904408263,0.49842532134526174,0.8230663486924956,0.974463735083433,0.6029731803539732,0.5581089285839227,0.67861455741822,0.8916161149848675,0
0.00155889,0.598698,0.00862764,0.2364115070437769,0.3737854680514302,0.5959045064979808,0.25952523213455925,0.057979034726952206,0.17832040373946334,0.0472843052256845,0.5457276545687181,0
0.902194,0.455288,0.23616,0.9907128676596638,0.4775420893101935,0.8752833257072778,0.518137828158811,0.9512745959351419,0.27696419976989084,0.028597525257992418,0.42227408854057835,0
0.0714636,0.0473359,0.441955,0.17429732212408144,0.6627418990146372,0.7490148002424429,0.2009990226853433,0.15890530211681342,0.5622633435170548,0.8034029608707455,0.03247602437827035,0
0.798295,0.358511,0.852354,0.194901598285534,0.7355798245498677,0.19696735639572394,0.6136234505806071,0.7514881588253609,0.6026399250336216,0.9971728435278666,0.1436557623682877,0
0.448375,0.452343,0.860562,0.7868229514426512,0.4070513846761076,0.6043311594533274,0.8306467663283079,0.38979279765654906,0.6135036861150959,0.7369669905030077,0.6057903499968178,0
0.588876,0.885471,0.875809,0.2489893195804923,0.1163351766271683,0.28037327884587226,0.9717298180571364,0.7700412999377636,0.179969489086367,0.03350555558500323,0.8103203958725148,0
0.091441,0.627697,0.569655,0.47271648082606443,0.07315959797345095,0.5780120988711948,0.7912080598244811,0.16680318249974557,0.5610699510086347,0.09056299482067809,0.9048274538474952,0
0.68052,0.897097,0.934647,0.24279779874135854,0.9035194357098416,0.3019200024516856,0.9918529221519792,0.31846548123715,0.06844745841493782,0.34204040944385306,0.7187491851070007,0
0.74859,0.35205,0.197862,0.020003878369847183,0.7353241083941662,0.6150955753217364,0.2018274702680608,0.04902509509919095,0.30498482917461645,0.2986360605225574,0.7284916585992227,0
0.603517,0.612795,0.817167,0.9555096899582047,0.23868001799490768,0.2701866502287136,0.3680342850473205,0.5777807873931102,0.4788065033297245,0.21763620068756273,0.9138359764772557,0
0.183329,0.778089,0.720047,0.09892659567323081,0.7345762786585459,0.02353407563796983,0.3500420015464649,0.6778059812025493,0.745801349628831,0.02626129682438516,0.40201217284398083,0
0.377331,0.1709,0.184013,0.07300531850549019,0.048767148786144854,0.9803111857574357,0.6308020641711966,0.4373113340546425,0.30051642190399463,0.0715783059987577,0.13195930204372153,0
0.396148,0.103186,0.254406,0.27546455259509695,0.33641550125047104,0.9960723449789303,0.1291028136244795,0.624126223982777,0.5999888502794004,0.8069643521115256,0.8152212645497877,0
0.523068,0.470187,0.216525,0.09997247109283025,0.9313684318485849,0.4730639256812973,0.9254245904299464,0.06831563162539989,0.46084222106956085,0.010587319015899155,0.31997185894662583,0
0.870936,0.0649805,0.188901,0.1712757062824426,0.7638788740173422,0.6853662295715486,0.4109957031387147,0.21779117966565942,0.1267543553704482,0.9947011976481706,0.9512053348085473,0
0.854417,0.185948,0.0294801,0.7765061319411303,0.5435021621862366,0.2997874620469292,0.22294925058503234,0.9492520525971828,0.4759458308495176,0.7581970737928535,0.6151928406485706,0
0.177155,0.0538223,0.88366,0.9756758397248595,0.05766479766296295,0.6305491517133222,0.5650733772066673,0.7701256073188482,0.8603423848257559,0.20127071211736625,0.7118412728217018,0
0.473455,0.277082,0.931125,0.03180655279927336,0.5986505469592042,0.9033248326778627,0.8666307547420151,0.5878986940746568,0.1984815469523208,0.7207362282138507,0.31948992545171806,0
0.230001,0.678814,0.828787,0.4242461260895346,0.7078711305472614,0.1998460085506356,0.032237052545225464,0.283190296710099,0.8504632202918598,0.7572553362406012,0.5806564100604704,0
0.0112274,0.0971381,0.0830239,0.8442810840756921,0.3763213571215397,0.9551286548255836,0.6456780373545624,0.257462846791515,0.4779748011623376,0.28880164439726885,0.33312939082516113,0
0.590304,0.824824,0.882221,0.8169830117172842,0.7426648995156332,0.1700939314271228,0.4416973365869894,0.9388964963067433,0.4285328753234873,0.34308483754332286,0.13748293795269706,0
0.120055,0.00445574,0.992662,0.10805731109606531,0.3238055962584514,0.408335873261532,0.7894438583487043,0.6477441848577233,0.23671718914537243,0.6868634404701711,0.17421942603625473,0
0.419633,0.905612,0.204969,0.8093044749096868,0.597163893957943,0.3863757588794662,0.2764410413087629,0.8095662671033894,0.608576036509854,0.42344932714336947,0.05387625703521248,0
0.989573,0.199142,0.0968438,0.715283613313873,0.09415894290096372,0.7634116132823121,0.7469821987602805,0.5813450074427575,0.5697442240041087,0.536474079722529,0.6961930579286127,0
0.0773382,0.998811,0.165005,0.3646832685939846,0.3778294514910566,0.6706669635586345,0.22800792152698912,0.0762421778751986,0.5843905083937081,0.5326269399350624,0.8618992462335686,0
0.273591,0.222477,0.163356,0.8338720012136255,0.5457621044162771,0.8329841800983437,0.3676950502313001,0.8968572956434956,0.6961859117541382,0.8319843721119377,0.545619928283154,0
0.829014,0.177448,0.790966,0.11433950056090958,0.7331084272169942,0.2294016496581528,0.9621898121198442,0.9107559498388572,0.9754439431987668,0.8474823391027019,0.7374501960855169,0
0.104033,0.606872,0.257093,0.6595128761978416,0.22027925478796673,0.9931883483637076,0.7655552670777591,0.2110195003388725,0.5426659700089113,0.06958949898113409,0.008970392368609748,0
0.135309,0.758711,0.504368,0.22174533755117354,0.6425025246778432,0.9271163824514391,0.2866625377021511,0.6560421900006124,0.9891589415458182,0.5317723741683162,0.11319894936207742,0
0.67122,0.486148,0.842259,0.37897174404256206,0.7428018452178732,0.12064979695448386,0.6889575321793842,0.7239631471477707,0.2675402000190218,0.2848131701315333,0.9428284584948631,0
0.796774,0.500244,0.159736,0.052074037742461776,0.26433286919471743,0.12124796675001759,0.5685566351764285,0.3743249269417933,0.670729886207069,0.9574673031892402,0.19593550379352076,0
0.803085,0.49782,0.0758265,0.711984054574809,0.6872776408609413,0.23997206181232367,0.8027731259309562,0.6960571538063185,0.9582794154025029,0.6851356144290937,0.5167817182893844,0
0.339616,0.609492,0.613199,0.6456436927725044,0.9939178881221495,0.6801531805535138,0.3402873106678649,0.4502752347966581,0.8556002579973989,0.7006751859463858,0.2967063398869956,0
0.880199,0.797626,0.60427,0.8653517273719752,0.6499566851628218,0.17206735338343837,0.7540690716380639,0.38784503784173263,0.47133978913314367,0.06836975123425515,0.6248717807939291,0
0.634533,0.191562,0.136826,0.4088956651285429,0.9382589443479908,0.41018716688175705,0.2793558680820455,0.8569877365483742,0.9770351722389272,0.4424583658121295,0.5246303188328202,0
0.0940637,0.673182,0.606616,0.05292519179067556,0.1810532405844658,0.5267408860195096,0.036652181175717,0.8061740071418148,0.8023003606840118,0.512148504144116,0.628748061478838,0
0.454698,0.517526,0.402858,0.04423081618872626,0.940238489271473,0.6668391381114165,0.17906750086124035,0.8302322789829685,0.7240206968490971,0.6290066755185376,0.8849372037048543,0
0.642465,0.857234,0.26338,0.6485348268879261,0.2663805160261653,0.05671057052534567,0.6129668885750389,0.9965259810794203,0.880596497362642,0.7465680837390083,0.8520676586191624,0
0.450169,0.928666,0.0534571,0.0987398800771353,0.980444683674376,0.7565511784780655,0.8005124277634861,0.36211653910677666,0.41154345107310497,0.01833756085902505,0.7826923062988753,0
0.56448,0.335886,0.666027,0.4871029636322214,0.986846504682732,0.4283671997202463,0.6552810602496528,0.3951187167046577,0.4517121125441156,0.8741165399098282,0.4084735068723767,0
0.508058,0.839303,0.617695,0.28910051962594163,0.4366423688628276,0.13534221179646377,0.6377164737443273,0.7880545234125512,0.9776789426878163,0.48962538515620957,0.4816519278296507,0
0.462675,0.13578,0.692567,0.9982744246053461,0.7174495508697167,0.49733108487574107,0.22178830612619815,0.6405444903649613,0.9944465788661714,0.23804608158799634,0.9906993914446841,0
0.560361,0.472658,0.774633,0.7956774153518297,0.8602793987385721,0.13572308780307119,0.33188905539427604,0.16594508553717824,0.7538392022729966,0.289067795490359,0.3145400684641947,0
0.910188,0.843258,0.041709,0.2821561706803484,0.31065596256167927,0.5985670639044439,0.9973631998525522,0.022819943158490674,0.3731287997373336,0.7699348983735167,0.9292806999070768,0
0.735321,0.047508,0.372533,0.042567733032031874,0.21318177381417158,0.34906135722388465,0.02488830400919939,0.907829892635891,0.9983312676168203,0.7420276723382285,0.9386320853870135,0
0.828865,0.197737,0.0776025,0.20584285145196546,0.5741414934821883,0.009021133341858945,0.5516680042948942,0.2736998012370062,0.3691694527063909,0.31394451531936307,0.1792858460415434,0
0.692864,0.571344,0.205803,0.605496799226847,0.45120989619667407,0.6157920366882308,0.692188573842801,0.62046988363148,0.4837336291674025,5.441832000574465e-06,0.7317972232248923,0
0.12513,0.528911,0.516052,0.9021146810177167,0.7087503825827545,0.5967952715565785,0.8020075534492241,0.09203743539081621,0.5340532415446776,0.6562108291114145,0.07842199680540285,0
0.123341,0.494933,0.57861,0.8780425839203875,0.5392221248468976,0.28321371309162335,0.8274156600790021,0.4634560585616271,0.5051561267867914,0.4474922276670674,0.26856369489075116,0
0.242703,0.429118,0.687257,0.5726195753091703,0.08859149380644371,0.3026045326695085,0.7130849797494927,0.7253957826587476,0.6859928931899194,0.23005265017511933,0.8455597406527655,0
0.590538,0.284825,0.799358,0.7415926344622616,0.23700960229394596,0.452301702586827,0.7847386742585531,0.5201592202700059,0.02243402293409924,0.0904716128404347,0.7977593181686057,0
0.839916,0.808207,0.749801,0.502136104703601,0.8127223590804801,0.06189218367527416,0.2979835084583107,0.0299455834787129,0.09710171981245319,0.04594693192229515,0.5644129352997477,0
0.260943,0.766701,0.81458,0.22491956916133726,0.37225119055721123,0.40907475911920366,0.9360899217661914,0.3673180908390069,0.6500126137929103,0.1470319864972206,0.331567588491418,0
0.68317,0.798339,0.198841,0.8226633164951883,0.4950906955915785,0.6994482203830431,0.19803979877440359,0.3334932701357711,0.9507025413590413,0.15573738595660835,0.6790360268727194,0
0.472027,0.76593,0.908924,0.22259326479483976,0.6886925940691581,0.22761455365462313,0.8421498780836109,0.09788419565776585,0.7159849098195497,0.5225982323123829,0.8387786192616099,0
0.823797,0.786824,0.329233,0.42708079818204836,0.9336178008090935,0.07942605299141847,0.08510411302978726,0.6884530610777231,0.7498640772069017,0.014319123065979822,0.8371401032260897,0
0.900588,0.774691,0.906699,0.24362939076558976,0.15745862634196706,0.8863020781861204,0.10854663183615909,0.6375871297423256,0.5563858716621554,0.636131234951503,0.9890908195784248,0
0.300899,0.347746,0.700859,0.9696327050960039,0.07619268833734294,0.05894238725366685,0.9831510342814811,0.595893849798427,0.2798014702641851,0.24829739453679367,0.019056044634558233,0
0.3058,0.664334,0.0666801,0.185212807851715,0.27835587972193143,0.6798531072225666,0.5644224557325468,0.26677254022210495,0.7176854199831194,0.20283692097814332,0.6994940995720031,0
0.227472,0.632011,0.36982,0.28620094166913135,0.5437865849234911,0.9644373347840173,0.31891175213799183,0.07232924846384903,0.13639879218462592,0.2064711358273552,0.6840242942113033,0
0.00880533,0.845066,0.647556,0.7287680365210017,0.8195977075247428,0.4129530203215074,0.5773747556290922,0.2391362653695096,0.5586100339080782,0.5086750948159781,0.6454635532691849,0
0.967052,0.294332,0.513367,0.3488459861744013,0.9836523843831346,0.6662945696633987,0.5175748389844672,0.36106776159859577,0.9684972580101545,0.8696157819340291,0.4445534116645796,0
0.289287,0.219599,0.700259,0.6606652144254043,0.5040109859929665,0.5553527151491578,0.7004237879337669,0.5209431185071488,0.8861660755716073,0.4508652005616385,0.950358794971592,0
0.567857,0.487287,0.134101,0.4523916895704053,0.4483883217364433,0.3709785693135109,0.006895504713640199,0.5604536773531849,0.9502311925267836,0.792003477194774,0.6353451321414822,0
0.780205,0.0749563,0.573786,0.19673965609738575,0.8731005066532447,0.2319783842589569,0.8067216881309892,0.04379649094683813,0.8319573893035198,0.4489874650551128,0.5023796069114286,0
0.816664,0.349085,0.215367,0.7907933423457048,0.9479705621951353,0.8628000669794353,0.36910225700153965,0.8101638509247394,0.8236888971203686,0.9658614120584198,0.9924877714668588,0
0.864511,0.535011,0.946491,0.8715052107566243,0.8582452668764932,0.7762578701707435,0.40794046017758345,0.13411318157723906,0.4064760935349647,0.032678132180724684,0.2846746723022008,0
0.799912,0.70685,0.916685,0.3282416301431361,0.5552215453544428,0.7509471314342828,0.6999108265043678,0.8392572384030755,0.37556827733495635,0.8597410132888639,0.13080736801575077,0
0.672833,0.106645,0.20521,0.6472100923244916,0.47900222240026313,0.49501855052290056,0.05923436965686224,0.9369598071146104,0.04788835640910705,0.20134294292249122,0.9047581308193893,0
0.527303,0.755563,0.775549,0.5221870781758993,0.09074040914197612,0.5438077742187764,0.768764723621833,0.08828143572542846,0.29482311656838756,0.5183420955139191,0.7282012343324388,0
0.163982,0.860791,0.966624,0.4847765396448418,0.579139686204159,0.004994298562817412,0.9295626133463871,0.501076269594141,0.17700071483734936,0.06732829113170924,0.8013683614505605,0
0.628984,0.445748,0.589215,0.19609203788797447,0.039760671237708656,0.4906740980491894,0.26721667717375275,0.7229392109928762,0.6993780241573851,0.6977353738605873,0.832929901953884,0
0.726815,0.84028,0.332668,0.060093551830964875,0.8272534006258491,0.6701592832440547,0.9505815436897626,0.4927093284832369,0.8757930824315601,0.13099592648847225,0.7697717415315951,0
0.764644,0.632125,0.460593,0.29142171903278025,0.2427119419969156,0.26737340203181204,0.4109089149144499,0.4472511695326372,0.05968020038172972,0.19741642068939091,0.3376883480717733,0
0.880796,0.201358,0.100704,0.7345126215923289,0.5069328793823671,0.48057662131882517,0.231141139934804,0.3609473907669518,0.09679355966423353,0.02140821305557028,0.6552797629512427,0
0.767997,0.00301314,0.40628,0.5470167743680365,0.540102848831086,0.21612914284359197,0.5682171444988526,0.039071257476354426,0.7611822856009619,0.7053684320239132,0.026210444349960227,0
0.410926,0.116972,0.83823,0.5962955127601132,0.7962729110999109,0.1595031221001545,0.5970553216526633,0.8028166465889524,0.41518182274731497,0.15375240122537193,0.8846764954856253,0
0.871291,0.182631,0.491189,0.4222616692933415,0.0465935392431478,0.8120753554108809,0.14870212688487572,0.5892552740757283,0.15483941068566753,0.7672382438260409,0.4457772463700058,0
0.156725,0.545348,0.818616,0.6713519995136684,0.6642601124573336,0.6552131926221052,0.10920409194355396,0.3147486573398961,0.21794387829920558,0.044908967498638264,0.8209899387922346,0
0.400087,0.911032,0.0327599,0.7754668952330064,0.27961612743635433,0.19868987744361377,0.34686618568655225,0.5495056135098756,0.9003049075057086,0.608148622524488,0.39915101748717496,0
0.832045,0.925151,0.695179,0.9112878210576616,0.7141431612733166,0.8526550755402661,0.6123596848406266,0.18581475859815233,0.9399098802256873,0.6423898041038404,0.2558558772097763,0
0.447651,0.843566,0.961253,0.661690782816717,0.6281281251274698,0.9534758759413251,0.8621893603945268,0.844572597426639,0.58672468086339,0.2007045829325006,0.9255528375508034,0
0.440434,0.207166,0.404599,0.8664411040248119,0.4139957894878291,0.7895990226828506,0.48999176469477923,0.2790168142019187,0.09140042435772155,0.42060935729704596,0.8913505001701185,0
0.165882,0.276317,0.956257,0.8803770730850312,0.3655453288136833,0.5487974642653393,0.9543792519332496,0.9627492935926013,0.8893342444145431,0.7664345094003456,0.707967852868655,0
0.0913385,0.570705,0.578655,0.6195609380224161,0.7060372037147851,0.5620592073920131,0.18747808342368588,0.9745532476428116,0.9530405049429237,0.16741757532840607,0.6964622072807347,0
0.306752,0.259064,0.796508,0.5276318974510802,0.34901282820005775,0.5165117116304079,0.6581968252077264,0.08036602948594485,0.2554365848759116,0.14008762265302777,0.06751812475225061,0
0.190451,0.482271,0.745697,0.5762005877594801,0.18276081760888185,0.18186243344529052,0.23722057487561832,0.6262805420313137,0.7236860974807156,0.4701624191195455,0.6308818141456893,0
0.537052,0.781914,0.0468994,0.9092885313722813,0.9187257750892374,0.10970922187051968,0.3054122554400258,0.7282647496239321,0.5801799107266545,0.5621094298785005,0.2585592129073929,0
0.80132,0.596535,0.320623,0.4121282480370564,0.953588945898831,0.03127526762029775,0.12395108220555329,0.34779498471956505,0.1562344718726656,0.3287927256691432,0.7711780726634636,0
0.321094,0.339179,0.954673,0.3280863374196359,0.06617885344474894,0.9032052733344995,0.6604154879894316,0.13201804125462002,0.027689994392065098,0.1596332734331679,0.7985154656378082,0
0.386686,0.231958,0.249113,0.11632303819282441,0.9146662002507443,0.28875520536402666,0.43122734880031355,0.5319820669809189,0.6310036423880021,0.6754259268767944,0.47807572993322867,0
0.179859,0.584445,0.681979,0.8496572912666904,0.8932391840570229,0.9452600171370571,0.024561066915635532,0.3558144439732873,0.09704502084219191,0.5811101532616226,0.020940261267069715,0
0.634431,0.114938,0.961028,0.9548965278319632,0.03900568706792096,0.8443392138909048,0.001965623140458339,0.3402047881044056,0.8573918495463492,0.9245496833925054,0.6132273990939155,0
0.720627,0.452317,0.345654,0.7982207789937453,0.3812650349640868,0.2622546704321681,0.9705703956839735,0.2576607268697648,0.11519225071859962,0.743102972537925,0.6349538572626464,0
0.719575,0.413225,0.477324,0.11374870723820463,0.7330802985667918,0.5260082143948964,0.9916254146190596,0.5509519576153755,0.23766032649269908,0.20677115071514496,0.5259454809146449,0
0.554359,0.900489,0.585208,0.47021926445197904,0.1322906153187725,0.9061311723508978,0.2002980401881168,0.6264392856819978,0.594557983230644,0.4747490485547071,0.46762909442824474,0
0.273024,0.936191,0.623988,0.5424789323358257,0.596737870949679,0.8406781036533143,0.40821754481511807,0.14949010670501772,0.026226845130936982,0.012663034770315496,0.9196288401584068,0
0.357907,0.843712,0.245247,0.8793581447180019,0.518483780790348,0.11033868676995373,0.9376205991425842,0.10981802893076553,0.5083840154714163,0.8341284471747273,0.45681117383700975,0
0.993593,0.600925,0.42337,0.7556322383175107,0.7112017420574048,0.9996257082902563,0.1603115844987939,0.7065486085633421,0.6355684525684278,0.03158763774909745,0.4183804674791427,0
0.471227,0.745853,0.969607,0.49720476930861357,0.7597265192692094,0.626343024751122,0.3231118770715107,0.9573250228587201,0.7954748620352179,0.7401706589852293,0.5187227811496656,0
0.211104,0.232916,0.923486,0.24757408191468577,0.3335646703213836,0.31839978340487995,0.369366882269347,0.09941062115993038,0.416096797468161,0.9217727983473488,0.39668540346475034,0
0.599902,0.643389,0.193312,0.187096766614108,0.1922996624374772,0.6404336750764731,0.9214044689999691,0.6591244284148169,0.0757118934609392,0.14050249993900032,0.3375498687326257,0
0.205108,0.467659,0.734319,0.9555550484639282,0.37399582721060254,0.42732102110595604,0.4397189800067296,0.3241863018678375,0.010685637680533877,0.9799665631359095,0.31848732715080974,0
0.0578908,0.23223,0.208543,0.6354126441114634,0.03787300926891868,0.8903775767797542,0.2734923956683052,0.5454954582778138,0.7194412342270896,0.9035209214327129,0.838588597844946,0
0.63025,0.000394485,0.164329,0.6501255711773742,0.47229271008140306,0.9266445633106786,0.01793930071365235,0.7783266754556737,0.6885049440376005,0.23258681799100034,0.5800856528001509,0
0.715675,0.736513,0.394775,0.5202152010673512,0.03583604929434281,0.4875711107869962,0.26401127615505815,0.6164909531307224,0.7173676466399165,0.369410434005757,0.2909033463883367,0
0.223343,0.106059,0.582432,0.22349082582245083,0.9465582767861376,0.5597761574863335,0.1376619547423361,0.1279991442600309,0.9716330841688221,0.8996723360041903,0.036448388897130424,0
0.722035,0.250839,0.689773,0.9613763423582486,0.021893261957126264,0.697793867288112,0.6185168068386225,0.4959220300602911,0.9785916825144859,0.7330267543297472,0.5889998731000392,0
0.56804,0.770893,0.634827,0.7894912096643033,0.4070519949228436,0.2587031333023917,0.8497789482233885,0.893803059600458,0.5679967746535342,0.03980324388665968,0.7298157077232408,0
0.644564,0.39549,0.601313,0.43354547724873627,0.5473874393582694,0.9532177535217136,0.8774671472462628,0.9200802871600375,0.12822371724205406,0.17514285339718594,0.2309662607928269,0
0.354568,0.221806,0.157172,0.406699836016175,0.6832465240372814,0.5454806896293286,0.2501715023685638,0.8905445025914089,0.9370420054203145,0.946146907298206,0.22119532313196044,0
0.381245,0.790508,0.690573,0.10196913909913397,0.1670942618230581,0.5445382705318477,0.3795654814793117,0.4308131321601426,0.016582622827195914,0.1508493609679118,0.6365603086553379,0
0.0210695,0.662103,0.718459,0.48105834984697304,0.6333741444781202,0.44153908917730866,0.652868196639284,0.7215309058931771,0.9306377032802138,0.8291533716090684,0.5809092620944384,0
0.699072,0.917527,0.949601,0.08695473209358195,0.6511924002939493,0.9860920419504425,0.34845464529176995,0.5101717433562445,0.7298690045942275,0.5264099925053136,0.5523499339934655,0
0.937215,0.177046,0.954668,0.9995537664926873,0.4856241590446234,0.7740925300543666,0.11726059324405946,0.5318866548581914,0.10821658633509845,0.8828942828167001,0.07209561373749951,0
0.824802,0.604134,0.615484,0.8692678504564794,0.02491876139048821,0.07766944898341732,0.9879874309308199,0.013307025690151408,0.7258350019116427,0.8234080975386984,0.834772204294479,0
0.602396,0.117623,0.110183,0.4701426261356746,0.5221050425392193,0.2809384013151852,0.46441788782178595,0.9874614998281899,0.11037916987860019,0.20455049599614505,0.6030851909537165,0
0.288512,0.746624,0.609308,0.3054962995218803,0.6894788112799248,0.8142040458492511,0.40504473968973653,0.09691231611022555,0.5725264754068392,0.26082995105987594,0.8215528062223076,0
0.680249,0.815068,0.644292,0.0018838880108401623,0.04670964241968267,0.5957649451205456,0.29545366251343774,0.24974336987179546,0.4432698367147594,0.09680444746354433,0.42177145979169484,0
0.443661,0.304923,0.188717,0.13468469519441595,0.9441742648962026,0.21574588315434773,0.9839772083099806,0.6258007151369284,0.49853022724006424,0.044775600667202764,0.34395057399443996,0
0.202636,0.596696,0.883519,0.588242209292257,0.9583495089936912,0.3770087741619631,0.6631401186538027,0.42905722235706956,0.5529133328513731,0.8886803226079776,0.8775761454018094,0
0.960964,0.279653,0.675925,0.544391160036617,0.5754430646472687,0.13608493294317703,0.7892159345167533,0.024121732372792692,0.8444360364351818,0.9950042498304512,0.022107137565221757,0
0.696147,1.97e-05,0.436277,0.8827372419278634,0.724717810688449,0.6527203366727524,0.01055289646077262,0.8399787239206189,0.9806745375657412,0.15025398517680288,0.2962689667342713,0
0.298465,0.141809,0.726831,0.5321211595675526,0.3287669323540081,0.690516698556838,0.5132434906367045,0.5884431336270525,0.368564012809791,0.26738350912892306,0.08292376572987181,0
0.504886,0.941472,0.588302,0.5220553575838084,0.3974887706397173,0.2835751874480378,0.20139467157213775,0.0066948812001622615,0.3359771839898211,0.2956364982326166,0.0891480413219834,0
0.628924,0.0290969,0.0894499,0.23764706826731707,0.7268887018592826,0.008731936695166587,0.6846314247656256,0.8680791768044528,0.017550248515249667,0.9792228306432532,0.5533881055384717,0
0.117869,0.0212115,0.623242,0.261697181619877,0.09080352053319352,0.6714649368218155,0.47569672666131413,0.42098529567327037,0.4736814553693117,0.9915852927291895,0.04119969686327951,0
0.16813,0.868157,0.329605,0.7755125864644293,0.1699983372174163,0.7242169829217707,0.8607398367308203,0.4089468708185008,0.6114850685652605,0.21346959887552575,0.9624425223703048,0
0.567618,0.377333,0.584278,0.8140422914810945,0.05358919743319546,0.23286048565034434,0.40360083021547355,0.2375546099677064,0.6103522607479986,0.032230063911703466,0.11836721728570387,0
0.55443,0.228465,0.513984,0.010996243719017529,0.9677412070022225,0.4555462109330485,0.28695458160178033,0.7245074109990873,0.11726868993411521,0.5007371748784425,0.26393903000760244,0
0.147383,0.960615,0.557442,0.071410402494272,0.3712167961694113,0.7925068819621237,0.09913272985989541,0.771113194351447,0.7694838346351232,0.9829462241963027,0.15249642160406252,0
0.64267,0.022565,0.222811,0.7759460043627556,0.6842215660437474,0.36955405431100796,0.9078042752626445,0.09287478934860105,0.3157255080763678,0.5537666333833555,0.725519336176598,0
0.330229,0.754428,0.84753,0.8590061355732833,0.32767427565389584,0.7555023945841169,0.23186935623630378,0.007406331929261656,0.41607977996624534,0.3809626502171324,0.4837040791807552,0
0.667828,0.680902,0.853659,0.08636060915100796,0.18195315193435246,0.1850077684140985,0.3677152918745754,0.13018034920276766,0.29861537493424617,0.4651752289070522,0.6909076154149388,0
0.229873,0.934489,0.411786,0.26566122950740345,0.5706251176059959,0.7564549695549824,0.475768895666954,0.37735680054788756,0.9025041531988287,0.7855369325903644,0.3085755223702802,0
0.787555,0.125168,0.930193,0.12113835477034496,0.3473130704111659,0.4396871899928054,0.8405870713319322,0.9635094702868523,0.9490971311621254,0.5051930869019086,0.17606897701833613,0
0.298368,0.119595,0.986944,0.5178090293155619,0.5900745369346531,0.25172530025702,0.8100449339858972,0.698648058238274,0.5485066677254812,0.7669841414101533,0.688457715558242,0
0.835678,0.449093,0.169751,0.37536214376369503,0.41780331281828387,0.10297819018990384,0.16672287220951598,0.33437866565544805,0.8780931084464316,0.21502131814219871,0.9589062265792478,0
0.447715,0.784832,0.985242,0.4301888887196098,0.9793424704290539,0.035329758231608666,0.016650955095780295,0.9660739013147616,0.36756080005225733,0.057089215081551625,0.17976014018009823,0
0.441183,0.344406,0.916958,0.9181099161590098,0.8426051081949802,0.16010080248551073,0.7241066708550492,0.049325492813007576,0.6539281270017675,0.7536859041631804,0.10213333007281244,0
0.737743,0.405251,0.935436,0.1302207423228694,0.6317101771714495,0.5058068285631405,0.43591898980058996,0.21228612187978502,0.6914290659760027,0.4781499985346145,0.5210754502911562,0
0.391739,0.319563,0.199415,0.0613728723845689,0.25225531564281756,0.9054636339543786,0.3697749545594289,0.6044681751758616,0.36381015992471766,0.9531955862302737,0.8256873153006585,0
0.893622,0.412273,0.803123,0.5310519963476161,0.8088697213724279,0.17619212377647453,0.1077132610183621,0.4949907591172886,0.5105462120934786,0.4456684034158581,0.5951765178825887,0
0.824808,0.991378,0.666549,0.6733692106254843,0.7923627031775252,0.20873006215693046,0.6784548716229709,0.8302978330646203,0.6655643055311379,0.10483546904308405,0.8614591269910187,0
0.024884,0.557457,0.04102,0.11511508966490258,0.19265507755743827,0.7322351350836062,0.38823851254434316,0.4615348779404359,0.07068262175238005,0.30052757831850363,0.6592460944359185,0
0.324281,0.222607,0.939586,0.520262175554924,0.3532044140106798,0.5365135438092913,0.7641490200133295,0.03625090357258731,0.6958178941619129,0.7967483405273481,0.558117593702748,0
0.721707,0.967017,0.252875,0.5033472833830829,0.13208089923629884,0.6158075239415681,0.5217256371485094,0.4413868421465904,0.4837040781615005,0.8037280236826214,0.4673972712142169,0
0.0925528,0.182447,0.268731,0.7527211161111425,0.09326817416948496,0.753678939130232,0.06979386357313455,0.8090531949252499,0.9264018527225858,0.2285539053002681,0.47827884493107886,0
0.87237,0.905803,0.178623,0.9694386154669532,0.8927090419020454,0.32820242243352715,0.6093921882191056,0.719151735051821,0.9985958064600051,0.37627146255907984,0.9859516779133974,0
0.0560298,0.49847,0.0661765,0.28996647173558665,0.22785393412441424,0.9606477836283903,0.9924647711180956,0.583981828518944,0.8570142156571381,0.6068100197400279,0.8360170010580379,0
0.344435,0.615957,0.330955,0.29769732575934826,0.4457768568304753,0.6058720356702021,0.19253212196305103,0.6659091278349638,0.45619540547427306,0.6289006152024054,0.47153201657033406,0
0.459304,0.403137,0.811827,0.3259067984934042,0.6352032598585774,0.19906657078482826,0.8845392307430562,0.18383459362520094,0.11945845147166223,0.3336160515439005,0.9646442366362256,0
0.63706,0.843781,0.184214,0.34840442492318613,0.7974686732143909,0.2541358980159565,0.46883634020730125,0.5775274848334985,0.9375005037790648,0.08293298372311686,0.37941553021671537,0
0.452321,0.0405272,0.508777,0.20827338536126327,0.7868664249756709,0.7743152850569365,0.7237422204098004,0.017602623617827273,0.9778540181636026,0.8187304079654075,0.5301152420641738,0
0.194881,0.508884,0.272885,0.19464743182465516,0.4158395032792772,0.015481246129310233,0.14074996736148215,0.5387358360174209,0.8163617585930598,0.6275431510588453,0.0061921119159019655,0
0.0823092,0.782087,0.596514,0.6702780310976315,0.08052119215362008,0.2882072101069487,0.8409411005779502,0.3408588108312657,0.9363645027531855,0.03048291279803128,0.8351334722267029,0
0.927749,0.765077,0.824636,0.7716848270211389,0.11923194727612518,0.03199061286134863,0.5558935504568926,0.6233089046831463,0.2340830015613592,0.8529376693390843,0.06295599972086074,0
0.100268,0.558858,0.729398,0.09316994621544217,0.673767977186613,0.9988386403027822,0.2036526517489995,0.7160158647062358,0.2683962743726075,0.7696909519330668,0.2743688554630369,0
0.00691877,0.910839,0.335105,0.4147560797119242,0.6834009394585407,0.5494859270237001,0.22754527655537793,0.9912587507344067,0.7383602582241825,0.8495881827615738,0.7260036519275095,0
0.388223,0.214053,0.19332,0.8463107867849686,0.2702437060290591,0.4697843350775711,0.573163345486393,0.5488123274633864,0.2760134651681957,0.06338392898864031,0.534763208839888,0
0.0198648,0.748381,0.652621,0.2988949958870045,0.04046418489781767,0.7755021909409333,0.9798474659284406,0.28996665192435533,0.8573744353541094,0.3839254480917005,0.19732218168806603,0
0.67802,0.056128,0.0791683,0.28896684455309385,0.9025928968571613,0.4795016666495261,0.8214193457475187,0.7608359679008028,0.1196842340785299,0.9794874874420094,0.3548492944767291,0
0.377214,0.646763,0.904028,0.18863369305444244,0.7844340831229475,0.4693833568447541,0.2613821885983797,0.15324917993991016,0.6238179959106689,0.6939134795004401,0.5365508811035189,0
0.715845,0.173981,0.0307914,0.8808867633344325,0.2425727782465108,0.5773705849524211,0.11931839168803937,0.3957950012704037,0.36801007144487086,0.9340624387551899,0.9401363904413456,0
0.847957,0.244718,0.24695,0.12735954079168998,0.7514080118328497,0.15994213831424553,0.4045498212958014,0.3576237102992673,0.5619040734935628,0.1994168094224622,0.7946498804097112,0
0.399092,0.827551,0.682738,0.5307640136171554,0.1866319069975827,0.03415613544874818,0.014505403144371876,0.005955943990418766,0.9334401232960475,0.2928246967489465,0.6992681758747943,0
0.705263,0.0234036,0.957146,0.3740064688702447,0.3277874169978072,0.16617026286118997,0.8038162775631742,0.6287689293384433,0.1311672148335249,0.5798402959373945,0.6508356107502349,0
0.154747,0.0549445,0.765539,0.33702725329297967,0.9669834820277454,0.4839119061795131,0.6263624278950944,0.46653758047775173,0.5023267441105133,0.4151205912567736,0.24035325681880215,0
0.442006,0.275374,0.339399,0.3279160296121362,0.19520641735857613,0.8210371675239838,0.8986688008444456,0.7732673049785455,0.5892402914454804,0.08275404176347523,0.5518032287704485,0
0.70209,0.0449881,0.26407,0.8006070023662977,0.765596716902112,0.37554495351018136,0.7403919986244454,0.7866114544814595,0.8161080708401163,0.9259367054903599,0.4981178884375752,0
0.501364,0.116383,0.397063,0.12742849038077042,0.9884873785786128,0.1328806802082646,0.5130601963988523,0.8264844256829471,0.15219253566242308,0.5810341699388075,0.2568266728070907,0
0.204785,0.103251,0.497513,0.8841384672003241,0.8976068045890825,0.2977557676546593,0.6470068437461682,0.8821284553717905,0.375886611156923,0.7244256630875253,0.10991401372380682,0
0.883348,0.65783,0.316907,0.14038888297002372,0.42719371875662926,0.13166666958738882,0.006971905539276291,0.235936262143285,0.5078872183916838,0.25672807357059935,0.6450588047014223,0
0.0502337,0.0912024,0.0514642,0.45367943010605594,0.5448186709059727,0.7222863322721491,0.7559120470492687,0.8398444590873995,0.3566875792192139,0.3749604240274099,0.6274344474720663,0
0.594141,0.710831,0.548086,0.012332305758468998,0.06590632806419061,0.6674533529743395,0.0742230560888173,0.3502271493609267,0.3937590661121739,0.6160118801271861,0.01918146565403611,0
0.248714,0.772943,0.662059,0.5836738917979344,0.5271262974160942,0.48087170390542167,0.03740374398219304,0.23191520659474696,0.2972998614361264,0.41715338122849976,0.5552874643240964,0
0.134311,0.0388793,0.239852,0.393310288568802,0.2647304310622598,0.7510875566017242,0.15430741833108041,0.45103995134047137,0.03431204832344403,0.3511734671064346,0.2532228400529356,0
0.506515,0.0247843,0.740414,0.12490387443810602,0.001725840686935598,0.7742031804921305,0.2285699884664626,0.2522112092068407,0.26168487222836434,0.23168402404095723,0.636039775653797,0
0.34293,0.595281,0.944161,0.410818344463425,0.8912777461149549,0.3433872779143152,0.13439236698638535,0.19059017262495515,0.3383432273453385,0.7015714796958311,0.8211582152719756,0
0.942013,0.38508,0.471851,0.48482920892410974,0.7152851391994495,0.676600574751205,0.29781765730319887,0.9082315059389344,0.799002504960751,0.4061615334295542,0.49172216405941893,0
0.318447,0.00962288,0.313033,0.8993319956983555,0.039989155198132176,0.4105658930437416,0.2027632062763426,0.7047795747060803,0.12310824333979842,0.09924060726074635,0.4981698092210223,0
0.617166,0.802211,0.541153,0.7465801698770655,0.7026032699120405,0.12626934470543782,0.34295727283644273,0.05329693762524579,0.788525511406373,0.6136880423068866,0.3352518447304962,0
0.496582,0.27281,0.666418,0.7030406953450392,0.14133953484600514,0.9212547440220826,0.16703891791166958,0.23224002151341938,0.008361068728476084,0.9360874253457141,0.12484199131660212,0
0.086829,0.956955,0.273487,0.17429765254245277,0.5913752253873422,0.46184546439720464,0.9383026316946532,0.6632912466633035,0.7644020425560458,0.16121463970593986,0.25591714833593093,0
0.243459,0.0223065,0.209358,0.6956497850807056,0.4102383926745793,0.7091570475243774,0.7192765081694803,0.44947811273030536,0.5314792781800933,0.02522122667997906,0.5587288575984486,0
0.635636,0.505608,0.668622,0.2523413628825505,0.09632850340885968,0.2828826977762834,0.8058080315338831,0.4569291721705516,0.7502166126428289,0.9883970519603169,0.9173644055059275,0
0.566627,0.272527,0.799809,0.914994207230511,0.6443601646288906,0.6769472448310743,0.1190700739578533,0.9088157304714317,0.033353578223660585,0.6274868471983231,0.47946162320007824,0
0.711659,0.612318,0.411492,0.9459983819871441,0.35532703846081237,0.2258820743823271,0.8313335034828708,0.5756316614000957,0.0076196706046673945,0.003066529842158716,0.8966665336948915,0
0.636165,0.92396,0.598565,0.34004301441377216,0.23078768232890468,0.4370141657178538,0.7220498521610427,0.383199926626816,0.8645421139955156,0.4080275583071792,0.6682331923347425,0
0.67837,0.839649,0.555709,0.8270661923805922,0.6470235124454188,0.2412354940754755,0.3638278378807799,0.5644019893441194,0.38945100361036333,0.45246889965731407,0.4205335080647904,0
0.273669,0.029628,0.884884,0.25306416062584236,0.3444897385369473,0.6099619877943862,0.22519357550956787,0.33667149975854627,0.4392970561587989,0.7755744261502062,0.6593433509910769,0
0.250092,0.0419769,0.802189,0.8847871329044829,0.569894678331101,0.7202800753853996,0.022600118298764516,0.1854240926871178,0.5273337133508228,0.5225909467028914,0.21671036327596416,0
0.839868,0.601296,0.0427477,0.7870714899947759,0.6892913123592798,0.8541277837999558,0.2896879109975855,0.9733301200412952,0.9487688500337186,0.861338178523543,0.10231519042064696,0
0.558397,0.507129,0.379911,0.12827518429896734,0.32619944349051233,0.8835431848036848,0.5376563799864013,0.13651829402721782,0.6077544507063629,0.6248532855901715,0.015778719798753893,0
0.852621,0.023745,0.527975,0.8785076299258954,0.8803554882586747,0.8634754874636501,0.1468626698881318,0.6772376340473495,0.6689056480474869,0.1068611806943014,0.6844094068799593,0
0.460241,0.54796,0.666314,0.4784841120054075,0.8733787689303075,0.38776226726957475,0.7928787548494916,0.708541931136692,0.7170616125046653,0.9350469234700175,0.4918128772673773,0
0.672602,0.914128,0.252074,0.5391009660921613,0.4355308449551324,0.46094947180163226,0.6821698789157064,0.4897707866875223,0.11313991780032062,0.22249479781739478,0.36906804951431416,0
0.688575,0.860446,0.717315,0.1370910293778843,0.4822166427855099,0.17230973170342512,0.37107859160961565,0.2857444611287897,0.8850906369703803,0.5840684622992953,0.037286430195020426,0
0.383135,0.403232,0.00809581,0.3256330220253998,0.21115884856802336,0.7191544611733786,0.418981211592642,0.6431232526754644,0.4105525640356391,0.5044432120057857,0.39707754623219405,0
0.0953519,0.563914,0.866512,0.865894196655771,0.31165968613905204,0.438309408165541,0.8008826754223564,0.2395570820015508,0.7730456690893993,0.7129187611075711,0.9661667996950064,0
0.995451,0.93407,0.759769,0.15729183185654871,0.9679912744970158,0.11031853124108393,0.7110235174748727,0.12115620128410698,0.9502433552100921,0.4612853512143297,0.6960661481889677,0
0.0882679,0.98772,0.788774,0.3850340477191445,0.10640953915299434,0.7842889805623513,0.3477902867804874,0.7332737770079001,0.6404898800946572,0.4959580494010244,0.5058979979331825,0
0.261368,0.416518,0.860988,0.23994033040918783,0.3694793210570352,0.26405941088861606,0.34661912834480524,0.8547186694239979,0.43816549123363724,0.03082363576052982,0.4377512217482037,0
0.103791,0.536319,0.267747,0.7807563513699489,0.4517390989726917,0.9853781866812681,0.06697645317299572,0.25059385982498783,0.9799849218624238,0.2372472885562572,0.0732512386463966,0
0.950542,0.63915,0.883948,0.9353194810894014,0.6939025771762485,0.2581351896946662,0.9960334257658854,0.5141307270174873,0.29971766230326546,0.702632467869612,0.9070125164461125,0
0.529383,0.331739,0.588362,0.7975964829754277,0.46317873121580677,0.5902265426682964,0.4411719879864636,0.8162066036274958,0.44480273033426965,0.6130750193410782,0.9701081605030221,0
0.909904,0.469393,0.0307017,0.8889108912424803,0.6982916295752879,0.5829720542246167,0.6092298072215927,0.5999213203062976,0.3199362644874161,0.21304826844210167,0.8317143164534062,0
0.0659082,0.309353,0.0680348,0.8183394984444461,0.1859863373529631,0.09050700302236725,0.9854588743042824,0.5298477255417132,0.24465191474896564,0.8849823842592164,0.790256901174856,0
0.127623,0.0152829,0.450972,0.3661815330950676,0.521205752687319,0.031746715882701726,0.520873488890053,0.31186877414739045,0.41500035637850763,0.3878713688560793,0.5167740117247578,0
0.693831,0.183183,0.415115,0.9584817443878217,0.674514509455226,0.6881283315537425,0.4567816706985782,0.8605983169134364,0.764541017386372,0.9046483748976644,0.8411921671266209,0
0.593155,0.737045,0.429984,0.43859983635350597,0.59981913734553,0.6248238946201923,0.424994299578205,0.5327551847432211,0.3615206415734128,0.045185097887479375,0.045033385935617565,0
0.663153,0.861466,0.326273,0.18585570946012586,0.8138858039972967,0.8935990122099777,0.7058354406144223,0.731275981314595,0.6181173646587231,0.2180822800673231,0.5098248358325744,0
0.357243,0.838734,0.0130997,0.7021281224138392,0.12970192521570834,0.7765566753606487,0.057106619170391726,0.1549187059557745,0.31383028591556406,0.07483532161965145,0.3404171998342469,0
0.717502,0.23472,0.931477,0.07805106555753871,0.3514309890045363,0.40284953191853834,0.3244298127296976,0.6627135719271647,0.5045457704653279,0.767342852678745,0.9819388392109101,0
0.0713591,0.799309,0.237061,0.4128705923699296,0.8093475743928441,0.4514356980121189,0.08160441283776143,0.6363651949510793,0.5196222360692717,0.18801307464388428,0.8705445112166964,0
0.70284,0.37139,0.994966,0.23267669942576585,0.2747148297186285,0.39069617249844457,0.8760222503953403,0.17116447568403736,0.35068471662768974,0.729272320494523,0.23771059487332258,0
0.830362,0.85064,0.10182,0.4438447197940434,0.7223510696647683,0.5065681613491787,0.1445474311950049,0.5291861243013678,0.8772181793442693,0.03569613325473375,0.818807665041637,0
0.108198,0.549027,0.796054,0.1395427444369406,0.363606600484622,0.05768802397675399,0.4004129092158788,0.06301952024086444,0.21109743610563025,0.8333817913670514,0.6923950922840318,0
0.890128,0.413519,0.244941,0.7492640726902711,0.7724698370103592,0.4875206444171377,0.5332539086176628,0.41051746392190314,0.13653153737011903,0.17039449439166487,0.772341743472085,0
0.805812,0.16996,0.809538,0.0626203687367678,0.04472637118782541,0.6420577996277752,0.1286583155536194,0.6097406122369915,0.37309325971552376,0.6238939183826091,0.09853252336483465,0
0.653439,0.160442,0.613599,0.007858692296422443,0.274360591128038,0.9542102622692374,0.6222403716341253,0.10067409134433325,0.17267929740238896,0.01739498382941973,0.4232259485017259,0
0.0484005,0.173467,0.348704,0.13885592085419707,0.884846723582507,0.40115397982467593,0.7652397297504432,0.7057050105232724,0.9642211221148266,0.6159936549744933,0.2232445130377253,0
0.513587,0.0779105,0.25844,0.45100032463109296,0.42889430731249445,0.4575896961551841,0.7990668469168631,0.4009183506248579,0.18144257544588083,0.6230313947385977,0.4750637706373324,0
0.504247,0.482927,0.913124,0.3526481259273252,0.5077006419822828,0.7972108928704095,0.7911162033924374,0.8740304466432867,0.0040479237807026225,0.9981066784759448,0.22032336214680992,0
0.28126,0.339385,0.470085,0.13090927352875326,0.2873261207368929,0.6495514712959668,0.4821407099898082,0.26593598395714335,0.5944521462484014,0.8036050907822371,0.8454238803568542,0
0.93938,0.540271,0.431642,0.043791583603749906,0.13950221144580655,0.6461626028839587,0.3110607937761479,0.20024913962126534,0.2949625201924384,0.903187891340148,0.003330733153440013,0
0.713971,0.615001,0.264238,0.08668971551491722,0.2476655050957992,0.19534686487384822,0.5819209900936723,0.29256126336945076,0.6472445306311564,0.924080513465576,0.9402777390883305,0
0.627464,0.857127,0.236161,0.5148786795609974,0.4649507407747202,0.539643542679227,0.36225816288956314,0.27622289488932306,0.18467036402175263,0.08450782208543595,0.9700033517565492,0
0.96549,0.0819394,0.770054,0.9652736340093099,0.9054578058134792,0.6433986619732461,0.5838774561975963,0.15140075954795384,0.8258720487535114,0.07064995579605982,0.5422846137207054,0
0.481487,0.209162,0.614507,0.9036239102043774,0.23967846193109754,0.014088529427977892,0.9965975371313278,0.9106244921413781,0.8164017763722775,0.4154114566694532,0.6928084508839539,0
0.622084,0.373844,0.662524,0.20004959853145976,0.34361977157937695,0.8372788945687825,0.6582123325698483,0.7204769766968057,0.3473737637880193,0.43500954213152854,0.819711280849476,0
0.393849,0.452975,0.393005,0.03049106772293253,0.7410992309043415,0.3410283552987907,0.18448000817796706,0.07886967289163826,0.14187850754222175,0.40170316984785714,0.8451141946971765,0
0.0254705,0.550445,0.342539,0.6721114270412694,0.5187930567984993,0.9081136818567562,0.8555177360652034,0.5459312828700769,0.07809810893219438,0.20110483518366262,0.5838063240530825,0
0.996419,0.346539,0.241761,0.3698404904469663,0.45963765746714835,0.9488257695475849,0.09189109761496572,0.03857443609273303,0.6929653416003535,0.1464910791922709,0.3007527744291091,0
0.411477,0.426637,0.699339,0.35099362450041915,0.7941843358814512,0.8225133875342712,0.6052740543651792,0.532929963734482,0.4240572191040217,0.2849946132822815,0.647236273556498,0
0.230177,0.692145,0.301841,0.11768952940985611,0.6258549352448548,0.7556776977073935,0.5236574848337201,0.9243086744515282,0.5857335274282899,0.1653588186280449,0.06752530572703153,0
0.421434,0.589171,0.803392,0.31226333272948026,0.16005837979714177,0.8081791353167561,0.533084641837076,0.11811539757087686,0.5596164465112077,0.9584016530303918,0.5654862500197966,0
0.32003,0.170768,0.459619,0.04353376163987721,0.23543797634878183,0.4983277534399697,0.8723808486464674,0.6309930985411217,0.3428956183089086,0.8159350885207166,0.9886409231185453,0
0.571375,0.0425513,0.752592,0.8850596011280523,0.23488682797835658,0.22650367412838845,0.02376033656320431,0.18914099877290425,0.9947354227909406,0.05206953587531615,0.7264116415566727,0
0.643391,0.079347,0.337255,0.45053399063009236,0.9721937209058538,0.8922298857037065,0.4415329989418215,0.6874763426744298,0.41984652338485917,0.6350015921754558,0.33338771708535286,0
0.493052,0.145348,0.341679,0.39003289482673886,0.2606698923747517,0.86642595745974,0.6493051033562144,0.14249093180472217,0.2857126607134528,0.2565695022097232,0.5572797507456341,0
0.777546,0.927753,0.813226,0.9404193231384153,0.29133032578348206,0.040680192112538816,0.9509717386466635,0.7189912476859093,0.9766060306593799,0.5716138678774978,0.7591533996713488,0
0.253106,0.842892,0.849613,0.11411442060044652,0.7239359166353947,0.21372501033282454,0.12291137415185771,0.22597449867985664,0.2906826804804121,0.4518073656064511,0.3473127324242774,0
0.346401,0.926875,0.65451,0.4534489503316417,0.41914436889944884,0.5364492817196369,0.13587485345887607,0.33904769455242834,0.38036500410552543,0.891689508269155,0.7034719730234752,0
0.444196,0.19809,0.74532,0.6813131508481547,0.08677134466652237,0.023491677233347108,0.2960602076041704,0.4328270373742541,0.19539560292239,0.670829882063717,0.5981956021344774,0
0.204809,0.467643,0.973958,0.3375398560538577,0.08766521146028183,0.36204134786051945,0.741402766859184,0.6545891657735462,0.8257317062059688,0.8639179395497987,0.6134455565500669,0
0.932731,0.0690441,0.69997,0.6681342151539079,0.19535372309421395,0.6650845655555624,0.8762515754537078,0.5413039411932564,0.7732350544156789,0.45543881818525,0.05794246846472351,0
0.645071,0.552723,0.307452,0.543721491955959,0.24512035823578604,0.4188942372160406,0.2789271848315681,0.20865399217518554,0.04425246356985346,0.8115265380861647,0.38737719876913146,0
0.00569413,0.737215,0.891729,0.5415163515527018,0.6348199727599048,0.24626266970541266,0.0786938506928021,0.8990272402989925,0.20410900372555218,0.47752162152983535,0.33182269300108114,0
0.0168108,0.267021,0.486627,0.38751855252916634,0.592495785594088,0.1083562995435593,0.09696383459326041,0.16627597943224703,0.773956045999689,0.0262678665748709,0.45351370229586896,0
0.0962527,0.880033,0.255466,0.3605082615081675,0.8396244530628499,0.7576367792343882,0.561442743450565,0.22570962848173615,0.936497042008031,0.3559647101475908,0.7900584292779796,0
0.919163,0.696901,0.954253,0.37883474960088737,0.5343510281507873,0.12175850030161528,0.9149572170830121,0.7147356761245733,0.2278776341737082,0.4390823088814082,0.3203099824388085,0
0.911533,0.303057,0.650065,0.49321496006177734,0.13447313237088288,0.6702498274906092,0.998941883275854,0.34089281152393636,0.6664775745034675,0.43830441326121916,0.10614053458336914,0
0.125093,0.547742,0.176637,0.28074533766264587,0.6572675751134279,0.8735541096113875,0.32414913453888305,0.4402186695103617,0.4737505377131418,0.5947854659918785,0.6619206305568357,0
0.347648,0.200943,0.923434,0.12974505374577516,0.6637438431139508,0.13145296784579674,0.4982657718617354,0.60892776694065,0.7130148369324792,0.6035727658851606,0.5025017612477131,0
0.950701,0.102418,0.702413,0.7892002289180817,0.12449315026792285,0.7542864557263612,0.6864115346826151,0.41607760320080245,0.5177407942605163,0.09581811154651143,0.9835760884540635,0
0.271909,0.979966,0.985348,0.9795651372810604,0.9084865824118749,0.8223049249970511,0.4295103816428488,0.1428994273494073,0.3040284435605547,0.7417400852874914,0.4531476841860662,0
0.354589,0.672359,0.571686,0.2814448026498716,0.6063872080963847,0.48370633715373157,0.0004912812685825552,0.8899555163018843,0.2658985208794594,0.807504967626709,0.257800728042645,0
0.0852541,0.387423,0.794886,0.7395883187942246,0.009162476088228955,0.5409829132952501,0.47038351644120835,0.009184790389736963,0.8216847655455871,0.3807715322281966,0.2585837828436336,0
0.178738,0.68043,0.991399,0.5719946956587331,0.6877805312927328,0.46219242954394246,0.0019457759223482363,0.8641873078248795,0.8242588096075764,0.7359126643776938,0.006517354547272647,0
0.43231,0.699294,0.936131,0.12048377699720603,0.39326563610985643,0.3467385506928544,0.47435550901536905,0.13874961531561825,0.7715937752886682,0.40680028734993434,0.23025352768802632,0
0.553851,0.106959,0.649797,0.33475798204692353,0.5719539342076957,0.5217874649056734,0.08481944420000542,0.41426777778866863,0.7395441866281063,0.3490904477866924,0.4923122737102572,0
0.0569695,0.485021,0.76302,0.1666147450597848,0.8719490725236506,0.5166111971267544,0.725197554100914,0.1181018851565735,0.4174580688401891,0.7279905604262868,0.03314648298224432,0
0.483578,0.463302,0.212304,0.5314546976009226,0.10916756292141538,0.16445793858491853,0.9806538668036537,0.9639330803227366,0.22710520354755226,0.747906468915087,0.49795535268998514,0
0.456744,0.155546,0.0184753,0.4022786057196124,0.39361502214473587,0.622972182164205,0.6121343416963811,0.6146901018329896,0.6367882936472932,0.2869090355914612,0.464905602217888,0
0.0850629,0.217653,0.687933,0.223688569168643,0.6421436684093088,0.5998870732051153,0.7105138192494412,0.008142704097416575,0.3459518478540826,0.49601817092250766,0.35428387251520843,0
0.854313,0.634257,0.0291442,0.2950856426426054,0.9183378068674951,0.8326877273421286,0.803680446123015,0.1870954968159011,0.7534111157977652,0.8981132459252079,0.3412307158563689,0
0.354651,0.731703,0.992636,0.9605687924223657,0.6325266288598552,0.7909473995795164,0.5037840049499379,0.5348712775412215,0.9448278726808033,0.464997254138072,0.3531100627046211,0
0.372506,0.459785,0.748626,0.1706352292351151,0.37938331722223995,0.07041939585801493,0.2460886862325391,0.6965428608721066,0.2211989235029851,0.47247379594084515,0.8943027023087903,0
0.936148,0.960842,0.450317,0.5894992067324027,0.10386801388195177,0.9372513521833972,0.6447497085077359,0.8591036084956887,0.7685046075117566,0.2431599601991299,0.7043693634138296,0
0.951515,0.801949,0.973227,0.7993849757035705,0.7873081913140417,0.6133632456418736,0.8679713438598857,0.3222759298358735,0.767102021084299,0.9978756101895148,0.9788044030868488,0
0.787054,0.666148,0.0636601,0.3567638243855058,0.5120038623805396,0.5476863196940928,0.3078988187110696,0.2554817054855961,0.9184738321864337,0.7463360465464918,0.6318202007865004,0
0.842693,0.96933,0.180474,0.04719178409865554,0.5852165313445814,0.7461083012745028,0.9922432024529844,0.48161743413695024,0.5377478355779958,0.46991547505870035,0.01956797626885054,0
0.540206,0.0158528,0.404258,0.5358959154491687,0.38240492544689575,0.4854746586361598,0.8117999845496264,0.8966189555859926,0.5487717499059873,0.6720785607035384,0.550059694851231,0
0.747333,0.464193,0.627826,0.4728158578387144,0.5609741983257851,0.434729850906871,0.4916406099187959,0.4028465757132612,0.6113172950167276,0.6310412274540157,0.9939402451976364,0
0.729291,0.550296,0.320196,0.8543892526803715,0.2882283545583827,0.33003818974791543,0.6855281436772699,0.09764646471991023,0.37679278453875875,0.5522601310092825,0.4627869569432852,0
0.991873,0.14876,0.224345,0.15109382478478695,0.40914355098300104,0.5253109495396652,0.4489554325861361,0.21483588530721265,0.48932552375070937,0.9239326508929655,0.30176582109210126,0
0.100551,0.139321,0.79964,0.8409876362071509,0.059307386695011455,0.8386331822722909,0.25754270209365115,0.21577349387529376,0.07590623494019633,0.8848222169173771,0.33811122821332085,0
0.27981,0.694144,0.381907,0.8856035542553883,0.9875204242766018,0.7974040430398427,0.21417686560481675,0.6345717851417808,0.4615933029149275,0.8377054639469316,0.6169160631862947,0
0.60054,0.67031,0.880005,0.9207360718313233,0.9690959630791007,0.4415918663501467,0.7831714453369498,0.9378005379748365,0.88600691270873,0.1248276834127241,0.5744282484066574,0
0.872912,0.175037,0.700188,0.7460118064501657,0.5002495808976358,0.025517771777393894,0.7278568063510282,0.6099479661200244,0.04193786346717454,0.3825261029202879,0.41021717247096123,0
0.995018,0.963621,0.996386,0.2884418220219628,0.2505531098975071,0.3926004685291743,0.3154293019928185,0.7167718352995855,0.93079429943686,0.6028608515575423,0.9390179510716228,0
0.710278,0.744886,0.0715338,0.2627811170362282,0.4949491482803322,0.43399108092330974,0.6185416578216005,0.8423863314765864,0.9660222755267693,0.6291392128678982,0.9266466005195861,0
0.275542,0.38614,0.563105,0.7670006570522845,0.6694819473068582,0.25485367325151687,0.4760446946750877,0.45929740505647787,0.5002109086625899,0.044818597918426795,0.6347244761728651,0
0.123477,0.624433,0.527117,0.3134227668156825,0.5247219313266887,0.28257578169518716,0.5879399157614652,0.7980991774596655,0.47424506257598065,0.1753495583728092,0.6007337780122314,0
0.722883,0.258235,0.306793,0.2955132542217176,0.5728232841390949,0.462802986132833,0.13604828899387034,0.9825751463402504,0.9558620874815313,0.27612329181837625,0.7458524763526463,0
0.21198,0.200544,0.226152,0.5188524430585941,0.8396077397859063,0.17891276088211816,0.6418571783922618,0.7919587378641187,0.5499003168149195,0.47456481933532335,0.12882310045470768,0
0.949189,0.467959,0.51105,0.7761161890639362,0.10654413470700008,0.23890053080695384,0.04093931118936478,0.6978418889880206,0.7399591476745276,0.9065488155033794,0.48024749831733204,0
0.986028,0.530315,0.655779,0.6181608279816179,0.3220151355163873,0.5665204845754481,0.7606839963986357,0.8027031912091944,0.6439141949256537,0.8172255602437836,0.7394723430575786,0
0.0226805,0.886742,0.255615,0.9567204763367235,0.6068258889262602,0.2970762411323544,0.832003012739966,0.2843523677841109,0.7746276231870576,0.6088637479342346,0.8058123755817296,0
0.74702,0.992783,0.0424971,0.643067916492026,0.4469029267788842,0.6428679206991552,0.40887376590480784,0.2501900098751584,0.8763310433628491,0.350989862874475,0.054230699177634345,0
0.625705,0.31235,0.532184,0.8908700952360564,0.026064179395962284,0.8094843796285253,0.05983707572292918,0.03994413943812791,0.9322981426571145,0.6460729400731786,0.7413279118612084,0
0.243374,0.422895,0.600053,0.21486123086435305,0.689368130244735,0.809126321275459,0.44356806615946753,0.6761772040474202,0.05418779241002003,0.02803850065694624,0.7878221249140883,0
0.750019,0.558399,0.703335,0.2561966925708048,0.6628322570267217,0.02514369521736759,0.3326464702019213,0.45707376658673304,0.3358860474502938,0.31745758561379167,0.6995555694377018,0
0.116097,0.549844,0.1853,0.8742798274694094,0.2689554770444532,0.3508685679010065,0.21863269680298758,0.16815651973413837,0.2898237914735651,0.4891067937954596,0.9757794411667959,0
0.297779,0.493238,0.93055,0.9608612244257486,0.7920000147094152,0.6124502983782655,0.32409976563359244,0.9434117673639165,0.04711624652301305,0.03900374846645471,0.9182234053717845,0
0.113703,0.432842,0.0571651,0.6824214729997437,0.6333922836364461,0.9936835559281069,0.932532361910019,0.05718064976643222,0.2815290867668666,0.5692245670220694,0.4268188744061566,0
0.991019,0.649373,0.865123,0.8786702606079856,0.7300589514817775,0.0750526063310204,0.5809556820910046,0.15855941152365294,0.05133667941556419,0.7518013695454782,0.6143134296483607,0
0.158728,0.425576,0.969009,0.9991729963102954,0.22639359213559918,0.1896359548469989,0.8384223627732569,0.5348721712566644,0.36493214274613084,0.36212526693881886,0.29649920520708084,0
0.592637,0.72391,0.901938,0.7019907047562004,0.3950290510725093,0.5436666757230628,0.3690368478692677,0.9862546579654348,0.506913190686045,0.7121968069783006,0.6667408096720162,0
0.536475,0.923082,0.754175,0.8969306802114226,0.06233696350131579,0.3228198438008426,0.014825479874542302,0.8831990388699643,0.7661756803133442,0.7726015436890119,0.13243773460230102,0
0.688486,0.183566,0.261353,0.697968649733785,0.5396286226303523,0.28005505620163673,0.5113488636490163,0.46459413045385756,0.07947100538759444,0.23765605568601444,0.26347110502516147,0
0.654255,0.420184,0.9837,0.9604473858693342,0.8656280920262557,0.12623037072821852,0.7310080947455274,0.8081228287738114,0.3061601512172214,0.09093861863003028,0.6547598268708914,0
0.152292,0.467518,0.268701,0.002777007675934917,0.3200268711515565,0.10054661488580263,0.8174628827330058,0.057755796346961596,0.9933787203944406,0.7432584771182353,0.8774643804999129,0
0.0178204,0.404144,0.50463,0.5527071598317551,0.3684203351804105,0.06546283251685736,0.994075229707461,0.10382426855805937,0.20922668111300313,0.4094386775950837,0.4726154283783236,0
0.87308,0.767746,0.911941,0.7364449754350946,0.7143183435668187,0.741987641140268,0.5024544771987809,0.4898503334479317,0.01655222705533188,0.3107098080236711,0.7324060970182237,0
0.209726,0.285546,0.0890163,0.4742708212988771,0.9814343098442682,0.11728802661854931,0.01865037950970516,0.635129811356889,0.1903590049385534,0.8335695987113196,0.23744665494331452,0
0.906397,0.439982,0.192658,0.5833276955747999,0.43400931638780504,0.6241164444597053,0.014635816622627251,0.8243651419078499,0.9672643671794017,0.8368469873993625,0.10055724122521592,0
0.667182,0.169512,0.47948,0.9509256176955468,0.23336890600542937,0.1876166591043147,0.643304995236559,0.16609396228243734,0.5928996146894389,0.8327035731238738,0.22121830808109566,0
0.878423,0.293107,0.226736,0.8817343320794271,0.7924267606557333,0.910417530864769,0.10940404755365707,0.4537727930181402,0.6785894036584669,0.07569102258848215,0.2167315599866928,0
0.650368,0.0484427,0.632186,0.7021480682359286,0.6468281040041373,0.0875013153205435,0.32805600741836516,0.3197484517993342,0.429587163111501,0.5083009566065303,0.4413037457735175,0
0.794479,0.203551,0.229536,0.8312394401576197,0.45909034988340436,0.159367185929568,0.7247696415067167,0.6747161453090706,0.775055749033284,0.9448443825420357,0.8687965587990374,0
0.793546,0.374462,0.915627,0.6579102394564845,0.8482033041114059,0.47778098175387973,0.051873943977123305,0.8377562057455986,0.948651574796326,0.49502562387834936,0.6850770216224908,0
0.744858,0.390241,0.623185,0.5118158434272735,0.801159747009673,0.32267441933987884,0.8791045689116364,0.8056942273154735,0.8079187105082641,0.10667718575713503,0.7369848459496864,0
0.379322,0.0866119,0.141343,0.03171106341019081,0.6077803739478906,0.06793797909295374,0.8206059891542924,0.44912634161292464,0.19700422240922721,0.8354419066175675,0.06396722681505485,0
0.240844,0.101109,0.455013,0.44705116056094674,0.41294414208757346,0.8941184972572792,0.9784852654106634,0.755185464439026,0.36230246449644565,0.3344453026890657,0.3354370622564925,0
0.409677,0.374952,0.224897,0.5126655920659595,0.9991592969768653,0.11823959523973115,0.3365831526389851,0.09241401765000845,0.7824468344318788,0.13394494227142406,0.15997257399677534,0
0.308069,0.473335,0.729873,0.6237052132405816,0.35030057949084414,0.9996128915967329,0.40892760962862695,0.7787547901912605,0.1176900889175212,0.44250849585836294,0.19797019246475178,0
0.120161,0.766264,0.917227,0.668300674338693,0.63326285364474,0.4607290373177815,0.6145198743144099,0.15310425559566254,0.9662596330168771,0.33628276985999483,0.252975930778492,0
0.605177,0.376677,0.547097,0.6500768454469379,0.39097951277723497,0.9340011245195686,0.46501411787588276,0.4266241718177909,0.6691315838695919,0.6184982729545419,0.34823443837710455,0
0.8577,0.47689,0.59405,0.8414040722394862,0.42634134805298995,0.4024403021874088,0.4876600927621856,0.6148524138183232,0.22854824783622008,0.3494365032025123,0.30299941569982847,0
0.262109,0.170758,0.404387,0.24345154524730528,0.982634679533633,0.399047282294434,0.39031024086931976,0.9157336086400651,0.20968020337993754,0.4194614736593505,0.8188915930521415,0
0.969482,0.466188,0.379968,0.3992081678371071,0.5051831211722471,0.9799225599393567,0.8238151281779375,0.2704965871901692,0.22807296386087228,0.6735556654632066,0.2590085198272357,0
0.984485,0.459771,0.4071,0.14225567878883083,0.5646049836014757,0.3562223750407465,0.5369787228272127,0.28955470283840723,0.4463471596474258,0.510812688618882,0.9178051306969145,0
0.0827753,0.739484,0.347656,0.6066114954617761,0.33498653449703775,0.880326637411825,0.203946704397868,0.7604162386514124,0.9018552929253634,0.9449666532499645,0.9796684840830568,0
0.17723,0.623375,0.734514,0.953307640400852,0.9126996562428118,0.28533855571159006,0.8114515041727839,0.6357477891615041,0.8093266984367351,0.2790693827371703,0.32313594514801347,0
0.886055,0.552632,0.630532,0.20949419969695282,0.7293118606601717,0.5072343168959977,0.8283142596975296,0.8528743414250689,0.28586815592052905,0.5231258864532858,0.011371011150578259,0
0.67142,0.850335,0.756237,0.8073599891486023,0.029296340780135766,0.0330146222723714,0.871777515017885,0.2639228184320389,0.2758983793321361,0.4756091100602704,0.9859328673353446,0
0.578777,0.782652,0.292201,0.21785492492938152,0.05005436113667194,0.5541297523358552,0.18024833825812192,0.264673467335824,0.2477159540465057,0.2813267655499192,0.9030540836506664,0
0.0459292,0.571157,0.715796,0.861889743309812,0.922719375262204,0.04536685952737851,0.9969889840406377,0.5600090614730288,0.8527741249268959,0.9381226109718254,0.6757362211992713,0
0.542317,0.570054,0.037409,0.8490572528027858,0.9854303573645243,0.7637328078475297,0.4354022297493525,0.3206753773459651,0.7957995048186521,0.17447000573605653,0.39495369022607607,0
0.55854,0.663776,0.880365,0.38790957668177495,0.1824906234453738,0.623056652352068,0.7624460946736503,0.9143504044204759,0.38172367964626774,0.18114686406776892,0.4669513466572055,0
0.868053,0.305408,0.980441,0.010244815877962887,0.8949903301285561,0.3210090157491814,0.9236773757634974,0.5392133930826079,0.44378665894688407,0.10815669067859734,0.5405329337481996,0
0.290256,0.0471033,0.652962,0.801697398208345,0.9832439006879647,0.6811939258716775,0.4815100399400306,0.16090448397260726,0.30184432760520385,0.25252995771676645,0.7274650853720446,0
0.82562,0.924249,0.259405,0.06614181161164845,0.43293988242091475,0.05895466413903694,0.308233779411098,0.024422395180661027,0.6777072009497446,0.2575307240368405,0.2227651391344866,0
0.0803982,0.815963,0.394714,0.5766852331308026,0.27063820651611326,0.961241074141548,0.3303631255983073,0.2887536443734743,0.5927868317281004,0.24269476482250374,0.3727012807834955,0
0.385616,0.101734,0.88542,0.5407155128248018,0.9232661166733072,0.8017539263655744,0.9020824818552552,0.7855464964501172,0.24591249687310845,0.9831884895300653,0.6182867701184729,0
0.263195,0.480997,0.249256,0.8472569737117119,0.16351319911442375,0.019895138529403722,0.23112774007720183,0.6838087666860189,0.7317079168252474,0.7068656202507932,0.8274599212444023,0
0.459198,0.364249,0.637703,0.06581994381197576,0.7327949960582928,0.0940422348294353,0.6066226665400319,0.04349984618192848,0.09896741101962758,0.5369487866987811,0.392187870033769,0
0.402542,0.726644,0.256012,0.25217690949976446,0.03167578665730497,0.26767296039326194,0.004034379125887222,0.06362072444771627,0.9235584354198446,0.48211652088454615,0.3265683341200817,0
0.567484,0.119192,0.206332,0.060109883865482994,0.3604869965402173,0.5254110727751753,0.7157354321379575,0.340489182693936,0.5186316151344258,0.47247515164596,0.10364768871154284,0
0.44991,0.882104,0.291847,0.06744552648429214,0.094527738104355,0.13107004951008838,0.640486697232887,0.616560446546857,0.4430623206423199,0.08401016287909957,0.9395089533072313,0
0.0219964,0.935168,0.429451,0.00837454837743512,0.8865167442649033,0.03640946051758909,0.7127869280185337,0.414355893840077,0.27723268507156984,0.327080880280356,0.02560522743210525,0
0.480055,0.774012,0.812815,0.721648724677045,0.475651668602743,0.3173851642836578,0.45622276911331594,0.2723352953556264,0.74351710958468,0.32543661786353484,0.025788012314355235,0
0.716148,0.634259,0.842825,0.7927669575522053,0.07393094482374574,0.3275945427782343,0.22446419456902456,0.39166247488827066,0.47586084354103386,0.9564823289591136,0.7495394734802159,0
0.763156,0.739182,0.26379,0.717380794505835,0.39998250897334686,0.9935724341926224,0.8862815435687548,0.019750473459902218,0.3745285751392945,0.09092475680521528,0.9544178028358826,0
0.684936,0.952567,0.677628,0.6794574809918643,0.9162702436447001,0.11542241311233548,0.010211395102783127,0.553405031115125,0.9901920116092703,0.30253024199059664,0.7903228416444126,0
0.0339371,0.0676666,0.117449,0.8955049301951706,0.24529394210695987,0.9642786479270099,0.47768712492257814,0.65670117545182,0.9465812894057765,0.20211345352858445,0.362125071295049,0
0.178134,0.992191,0.666855,0.31202042434343413,0.8412030279727121,0.00952573388979272,0.5824680093158954,0.06440611010106001,0.942244652057103,0.2831315268285477,0.8666936271227471,0
0.333017,0.239766,0.79766,0.5757381660737245,0.17980183456225962,0.2718904626470102,0.06478676049673104,0.29655529718265494,0.6332888814225782,0.0647179212528437,0.5334413884469659,0
0.898173,0.226088,0.306273,0.696963847010662,0.3643793309762693,0.02617216387748178,0.5836227055606581,0.6529885139212855,0.81598763996088,0.12704152704859484,0.17643840944817102,0
0.131643,0.243113,0.0450785,0.9866875321481501,0.7176075454642998,0.7147053937753182,0.38518754998962235,0.25189134225760457,0.4362287789288487,0.8280225345472721,0.15360216046998598,0
0.535798,0.887846,0.834821,0.7776012016235495,0.7777298169311863,0.048882201798676306,0.0755734987460529,0.6533132035646405,0.9080152012265998,0.12428328693053026,0.245483341536458,0
0.925424,0.182086,0.802267,0.1632840154529086,0.8850673196707511,0.027951113164823016,0.47886520052793347,0.3986264558291164,0.6267945667847452,0.14011974440434605,0.5154612956373695,0
0.00577302,0.881563,0.156732,0.10478028902257952,0.3229676828477044,0.26285070981836856,0.07388343371991346,0.6225098547474757,0.7021109801478317,0.8359419557106202,0.4327247351016853,0
0.843037,0.286508,0.607017,0.4124265057983404,0.3143929651132513,0.045350432560803844,0.28625531837018914,0.16126627983116382,0.6401248825116834,0.31211048891042625,0.2573931919042468,0
0.826464,0.64111,0.557588,0.37820070452788135,0.06931680395131201,0.48981178585081286,0.9310120506433525,0.13243325727055577,0.745597048259957,0.6195025709358353,0.2696660515825533,0
0.857179,0.517544,0.244832,0.5801499873585112,0.027500371882209773,0.5406015800659107,0.7500420148594783,0.8989244539279296,0.0977597838598454,0.62067742398985,0.20482649847450385,0
0.824212,0.951394,0.421573,0.3630677384702212,0.872417582205783,0.6517897392109449,0.8480667117856312,0.3227103484508872,0.6720284468012501,0.3650636082489527,0.5808775943876522,0
0.793802,0.0385564,0.695737,0.9696850284586529,0.18109546811870647,0.9844699206820697,0.45714814869765075,0.5960079247785444,0.39974275331510245,0.19310287059196596,0.45800085728935036,0
0.367044,0.874846,0.569029,0.5314096428720835,0.49595893581005757,0.6985730651852889,0.8001383392345248,0.36621913032183295,0.08578989282525884,0.8201870063240781,0.11837406539990125,0
0.887315,0.226564,0.844546,0.6296641837294129,0.7911248469388552,0.9091870925360875,0.6496703875861615,0.6559785267702491,0.696153530000625,0.7282206172424687,0.141892365677472,0
0.889086,0.537039,0.242374,0.7299130226518622,0.3594677922566648,0.9171063205966841,0.2933318426335003,0.3868118365189186,0.41126142074906413,0.6184724329596569,0.8634229282204512,0
0.508299,0.213228,0.956716,0.20413135078141564,0.17647499101101727,0.895840492202938,0.16005520024432673,0.6728573292186981,0.7716354347270853,0.5777214592851135,0.08957365670716744,0
0.113625,0.947192,0.8886,0.270453197235897,0.773465518907324,0.6672148326870774,0.41939683187682997,0.6687214981318828,0.8225096429291645,0.5753330414980544,0.7178791117497563,0
0.794846,0.275082,0.451525,0.9898933354158109,0.04883325921685633,0.9584594928614925,0.3256245527755348,0.38404474587847914,0.6908299538036937,0.40906506055548564,0.3798819331081543,0
0.687515,0.0184929,0.991624,0.00883655170170905,0.5284993973019038,0.29767172448931656,0.6331885030263389,0.4987661499909116,0.745290346878945,0.24962487822623114,0.9943247192588424,0
0.360742,0.00910189,0.50533,0.08596914714378001,0.0008314266316390428,0.5391004421790265,0.8411080520443885,0.7747655370711727,0.0381249229147268,0.503843283151524,0.48659545683674665,0
0.827294,0.17072,0.291004,0.8441931829840515,0.7971651312544539,0.1976567391782741,0.27383952028904135,0.98545964838971,0.964614421815091,0.9316684956998508,0.20249059820412896,0
0.0498943,0.723773,0.254239,0.5403429914961158,0.20184525546030085,0.48446719441864616,0.336452762071174,0.3587337094155503,0.8608596885649127,0.20371365500626593,0.7379621823438116,0
0.385516,0.0768009,0.00544741,0.5639042572121781,0.34834569927181147,0.9920834532972209,0.6356301847392377,0.7618219003170887,0.5810719044057936,0.5289511563742424,0.9906039088828935,0
0.10929,0.744306,0.362798,0.2696804730945621,0.29026556790729563,0.8811030715731152,0.03489045437659344,0.9867770714085381,0.10782980379705187,0.8601259124483356,0.9397941649841824,0
0.775624,0.499872,0.903627,0.6032337561394924,0.03763687490813572,0.9957004426417625,0.16449145742376992,0.47712544088734443,0.6064396193602543,0.8798067074061953,0.19965722125038843,0
0.356888,0.840296,0.519464,0.9651044960002967,0.8876271347917282,0.5145272177265251,0.1806286859796712,0.6710359178787937,0.692220994215478,0.5480662740715097,0.18754271727723903,0
0.510936,0.399173,0.742367,0.8421343313900499,0.5296594900755892,0.7793406929030123,0.4702005180792167,0.44735122544646977,0.23238258006205803,0.868161907891452,0.3453763072576743,0
0.228863,0.262707,0.200516,0.06060553508498845,0.07262226732845878,0.6120277279322199,0.21075440901374787,0.4547813660277201,0.890286665955792,0.23951435909400898,0.03734561632963418,0
0.571652,0.950956,0.324582,0.6797858668120658,0.031730489149409236,0.37356254645942344,0.9458153702955825,0.5477791397377183,0.5958884962028667,0.40651324676484435,0.39369975606165664,0
0.712335,0.891039,0.646753,0.6160407158131563,0.7351735866258154,0.8202540041999792,0.8857456275336714,0.652559658495956,0.4675277684917106,0.973002805461169,0.3209075019832568,0
0.740852,0.904065,0.655554,0.0056058050687551875,0.9608840795433502,0.05944727507551495,0.9359373769625484,0.7930109014949335,0.7829397962791634,0.5550070706810215,0.8905486705533887,0
0.175847,0.0387356,0.79308,0.8057644940080021,0.6819718821337071,0.9168294575862583,0.48942818740908867,0.7182062517415524,0.8712812120105883,0.8234527384507868,0.21160181951828094,0
0.758572,0.486147,0.66222,0.7792561857027174,0.6665227455205034,0.10425130877908395,0.9395633840137189,0.33069567086477525,0.1194244361338005,0.4809033625228092,0.4101674518586388,0
0.652383,0.429703,0.473966,0.3991707250391161,0.22644371529944296,0.15412172624853515,0.9558143094129977,0.4263082578688737,0.0118465726373288,0.7760115530810918,0.4883073715288134,0
0.392014,0.316671,0.545426,0.9889017200348443,0.38441891195789,0.6126405876215065,0.6289373627373065,0.183999855604017,0.007840340268138402,0.15624853083508483,0.6861233618646168,0
0.886649,0.147155,0.382406,0.41118964367045485,0.24464793765998794,0.9471035765681076,0.908094462439592,0.19194388167818788,0.5726289035937644,0.049535873272052,0.8047389708316964,0
0.280321,0.628816,0.558947,0.19911167981660927,0.09303218998944385,0.001280205025232961,0.1952202855007158,0.5292496842569275,0.48016849910680937,0.667967618877664,0.314988506348293,0
0.353099,0.544001,0.0455259,0.7754111003425971,0.9038022523871047,0.910535133294045,0.37141429531055303,0.8265507449756861,0.2387794235771311,0.647851863996558,0.24103688125716094,0
0.745353,0.464178,0.0413744,0.031036543589540444,0.21201450640179786,0.20852994416393833,0.6573183394627738,0.9836187573786771,0.15758058593764168,0.17861045108899098,0.16621135182080615,0
0.0417897,0.305482,0.453497,0.6092878430145168,0.6184678376772096,0.04604502265738808,0.43295904379538375,0.4415985777878634,0.2910712985527941,0.27920198761647863,0.176608917305782,0
0.349222,0.351166,0.993205,0.09058878006180304,0.9454446658002038,0.9262397246425788,0.7678983652277045,0.44687671967869214,0.4010136981568285,0.4260303420261188,0.6556529485490644,0
0.334641,0.0291667,0.229029,0.8207784112160588,0.8659528693601096,0.08456322699965102,0.7011436712027718,0.32549655107014164,0.4345175303021648,0.436055464692818,0.5042175924100022,0
0.818859,0.874826,0.803106,0.504145390424436,0.7019380625971514,0.20836056577627282,0.4792699846115468,0.620767383319467,0.41779049536209445,0.32808222374176543,0.8128693483653797,0
0.211946,0.580634,0.580854,0.6741550054331437,0.5347368515227063,0.5945521992118401,0.2908918516392528,0.5884561035336552,0.500193310926935,0.5074089839462677,0.4068323287931068,0
0.917291,0.189831,0.915449,0.6642323419620567,0.9821105816791428,0.1594674414253865,0.49448719220412074,0.17494594545306497,0.14504496743509765,0.7910604613488381,0.3235195473203907,0
0.464159,0.610111,0.401364,0.5594083436993639,0.1102918645601324,0.09417033280302345,0.646294435736529,0.48468572799337717,0.8057327364897372,0.14560720162609486,0.48672189964691426,0
0.302281,0.144414,0.362591,0.9497253931909243,0.5023076551171566,0.8440624156471219,0.8896559828930753,0.34206152112805177,0.5689669902148843,0.4899302497320408,0.09659391528340289,0
0.970208,0.664572,0.496882,0.24996430441291184,0.2723599518922225,0.09585964047097939,0.01777063447350269,0.2552123058277853,0.9025112267421721,0.18511526133332612,0.844476984569725,0
0.884822,0.488562,0.325655,0.7349837504953886,0.07407448215407664,0.024583699147281424,0.6132671983947614,0.954581979420309,0.10289696089037537,0.7851722783409969,0.874581745910197,0
0.365561,0.586914,0.919653,0.28184821179615527,0.4502645831522112,0.421167256081313,0.3796162097467526,0.5372606858207134,0.7932729726136096,0.6480369453024708,0.9322831157150959,0
0.794163,0.177126,0.498018,0.4090168413315888,0.5748397658716834,0.21021175252911806,0.9117592627193678,0.490169826572857,0.5673368505642662,0.43888599863967437,0.3736485062409852,0
0.418726,0.750184,0.192917,0.48131002388946476,0.6481197693238446,0.5393693177395946,0.4529588799840444,0.1341228026814294,0.6096592915773673,0.3772017077049732,0.30909951378266576,0
0.917633,0.761334,0.546966,0.28865195869609517,0.928748664587854,0.9713252083378977,0.040657527265342774,0.5914840812006682,0.014630371068462544,0.7944693089272197,0.3733592009871338,0
0.95093,0.00706008,0.726575,0.17183066782045164,0.38703388865251054,0.11560887513888052,0.6656754834200244,0.6613800069177642,0.8461758784269552,0.2574037732129414,0.6334138098431847,0
0.245289,0.272437,0.0641812,0.6491417263330825,0.7849492414004768,0.8549652170055226,0.6371313783461423,0.49167924783767925,0.9243479122381343,0.34831149549121687,0.2888117578814082,0
0.584723,0.408811,0.132141,0.3199768740025848,0.3184706133323677,0.09528523434697345,0.9497101366858904,0.6351804772520302,0.8149336408836436,0.08024219526087872,0.008354007845161826,0
0.793853,0.520787,0.295174,0.8650558499469501,0.2098814622353351,0.5246768191592172,0.7365479812049834,0.8656874150661477,0.7622584347141486,0.8969125335768042,0.4094451562970416,0
0.67125,0.220093,0.429748,0.8929363697615218,0.9059756613343961,0.9290362803242243,0.8616878356139305,0.005766149388753972,0.24473957820254566,0.8347403090347773,0.8380201721793252,0
0.168549,0.183686,0.144211,0.8537072799785022,0.01219687200884123,0.18607961518857896,0.9030797677427668,0.11804693897254603,0.19963973184344408,0.9500026479615836,0.15620372827230644,0
0.522205,0.712527,0.833287,0.9104521091064849,0.9119679818207578,0.9469588401506855,0.8235929675569763,0.7290552315754192,0.5942965335101811,0.3314872313116046,0.6686298052541635,0
0.235127,0.366467,0.83605,0.1298665518618698,0.753822112233075,0.9138414730689636,0.0371324339529856,0.42005383804582475,0.715383999177618,0.2335266025010455,0.22463837015329646,0
0.935777,0.416007,0.741076,0.6725270100445412,0.9256892693094398,0.26402216246722277,0.7208270932896312,0.5007151359457154,0.34054929864945405,0.19017154327109842,0.9194459284648177,0
0.0758872,0.643544,0.752017,0.0913182154101927,0.790187937834368,0.17160883802326587,0.09894360439630823,0.5711629369750114,0.07398441224765473,0.3925828141278491,0.09982024393657307,0
0.177231,0.431603,0.585939,0.8864006787901498,0.12160007397206729,0.21007439607045664,0.7926653186243099,0.7249431244101195,0.9332804040731235,0.10543153674108519,0.36081613750212616,0
0.290466,0.500241,0.508633,0.9300890856733085,0.896818816057241,0.04400305617682776,0.28888898799390317,0.05026883718539554,0.09290407378296395,0.7146715889477098,0.8995744682788858,0
0.521381,0.129291,0.698855,0.48851809869138463,0.5089306927014955,0.6789504131360443,0.7361183619170569,0.7817217403809302,0.33234071851170943,0.7737194772602649,0.056334870201027454,0
0.147966,0.473098,0.541784,0.6409092696364365,0.45423032864430135,0.8168407658126081,0.8227924913244821,0.5479538439243434,0.5305550877742994,0.9850107828819479,0.2091560334222644,0
0.586686,0.0421455,0.652832,0.9836573778929448,0.16899633701004613,0.09779856946532783,0.7867718402468764,0.638703621532919,0.9946865581345646,0.208086673835308,0.623912123471536,0
0.30013,0.19199,0.165354,0.6234195778594257,0.18947607108699205,0.5863936094068548,0.2550912117645888,0.09034454152039983,0.780742061843685,0.9443946556696504,0.16860968260220366,0
0.346885,0.269538,0.541919,0.03345976833871389,0.19030062081062016,0.3752709992328813,0.7697680548784954,0.9078751061258519,0.7995993002396363,0.3056385607117511,0.3522406119006102,0
0.0275824,0.660187,0.680665,0.791847238198283,0.3804860522453615,0.6985920030100031,0.53129821360731,0.07759027330067625,0.7954278977526488,0.922692376830315,0.35078989406734673,0
0.467554,0.618566,0.381714,0.7139368436615995,0.9905091910347256,0.43193408138022915,0.8216958470218115,0.970240458017159,0.5987107515878203,0.3872378733514197,0.7389423000097739,0
0.960542,0.601218,0.42961,0.5889778504772735,0.4437727382300821,0.7524368225820627,0.40951040538860517,0.0418323028866503,0.6488498262663828,0.7602467587361534,0.9777882358408462,0
0.743106,0.752352,0.114517,0.2964277436281417,0.8661031433392734,0.9586699254804841,0.06669874946223264,0.3923467844694185,0.5064745143882684,0.980150106361878,0.15825606687864513,0
0.0970257,0.713828,0.245688,0.4915142543101403,0.8120381161588847,0.015597993733382776,0.31180293244805035,0.2585194607729525,0.33630785077148406,0.2764598669547268,0.9853109518072659,0
0.884763,0.375581,0.428419,0.27093873643386357,0.38659817810448993,0.6341087221141133,0.3432823009205844,0.7721161261185071,0.07716103856835577,0.8029031052226907,0.10081584716497527,0
0.899479,0.0478161,0.934773,0.7433437649931176,0.15864268004125437,0.5022470240470485,0.5057730401864109,0.052115840648520484,0.07038108743791338,0.5495990275339216,0.16070197711537282,0
0.937019,0.408043,0.890685,0.46703936693759995,0.2442485640250216,0.8886455896642419,0.29442332057118736,0.16514989161268157,0.22967223095937717,0.8459340370693257,0.4528035354788966,0
0.69237,0.039284,0.919905,0.5377421644074323,0.4162611197786503,0.11359663319595703,0.18881611517722707,0.8804124956261394,0.5555711722053321,0.3162319260395422,0.9919161718994747,0
0.364034,0.626628,0.132276,0.35279580943980937,0.8500189787943274,0.5562895527267655,0.18502482645280993,0.09716783450570776,0.7943879404328906,0.7518844258398908,0.30258644509424015,0
0.73601,0.58074,0.0196426,0.6759540964347343,0.7110288317254142,0.1097126251538253,0.672691027963356,0.23939955208671515,0.5898586550829702,0.9890913467160215,0.9477277415546215,0
0.377405,0.369518,0.989553,0.8035347386104809,0.3700076973103613,0.24539561188619263,0.2992656547171175,0.6091289679724863,0.4057154776696572,0.7797517156181737,0.6698144281256977,0
0.511197,0.00624744,0.0120255,0.8744435234642214,0.779587462160893,0.08115005640389872,0.32620948898947155,0.31885539762808623,0.7175883295257286,0.6241995908470227,0.8407718872150433,0
0.429525,0.498769,0.693047,0.9367089119932472,0.43451972947685813,0.02556854872524683,0.31118047042543184,0.1487402201341227,0.7098539595868394,0.07702256920132045,0.8243938086331428,0
0.795924,0.0136225,0.394514,0.6187168141233509,0.4907215587137541,0.7769502599419987,0.5402739236883619,0.17659626362315906,0.13472441268970603,0.0054990799047101024,0.11320317451474571,0
0.358089,0.335775,0.26497,0.11147139514961113,0.6094152261916174,0.6582205925374967,0.9133967166961046,0.09704243683326419,0.7539187212556351,0.8643542873934109,0.3679347167571122,0
0.36812,0.133693,0.705932,0.19061789081456015,0.08040987106359576,0.5394893499041356,0.09921349673542823,0.25678807577711493,0.2528038736412792,0.15667627817230712,0.6989036382314209,0
0.216494,0.693994,0.492445,0.10141138708140085,0.22374984070850434,0.0936689840832291,0.22703368651188893,0.4341787821645505,0.9755598243598881,0.9855503658582263,0.4141675825636345,0
0.356667,0.46305,0.536985,0.481887490935758,0.09866561487474479,0.40599711122852455,0.4640423586742215,0.19934815540856665,0.4145604914154457,0.41553062441533817,0.27887315574479565,0
0.101565,0.89628,0.784597,0.36660496132760756,0.6108527448679267,0.06190837133278859,0.6332320211698268,0.5828835382063662,0.25900295517882665,0.3549799634817291,0.7027987564546669,0
0.375456,0.331605,0.181372,0.5360798018533278,0.7478131019376982,0.784538718327994,0.0023186319406911515,0.6258210157424956,0.7568867401568027,0.3891370387722397,0.6479056213445322,0
0.14315,0.515838,0.859856,0.3264158951716647,0.7926151555005835,0.7424592402963288,0.6819823057484238,0.7202720564933129,0.15980126108290038,0.620178226785529,0.24336852917316676,0
0.553954,0.553998,0.551718,0.2827872972369907,0.10164151881759864,0.2490189616031675,0.6559759384344804,0.131994179922304,0.2885253944217032,0.18400393005779114,0.41805818659864125,0
0.617694,0.829108,0.840652,0.501860302437639,0.882380196357518,0.6551132112982603,0.9386285360297919,0.5160468261962073,0.9839959708509186,0.6592075663617475,0.1076806253510817,0
0.302004,0.223763,0.726351,0.424617436282009,0.08756674365767647,0.6421225504722052,0.019498471560097097,0.146674333778388,0.4697042825901433,0.4207025748457215,0.395818382972854,0
0.964122,0.937874,0.0871273,0.5979158111931241,0.5657856372436261,0.9635291198717935,0.5832790872113255,0.0007059862991959376,0.8869017858671326,0.8337053216504559,0.2835088831192223,0
0.364979,0.548103,0.754931,0.22601893149683983,0.2549901418759998,0.6537558976618703,0.1466049326795995,0.5258085446140229,0.28638253453767115,0.11387953497200953,0.980178181575461,0
0.676066,0.968564,0.366157,0.4976838869542516,0.8303815625366857,0.18208316537979785,0.7691212845331047,0.8534612522835032,0.16831092108687018,0.6394639929897802,0.5660806379898239,0
0.0655172,0.138182,0.998763,0.7044115315571595,0.4437984931923856,0.7584826171385117,0.5854941125797883,0.6995572598178665,0.9364594652856651,0.10980523165741585,0.8716847112530667,0
0.195804,0.623134,0.196939,0.9917757887747286,0.9824951295748272,0.9652990583219481,0.10738825660617057,0.4300588016401724,0.3789682698282908,0.5717412610162489,0.1819517650823217,0
0.532091,0.638464,0.690557,0.7926869453266578,0.2192663360414352,0.05710996708351135,0.5197824131707889,0.016032041759346916,0.9000429400812078,0.7574263516213642,0.2900738685365578,0
0.662704,0.814565,0.0609504,0.683359880721112,0.626047914650588,0.5893718547037123,0.7926734223780425,0.5080622846654282,0.9042188126441394,0.939509554351935,0.0067677554015851404,0
0.115442,0.663218,0.174988,0.9721580902204865,0.05889167581161048,0.7022397416878592,0.1584690395413335,0.6704634949975361,0.1824200466058865,0.48485451144082126,0.510279806673881,0
0.460721,0.00407041,0.117923,0.7825043061491368,0.5822478980239083,0.8030819854844329,0.7401791432894826,0.9292820345133769,0.9218950682448381,0.10872795772897892,0.18333786941527863,0
0.969422,0.958612,0.815858,0.3400941171296894,0.6367727853600363,0.40199386206853016,0.38341046926109157,0.7565326560710266,0.10272936575848224,0.6066983574951584,0.5331109202537604,0
0.827455,0.636712,0.189079,0.38949692195257557,0.8393018920652046,0.6707842689934468,0.4957625030267815,0.16253928814105734,0.1234921464105796,0.7369114467539978,0.7989284270033765,0
0.479936,0.60756,0.253705,0.09973811132485144,0.6028020408019918,0.42097786276776117,0.5059321270484526,0.6640804298157593,0.5033945605083113,0.3572110640257967,0.32523146604264497,0
0.788004,0.0913637,0.631905,0.835377075286536,0.907705782251514,0.961908175433935,0.8782802271412737,0.27472541591018296,0.4115378223981587,0.9106822300600922,0.18119753260304894,0
0.338611,0.626361,0.921639,0.052173250229711754,0.7436170933173896,0.1741769289925521,0.30611755164126075,0.8147771747237988,0.7613948426051245,0.8086840091471662,0.6339583484645551,0
0.97268,0.942998,0.406229,0.3110787385382293,0.7733973143690864,0.5752268881871961,0.8512709921983134,0.3756784848014112,0.3048436328231897,0.14353135746475965,0.7600164670345767,0
0.900176,0.510683,0.343229,0.1077504002548193,0.18093633141441,0.2966333594268147,0.15401707115958152,0.7387088449380633,0.20460101019675725,0.029337489230586544,0.40601703911057785,0
0.108402,0.933503,0.957807,0.9685109981429606,0.27846261837607145,0.02722500112335202,0.5889605462103861,0.6860933960058824,0.9088249383673976,0.8582402563661704,0.05296992579670923,0
0.745674,0.52322,0.985002,0.0758682647388349,0.20234819888720246,0.9043159628824458,0.004277650522975351,0.969700110415863,0.03778269420566316,0.08322164779228669,0.7000739125354047,0
0.350882,0.0404452,0.859686,0.6130302185858713,0.13581677553269567,0.8702623825909525,0.13535213738173135,0.8890380498244362,0.5732168027428908,0.938382157106985,0.07250009271304847,0
0.217417,0.375404,0.351167,0.048770495695038774,0.24335466778609016,0.004495002145217031,0.7170018436866987,0.9986851263626658,0.06960427536329161,0.839557526836058,0.5307172635243262,0
0.857607,0.231561,0.706003,0.378514678228869,0.766915604158405,0.9532100729493821,0.934765611276973,0.100184385309529,0.26242987317190003,0.9408599356081538,0.45201340112434596,0
0.228311,0.868949,0.646331,0.213497083257157,0.5830203314238321,0.1365521143676025,0.299512539597505,0.8014429379333106,0.504433664225185,0.7271946616474085,0.32998348292850577,0
0.902345,0.138793,0.405302,0.7353438447021402,0.10944434225755306,0.849333720263877,0.9035629740809198,0.48846492098349703,0.531089910610761,0.3283330655330381,0.1688113517289781,0
0.772903,0.244002,0.288963,0.8397073442806581,0.7491247422734053,0.05968762973588615,0.788474881225551,0.2034874941114032,0.038165222216173245,0.09523103989320769,0.11862437508336143,0
0.748166,0.705495,0.368621,0.3007849543969858,0.5237575244298929,0.5037909138090706,0.8659693487256913,0.01661714030136041,0.49958729800161017,0.8388299679332665,0.665945894695798,0
0.12255,0.845146,0.709558,0.8716505382670139,0.1878418706966758,0.048774090164111716,0.6974764046327517,0.8324534509617635,0.16408839313786605,0.5017291976180838,0.6114876020187785,0
0.806769,0.336372,0.0719871,0.5358151209197375,0.019035519025937253,0.020611482261721936,0.6823807571440952,0.7575901124371124,0.8996129332656396,0.06651859680323147,0.09495101624459501,0
0.333328,0.431314,0.995758,0.9927083162626482,0.480748637614993,0.6954285043954453,0.5544726277962815,0.1356776531517675,0.8288424653260865,0.9726241271551725,0.20957902744533852,0
0.869375,0.387224,0.557166,0.019044747788937277,0.15855167041885987,0.46535673504215036,0.4228942158291067,0.6183711154078745,0.5076098730129718,0.3838492422964551,0.0806081726418113,0
0.942391,0.142233,0.885053,0.7717159179704779,0.9978999866971883,0.17234734898988435,0.19424865889647924,0.10662815210625065,0.3610830312114811,0.11005324693182483,0.17721321487563835,0
0.0875491,0.599307,0.824489,0.3473427226967215,0.9355348352906319,0.8600587821804423,0.04377814668027058,0.9091901813183484,0.16188624106038962,0.3633271052507061,0.9096615887146452,0
0.0675272,0.339033,0.742439,0.4145188855594414,0.317635055079047,0.3940529467489232,0.5891887965653653,0.5043979212709739,0.5653446931660632,0.5267820254799461,0.5647938611774362,0
0.541968,0.106086,0.0200453,0.4608937627638092,0.24486046209541956,0.4965283428298217,0.33351197496489005,0.8125028732812892,0.3805142014653343,0.8051428263391173,0.3083105933326984,0
0.920807,0.926143,0.624094,0.2891530986942482,0.6951082230687886,0.28884929687014926,0.18244552275131043,0.5334507714380423,0.5462561740086421,0.5167027910824196,0.5951947025840472,0
0.995666,0.892788,0.414252,0.9961622793923413,0.1012949573981542,0.8176782156804706,0.6117798372106319,0.7505019241077768,0.275377734132346,0.6012313699036399,0.2815328530488663,0
0.522944,0.591291,0.0863537,0.4898921713532738,0.5266473300596318,0.17283857352694398,0.7460940870833933,0.8613847527570606,0.81069584876573,0.7191303095913172,0.9804552229159892,0
0.990527,0.355288,0.589657,0.631097698862369,0.657576406175033,0.6207824301643449,0.012333102795846207,0.8910893319562947,0.43561565734600305,0.40917542930370654,0.8993986132258365,0
0.36163,0.153873,0.0758483,0.4119957748457772,0.5817844608156079,0.403783878785302,0.7594550945463344,0.6504729701386531,0.6235101897537855,0.2715536773505006,0.520899227791896,0
0.523068,0.259758,0.334919,0.5320719287999285,0.8820697432493335,0.7119010271584373,0.07661443326742112,0.725038946912087,0.4211615036512959,0.7807074023759762,0.4988518444069129,0
0.829418,0.897979,0.870183,0.31239412863654514,0.10777112978294323,0.6824907916394164,0.9903949711613151,0.9384148064796054,0.609123509679162,0.8367956792136513,0.5854805811290487,0
0.335741,0.3519,0.75144,0.9457789424498408,0.7030049172802517,0.7658613116967095,0.78933391335628,0.35761060794297517,0.5933055572376252,0.4682606793525371,0.3353171509909063,0
0.878055,0.704859,0.472312,0.8076903656390207,0.9742403453632915,0.9019660338865771,0.6529100687646863,0.7467276389885016,0.15658461139761226,0.3772041144313921,0.12189539898017798,0
0.42367,0.353417,0.0168521,0.4366568918910346,0.06103504295279272,0.513305612154044,0.6940609491424707,0.5705503070222715,0.9588446479726355,0.44237709490962773,0.6283683221440424,0
0.48613,0.324028,0.177226,0.03616821684355631,0.24952056053476634,0.12923928128386775,0.40047482867727413,0.9186372931815383,0.4216797322920415,0.15933449230029761,0.9264254669919388,0
0.569988,0.0927255,0.485079,0.636462813842411,0.7170463462499536,0.8668951610203818,0.7920364271308203,0.9601987247878064,0.9407852911350374,0.7771598936514167,0.922316980093111,0
0.0550108,0.466206,0.200483,0.6605147958591505,0.5260785753784178,0.8138159126357388,0.17778572060057696,0.1304696167837045,0.10923193852632973,0.9458487780311714,0.10866523890607338,0
0.93333,0.622592,0.791605,0.9626810890060775,0.3835109720647346,0.09570571407237694,0.7312761107801319,0.7885176059786638,0.12097394008310014,0.16120311317089098,0.7645142814908261,0
0.85518,0.134326,0.82386,0.5555296104607353,0.7369575734749179,0.9652479612616293,0.9906119531125616,0.6509778949683769,0.028886287780064523,0.4518465461271297,0.937869384457676,0
0.716472,0.27604,0.499373,0.7788966731887959,0.7966286485055705,0.3815534694854621,0.5683378180621724,0.0894938162448572,0.06756246614341821,0.30508688341134094,0.14300496566526777,0
0.101721,0.326724,0.338091,0.41409747382952433,0.9912783986386953,0.48768014376626145,0.8636599777609424,0.4219048474079057,0.6390123376103228,0.7103367702470413,0.15667486795993424,0
0.21784,0.602417,0.454685,0.8781796112312173,0.2141636389704552,0.3765102196217722,0.4756983023775532,0.3716855895104165,0.5185814724716,0.07707037573227671,0.3286251732613127,0
0.729196,0.818686,0.964255,0.8118379912294126,0.17239722781516864,0.5923464108910317,0.44342050869886507,0.9939205712869481,0.1963411819482732,0.7002222202840089,0.8353163344046348,0
0.922033,0.113397,0.425313,0.6496304565424369,0.4400024211401832,0.20764015120791068,0.7190273225024982,0.2712326010455046,0.8544578935885383,0.49692677615264513,0.8368716827112788,0
0.361551,0.244763,0.940087,0.7058388114078921,0.27353852564868664,0.17584891627768184,0.28650155905546515,0.7260285877012556,0.2318647433019213,0.9661302737943928,0.07792363476532105,0
0.788549,0.077873,0.559557,0.11198299347677632,0.21842196661403168,0.00931280659194511,0.1678357463438369,0.13372206829356614,0.7319532581984032,0.5741616309275491,0.01926481359050425,0
0.194285,0.362321,0.150314,0.9286669425364854,0.7855332086611402,0.23998287120700257,0.8917849968003232,0.10585860015596416,0.7247631767366102,0.887341126202784,0.5007532607368415,0
0.668827,0.852244,0.0138401,0.37273244419435225,0.7746273964775987,0.7327168434099818,0.7670883296736711,0.14469055293084576,0.9713495911760984,0.9300885357013623,0.9950303429217698,0
0.744619,0.889217,0.095311,0.2751373827254696,0.04382481682902417,0.3103067067853015,0.7859944515057663,0.996550490382081,0.5066580430749976,0.7580539753616559,0.6065243505066367,0
0.416883,0.937374,0.728599,0.75449241102485,0.08322445193194206,0.8588152179666428,0.1610039558975882,0.8400332640827528,0.40143108878752476,0.25757309629401204,0.1649880158345377,0
0.154331,0.00702946,0.701106,0.5521211625251666,0.0351949986054193,0.02504900249951414,0.06045310699320361,0.008472249376831553,0.3897281668984014,0.3010622990186591,0.9347317185886264,0
0.966785,0.621396,0.832542,0.31232862528274785,0.3526103902933191,0.8711046927773962,0.6734323015559621,0.9607458345513953,0.30502892566236894,0.9567245156412387,0.007120716588616682,0
0.0425606,0.277806,0.000802773,0.521867941377093,0.24468665744717366,0.3462267558297468,0.1729846242534977,0.377246847644217,0.3949388806699867,0.5228622395753992,0.4708279105557891,0
0.768995,0.41255,0.092714,0.35067737788008446,0.2683855593323846,0.12289209446394711,0.07826177980434046,0.20634738602457803,0.6448490557078492,0.5632533857576894,0.7852463787327492,0
0.795516,0.198476,0.132237,0.9724714925409721,0.36238056135829333,0.6142911103679634,0.17569360928401878,0.9912999919655392,0.7596700546146331,0.12027601877585914,0.5363744330857042,0
0.397942,0.396971,0.405159,0.6586697512140253,0.22379582479328064,0.7213118792906626,0.6784042281248167,0.2448248612525037,0.791020151340164,0.7764186428641151,0.9514513468931987,0
0.893929,0.801893,0.596343,0.5191429616373592,0.9852109986013432,0.32637430151948055,0.6722470521466484,0.44691358856936014,0.5813133360888513,0.19817817493899326,0.0642972840463002,0
0.246929,0.875187,0.530146,0.06732373764375665,0.005820734667380756,0.08581324003385216,0.7230417227612908,0.21220762627610434,0.9963749208440991,0.6674494811658609,0.9087210248440195,0
0.475543,0.796707,0.240284,0.7025218360082214,0.5566558491517468,0.22885714761449893,0.37181017840829667,0.03975411735729495,0.5759033557232319,0.39838238493223566,0.6311042242394328,0
0.300538,0.162463,0.584813,0.8319844577649687,0.18011550262074993,0.8613650030633488,0.20028088517463205,0.09237219546604025,0.6322154280706689,0.34370560700874586,0.4923144092420084,0
0.784685,0.717304,0.78213,0.5377613042184716,0.7262784468281988,0.12911159135036454,0.08653239814765523,0.10935560190182947,0.8192421244103294,0.16437532069027405,0.5244386758108661,0
0.649031,0.121482,0.210741,0.9423492736907724,0.5201788150634659,0.12787429337015765,0.4781882251795838,0.2465222987421518,0.8697447042369115,0.26486089089506293,0.8752269717219047,0
0.841534,0.960905,0.965791,0.4969143430972738,0.2923543565173109,0.24405274890645945,0.580484444609621,0.7323984486409716,0.4559693119714595,0.799984325355817,0.40955756290922163,0
0.514879,0.946355,0.201176,0.7948110469960514,0.10222239431608104,0.809830709487779,0.12071036585939976,0.9023440118750955,0.8712604865460435,0.7803171157346422,0.2913454935969032,0
0.704435,0.764804,0.823155,0.20283121243755176,0.24461365152533876,0.14633404939518924,0.08645967838228452,0.6237529164388266,0.5079590109124152,0.970487853538474,0.7805457010635152,0
0.895566,0.977662,0.3426,0.5214410986438304,0.037067982281222434,0.46785089089717924,0.3654661210824113,0.5975102650745592,0.9577132344050263,0.5079583020943363,0.9054350375897043,0
0.782238,0.035196,0.527775,0.19986132335076467,0.24502303091460687,0.9296381452178282,0.5141821592014523,0.3744000715809085,0.7728249065082641,0.3325519589023387,0.6320393737226414,0
0.758119,0.404169,0.537685,0.4408414999779554,0.41371154727737147,0.8975335796022761,0.059119323936127954,0.4064130475856147,0.05535052422808184,0.7947494778531846,0.6133521633674396,0
0.921007,0.965379,0.186662,0.02670029405792551,0.8914592450735175,0.7129314012879426,0.7445819374016198,0.0758953011944219,0.79703489533221,0.22813541965876127,0.15596528269272292,0
0.46027,0.391897,0.226717,0.5026119038622994,0.6818642083249202,0.8876753296984304,0.9200174626427363,0.8520362388637488,0.7070560064588611,0.03315025613792033,0.31248635848346473,0
0.268966,0.749379,0.362205,0.9440194081036578,0.8676390502550058,0.021711896360735894,0.6215650571990707,0.4204156868936543,0.22386977207588998,0.07374012468392555,0.44650159231927233,0
0.379888,0.0559073,0.950893,0.846740162434962,0.6452784633447062,0.7359838364063422,0.4037406505743426,0.6696960477434823,0.31843190133335697,0.7126362856504652,0.37207459531048404,0
0.190678,0.701942,0.0228678,0.06512593005162359,0.1903789213232564,0.5102045462483354,0.2611951786953418,0.2974588012368865,0.3806869004727098,0.7167488549486734,0.8340743318551205,0
0.419339,0.889265,0.248578,0.12764909177793893,0.5340991464831434,0.64791169035715,0.5701492398067224,0.32194346046813216,0.6983972757863056,0.6372312207580345,0.5490500682160778,0
0.447543,0.705351,0.857513,0.1782078475611516,0.5825087133267591,0.1563500888562056,0.4644858827907561,0.22168865903438817,0.05080694436434263,0.2628596320822826,0.8685746891017758,0
0.487541,0.578393,0.273312,0.5595754434051136,0.8903583443017119,0.1812938852853243,0.9688591545460465,0.6715683162579983,0.6704234551257012,0.46488111023183853,0.8797955058723771,0
0.668167,0.0726539,0.589604,0.16121552205920275,0.09147659469699299,0.027896510211517844,0.004114750166793413,0.6959586174344861,0.4532039564392325,0.5041914128106718,0.5117113999366689,0
0.399642,0.235496,0.255543,0.22025098416355127,0.6743208527138621,0.9994394459051766,0.10682627834013325,0.2747084170915457,0.641642587091863,0.13504990760258928,0.7241090298763907,0
0.0192794,0.404793,0.684752,0.3456432878711815,0.5864262286860787,0.9190933898504755,0.5042672111085985,0.8014027277090103,0.021218581962835326,0.15046414596528612,0.8007523039331683,0
0.96599,0.615593,0.485823,0.8790584391592532,0.37038148229307566,0.057420887089561945,0.2980344105691669,0.0006563660192534515,0.7458421350347949,0.7737081455633578,0.6813380809491196,0
0.820183,0.788112,0.741173,0.7887916360636953,0.9951007707740592,0.646622576070474,0.2591634216776093,0.2917138608512546,0.6256485041960537,0.8515283144779937,0.6432501470003876,0
0.760771,0.42895,0.600727,0.8452862467096826,0.027004066423883533,0.4222032263544543,0.20468467137781543,0.7314366359023431,0.39241564653087035,0.5342739597896727,0.9785650730616617,0
0.0482289,0.553689,0.0132032,0.318977899379038,0.30888038624504854,0.4505112053933237,0.7512060123872109,0.31567162456112474,0.5765019525501783,0.7121640483373882,0.42634782604022814,0
0.983918,0.136246,0.307889,0.6385687862739317,0.9800246964923157,0.16720309905824104,0.09426452303210364,0.7982132232571674,0.0053865916427473515,0.9733571485074632,0.5920484057131674,0
0.951833,0.926052,0.799946,0.42805039968936687,0.10578088728491097,0.6622446583098239,0.9843173772728603,0.020615085603706396,0.9645269450035234,0.29029150240923496,0.11052221310742627,0
0.273354,0.188698,0.67836,0.16253709285151963,0.4131098488399777,0.038026909942634246,0.16569488568047386,0.7383585718268204,0.8823716706303216,0.09576781373104237,0.6212038289470391,0
0.707294,0.481318,0.100694,0.9280906611734798,0.23050245192204166,0.11594182772482398,0.12080739020032383,0.7079153853126159,0.07337504683049945,0.1805850682132123,0.6725939967631526,0
0.141534,0.211384,0.744297,0.01899099710294505,0.18445383305094132,0.5890604016216122,0.4754776073480693,0.5949027554789396,0.44958294213856,0.7480261679562284,0.10937575790486342,0
0.121261,0.978142,0.652394,0.013533347490261027,0.7140532030776988,0.24506242422767222,0.09022583697400022,0.29863596073460563,0.7436218385910176,0.7941318406891256,0.4405342412689862,0
0.410513,0.0710986,0.966823,0.12390095628405562,0.8989949062909548,0.8440846828683044,0.6875432359118931,0.952924972045188,0.2378192181433182,0.5201995050407147,0.1638366461366343,0
0.0265285,0.771512,0.590088,0.35983010634552726,0.7894543367413444,0.3674007896882361,0.2264141776564712,0.1675073051441469,0.35876946154799616,0.7492634556473892,0.549758420626063,0
0.425158,0.275925,0.516712,0.4028797738842942,0.7751906708907379,0.8666011121890747,0.3825874020051949,0.5056039208560884,0.007705322264442871,0.49421197661731486,0.7645055587831504,0
0.51107,0.383499,0.252409,0.5824986612782405,0.7282495190016189,0.0355168852308575,0.05726619496900065,0.3658188919892549,0.8764984277907562,0.40058972123251724,0.5928321388470424,0
0.311672,0.291581,0.852553,0.38390798381046864,0.6011333117114869,0.9341533511383358,0.8987349659352681,0.6691362267535217,0.6623663735095793,0.6333911723779887,0.8960600543432604,0
0.629547,0.51783,0.439703,0.16826310328545746,0.16470941834334296,0.3503499448348353,0.1350660648918427,0.9510749565171236,0.8257954174090819,0.944996776156477,0.6257245834635473,0
0.775256,0.0965997,0.57668,0.9637254834614579,0.6816948677167636,0.2838783946951462,0.9803254674724006,0.7710578153791466,0.6859014007980158,0.9737922119445354,0.38346045123277617,0
0.933862,0.186578,0.164061,0.5372484898546129,0.830177731098672,0.9335556160155096,0.24604665041036067,0.7072464611677244,0.4568931235845187,0.15514284867774253,0.638236697537572,0
0.0285632,0.487538,0.984256,0.7759637868858358,0.7708334663537676,0.07203159709333307,0.04446469414602772,0.06368107411365165,0.1382963297987969,0.9210296325614077,0.41846558589239236,0
0.481412,0.486639,0.297997,0.9159452775228589,0.23910650642764708,0.8807156309441845,0.9770381820273705,0.6427929261553553,0.5420839898415414,0.23071091373602248,0.4580696881474472,0
0.016178,0.208096,0.283158,0.009058404537679143,0.8429830113054434,0.06048842879370353,0.950233746551895,0.9040135924457179,0.8368961872775111,0.3233406503807521,0.2078289005644961,0
0.434023,0.361592,0.670244,0.022999849594457555,0.327429448955855,0.9546533112762505,0.9894323776669571,0.8004775016039635,0.5366383107463994,0.2001277197584873,0.5005424425262729,0
0.952154,0.689836,0.739931,0.27580352037383915,0.5352153954671962,0.16953927624152376,0.9295310651088086,0.8385182366140753,0.1029524197380185,0.08643112695395438,0.32641336965142165,0
0.363829,0.26727,0.505903,0.3020384333825714,0.49272879081612064,0.8290339322762056,0.7833562414102776,0.9357254741255383,0.795953307951936,0.1992063922762145,0.7719074765552035,0
0.54102,0.962352,0.180871,0.38936166407756456,0.8806172986753145,0.9357701089282362,0.22818968397401995,0.9016418124685988,0.24879811572665844,0.25013986295704693,0.38446108179492666,0
0.690803,0.474051,0.946723,0.11333067118772633,0.8097138960089001,0.9289341498566176,0.0033062637628487046,0.8070961381303213,0.6916730059609979,0.00023604624956541365,0.49680513417920846,0
0.335551,0.00327792,0.951273,0.2537518094268194,0.5579707048081861,0.8139667253992212,0.2620263021455642,0.5851085288014162,0.20296505021351363,0.6415406884880162,0.401114224430966,0
0.727825,0.679977,0.899594,0.4837335880707305,0.15770412989852567,0.915033853200713,0.1787457322198177,0.030501765686906435,0.6273558756953561,0.8673215756398772,0.47332405979705294,0
0.881411,0.321249,0.843739,0.11857454400855438,0.4352170025872798,0.5150082325586841,0.08826906308257532,0.3662520904498733,0.7207276669857341,0.31616454173819253,0.21022957707431622,0
0.583021,0.699693,0.0336761,0.9992286599524387,0.3237316334192194,0.15700223071312858,0.3509036369781582,0.6424175419432268,0.14493792972552955,0.17543363035770698,0.06438843724174326,0
0.670406,0.181605,0.17739,0.3948075130372246,0.32978214200996536,0.6316053058499561,0.6771832650865331,0.05352087420531648,0.6592945331749506,0.07655970310177429,0.4852804471998011,0
0.634038,0.133434,0.490122,0.7006248390265681,0.5704271727593053,0.6614676673726467,0.8959337588400146,0.8659050683859675,0.5666275897741548,0.17923946872034002,0.968865626609837,0
0.741778,0.416108,0.767659,0.5753577161202887,0.8629153135505944,0.1104664677109819,0.2013014565874186,0.5230042800249435,0.44101511351128175,0.9207700792423595,0.1600618753640921,0
0.219199,0.273238,0.806332,0.7711957842377167,0.16225611301393117,0.8604732743503298,0.6993299931824465,0.2534018128534222,0.82114881943583,0.2719681066232025,0.668790693924544,0
0.800921,0.843,0.143463,0.4103914925324105,0.8959798708977419,0.5458965899145655,0.026240715621641764,0.9845243408171522,0.3525508179549748,0.2649082138054242,0.6612552456643842,0
0.107147,0.71636,0.634011,0.8976759348138842,0.4878845823083545,0.533611243211936,0.0734351239186295,0.9464318414341538,0.4209645546842813,0.304112839078545,0.05722390902230956,0
0.347127,0.80107,0.485921,0.8480896856375014,0.6697557183660043,0.7311458080372584,0.07530016931369399,0.018670474700693385,0.1161906303860426,0.34601858116633355,0.8349451256935431,0
0.516619,0.410036,0.877305,0.5389978952198572,0.803203997082296,0.9774772747338111,0.8775353999966333,0.03390018791526184,0.9756801023198435,0.4860043718420215,0.11779226129439369,0
0.137619,0.35237,0.0349306,0.39530758971287216,0.34788278097854153,0.975799417726004,0.5067173513328431,0.6318036797354879,0.7378421809035014,0.8053451006818302,0.289427467364924,0
0.631132,0.874213,0.872088,0.8101065450337093,0.25500423387991866,0.22398571280253232,0.6816818426824233,0.8999212819158995,0.9141385106567309,0.09414302669961261,0.05884615955727246,0
0.883431,0.390879,0.724471,0.589248150653253,0.9073525616159935,0.9719860558693164,0.28555087769145016,0.9895933586511373,0.6519855807255296,0.5176226532137806,0.7187870068984068,0
0.998222,0.832845,0.676872,0.6689504227448729,0.3167127004864704,0.049564551041512916,0.5960336009719899,0.8445029412807544,0.6131456994949097,0.010600955735169393,0.8456783602567165,0
0.0894003,0.913515,0.973872,0.72889705333339,0.9172434329015055,0.8663196347910003,0.7005896221787737,0.17470811882342407,0.34532666962579106,0.9040607671351191,0.740148868207556,0
0.970577,0.973014,0.516087,0.660860799337825,0.2358512411076854,0.40669440621691777,0.8248242155016224,0.8634497408720603,0.40873962638498873,0.6666200806653443,0.5386006118856045,0
0.225599,0.743232,0.658749,0.3723102625028858,0.12679388272545222,0.8077458940126013,0.19838330130525506,0.6572685612451806,0.8034114485344402,0.685087141414979,0.10229863458809518,0
0.509248,0.678324,0.72195,0.5189985408336608,0.6436399596498699,0.8134200622387369,0.4361542757701419,0.45656573036158266,0.8461852810657642,0.08634420055743197,0.34743873015489823,0
0.903109,0.606074,0.495108,0.4406066086846354,0.001621464727317612,0.8694663415460915,0.2800562793840634,0.513632726982813,0.7081233980105714,0.8200242335815374,0.4416018865692526,0
0.591299,0.658694,0.789226,0.44358338860151547,0.17992789643999363,0.45310562392280906,0.9338363727674058,0.6038336965013233,0.7963572875335089,0.14245784818622098,0.8999449320428062,0
0.109169,0.614775,0.933732,0.03147382131081933,0.806548353791705,0.09299361154029939,0.8336612629338342,0.212608490742056,0.95685665466726,0.9430494767555313,0.05592042498820293,0
0.599355,0.672326,0.965021,0.9727975128236366,0.09102725882715967,0.4973767331627894,0.7733302555642261,0.11306648323468571,0.1972299555407725,0.40188362952604995,0.30081061953537014,0
0.880483,0.579307,0.213753,0.703596113284809,0.39289126276622766,0.08882103288011078,0.8024338436254945,0.3450523896510953,0.23890369806818812,0.49771009664178256,0.8802994359572021,0
0.789414,0.0617144,0.785239,0.6161037109544776,0.5396330433808718,0.6788356093716873,0.03973373142274439,0.88941301359981,0.6189213114146163,0.8373636955366599,0.5403069543117988,0
0.952396,0.378099,0.678369,0.9705891485561144,0.1271567891489389,0.430533722269689,0.7586372432062516,0.9163760994282264,0.1447510555567909,0.8239095162152088,0.6323688997185228,0
0.106068,0.702907,0.822437,0.49324253144271735,0.07766910521257675,0.036459253003449765,0.739594797775479,0.14433439369247414,0.46474038374696947,0.4876935587761173,0.5538656836054803,0
0.437764,0.409475,0.14604,0.8083185465335958,0.5675420176653976,0.8982754909356228,0.408007972638169,0.9914418871872908,0.3057555366410839,0.5267708547322072,0.5000132794127898,0
0.136542,0.812528,0.279367,0.9566715310951982,0.2621799173380196,0.14136903263677114,0.019464503266992783,0.6066045303597674,0.6570413899796038,0.7726024574776077,0.2843129285665297,0
0.953475,0.771609,0.00848537,0.12588373571852318,0.8601253304186643,0.3583490367117502,0.8969676723270004,0.4745984457968271,0.17322358269461335,0.18811127358773583,0.784796908557197,0
0.169103,0.923019,0.0264695,0.8831631745087787,0.9568839088697096,0.24364793372987015,0.14800432477815473,0.26894017299299633,0.4289304189522065,0.7148500456903107,0.9583176845290771,0
0.547694,0.443956,0.558336,0.5754475185609976,0.22987707006117097,0.4012294080452793,0.8056179803556381,0.2148690408331282,0.9224567713825309,0.4470185220052847,0.9929138670262448,0
0.972143,0.872148,0.00551807,0.2548194624323895,0.31443981573932256,0.9874349584816026,0.7805215182073183,0.48878397234112403,0.5193381978807796,0.4173271669077341,0.93089355530247,0
0.136108,0.698703,0.551368,0.14423224607357488,0.1955484613382894,0.3650194288064882,0.8321712210484488,0.5290681093545074,0.45837819341251385,0.918647069490019,0.9874768341911954,0
0.33128,0.153047,0.382549,0.751155107631796,0.37205818339001473,0.7018699680706523,0.7432242538981095,0.3929235566074223,0.42821824055704005,0.10424699448865582,0.3775182666325183,0
0.730746,0.419258,0.506825,0.316032197777512,0.34972040075183364,0.6043031377916087,0.4451903044575308,0.5778824417890215,0.18648686445685725,0.9071031942085269,0.42223551035390905,0
0.680777,0.051854,0.079117,0.9756554632151659,0.5753816038939822,0.9324545952660326,0.3543992051671555,0.7604218912980849,0.1689597703566611,0.4691547801857838,0.8623590597724015,0
0.192378,0.078012,0.0331563,0.368497225699996,0.5912602123820502,0.28803160153963114,0.36027851783288234,0.02854794144097561,0.6232317872241037,0.8718058218124838,0.29690077132511494,0
0.291641,0.983171,0.195139,0.17951623287645635,0.7014463294275345,0.6020984259707427,0.37930279104754383,0.9095975858185739,0.30824210905451244,0.712075785870152,0.38441209997928816,0
0.275259,0.549634,0.85817,0.5038163029958181,0.5846668553524351,0.2849027270816833,0.6927928498587421,0.9644396300609158,0.9267502647768886,0.9137281287892213,0.14549618780674656,0
0.187983,0.114184,0.889696,0.20420039311009175,0.8656083618969461,0.4514892067711078,0.73718599328687,0.3495865708413781,0.4624637344164274,0.1349677470938071,0.6316947798884097,0
0.256548,0.549936,0.498421,0.5020042312970193,0.3261830749774114,0.1293203542137794,0.8364842022353962,0.7087329158557916,0.8918836418163354,0.29762795202468584,0.838746105309723,0
0.192569,0.687872,0.951817,0.7774193243369103,0.37536236637909526,0.16066743349585166,0.7151802172057375,0.1065530605969004,0.41249926950024884,0.44027717766688446,0.8255956909910516,0
0.706996,0.857697,0.999753,0.23784236039618611,0.11081201455907252,0.9483768320721636,0.9371860599259194,0.9789287549755264,0.5986672613298268,0.7192490283327789,0.3149178075537029,0
0.0960945,0.690593,0.777763,0.5623887714874656,0.6804733101981025,0.6708285727711094,0.24455335571265902,0.6714811333903513,0.5704507919538774,0.4636800762787947,0.7550642244023712,0
0.852673,0.690949,0.941243,0.9519096318328629,0.5321531007166851,0.513879367371574,0.2077133194826294,0.7899666621686204,0.779630414058842,0.6798371911089485,0.2985180271864569,0
0.390196,0.934813,0.521876,0.19079414161370678,0.09272638853293602,0.0838328279305135,0.5946156088921818,0.8821332583199061,0.542265646768664,0.3360758597580751,0.8532896951223613,0
0.499347,0.650046,0.341412,0.9857572706859861,0.5230558105085711,0.55762161169507,0.7126766780245111,0.9445072264990382,0.9682254306132438,0.3249420882508566,0.563958952066429,0
0.810034,0.205694,0.835267,0.3965270344528601,0.1031421846973225,0.5448921245341198,0.38007641653915347,0.8108214448828334,0.012337428653482752,0.81573915147794,0.8998789454990886,0
0.892998,0.0972718,0.0390526,0.04688260617425066,0.5731220458153116,0.2670206320329681,0.7160773950119727,0.6687047915062726,0.0368839610968722,0.8779133075328058,0.33541973802320735,0
0.492502,0.607533,0.876078,0.706399799700375,0.32135921531353806,0.15638879174695497,0.6586461346677979,0.5845307570618381,0.37725402205600544,0.14416988017683952,0.7338388915139982,0
0.527047,0.542754,0.247935,0.4658095529107451,0.03842170806011169,0.8445608877506077,0.5762542957682524,0.988671144572868,0.8900486756461183,0.6589838523641081,0.6876539983120622,0
0.819216,0.209281,0.0885384,0.16328940483268417,0.7725671091888915,0.3520258705581435,0.972782873056232,0.23012019137458906,0.4550956568873745,0.715558254472485,0.9298986019356715,0
0.697696,0.641777,0.924451,0.3230665217886943,0.6609399590201369,0.5996643887847993,0.9371765210065492,0.1796319001435308,0.7393088390742114,0.25212808441452006,0.8736223887424598,0
0.990973,0.659722,0.208323,0.47516522725819477,0.2051361676062472,0.6274924440381189,0.7626260363152612,0.3497622408668848,0.8661917444938892,0.3739764679583665,0.3629317038774227,0
0.0893814,0.299088,0.126133,0.3739865678792942,0.6938564962946261,0.7024233863401187,0.8057624829587338,0.7506050658726358,0.3694684178837402,0.3762563292417882,0.7990149338475075,0
0.498361,0.240279,0.419032,0.3741187094588475,0.2710136626443471,0.7482767958067699,0.3891229180110798,0.7528006386526117,0.09080327216405526,0.7564029546259549,0.30889805761604616,0
0.978312,0.547417,0.9954,0.9060332744903652,0.5420315422777637,0.3971094260123541,0.0022954198837294992,0.7572128971970467,0.6606926576615693,0.8838039140499029,0.39678467093253145,0
0.169648,0.306695,0.424695,0.01948613840332769,0.6072279117852009,0.3587734937445558,0.11765027348471935,0.3983967583293717,0.22276411174931032,0.9054414245062555,0.4845745631235723,0
0.343311,0.362233,0.909997,0.6265381290609172,0.3261164116586115,0.41335360547993194,0.7916552341451499,0.6814512927598126,0.8389332641562728,0.4725374120689484,0.9684057773784648,0
0.657269,0.69565,0.804718,0.550754380117742,0.21008460988698907,0.8650776257411049,0.9219602182967579,0.7004034019271149,0.8811208547794535,0.6165090365789464,0.1415291066480323,0
0.730895,0.868962,0.249212,0.6493726697968988,0.7172445333579847,0.17375635664207822,0.5624374245947921,0.7196433301424391,0.5179594112798612,0.11597634217994968,0.774623492069782,0
0.68225,0.549684,0.644489,0.8625990797023975,0.2983120089761062,0.6205207555620084,0.631658440007302,0.08656190883580972,0.8993406509139594,0.7504402247407739,0.6871947828391437,0
0.431993,0.42817,0.264047,0.8183056046264019,0.9224850430086812,0.9475803090899981,0.8593800393609758,0.10056945049035926,0.619916641546625,0.16674088473972515,0.822205205260565,0
0.944364,0.375676,0.699499,0.3404597717448897,0.9172503765075755,0.93076605764353,0.9746466910008909,0.4145755232512319,0.006069430911307627,0.49198653081697274,0.1634737848757497,0
0.15771,0.041152,0.488664,0.643191573486903,0.34264934460109053,0.4736155906099955,0.1530563333914826,0.4224503308872163,0.9482232852843822,0.27470871465092017,0.016056856090768568,0
0.447802,0.767878,0.562057,0.8380015135470774,0.1444672978758612,0.9438216202414451,0.6929637641424465,0.42476516041860235,0.6023240765956192,0.8547580158665832,0.8794633575590635,0
0.318497,0.709174,0.0652306,0.3008302816940517,0.4201478890066891,0.5190550970798655,0.03503466348727047,0.171547640513513,0.966070514674655,0.6536612800484473,0.13716347637965298,0
0.724864,0.00801393,0.657436,0.691295629949037,0.7480701529428228,0.5194752041775157,0.9670632230792502,0.11837755636187608,0.5549856790658996,0.9769567256236092,0.47393960694170345,0
0.450788,0.391295,0.556724,0.35371950809558705,0.6910101369698068,0.10800923464814383,0.7320500494021318,0.11637768386498581,0.13649570661536659,0.6935724508297727,0.4586447218481342,0
0.453773,0.133067,0.975169,0.845807747174481,0.07462915854526508,0.5768676564958221,0.6136345551585339,0.8863279645774763,0.8969107086159273,0.8617805951389639,0.2580535606252542,0
0.545999,0.859562,0.468232,0.5047235413890516,0.2598215268706907,0.6194445500291688,0.4437110438490105,0.8432228116719783,0.3782614348313744,0.0930655504302993,0.9177786294180771,0
0.392483,0.308852,0.122566,0.237894707061572,0.33531220169503695,0.17796621977948668,0.16224403396732423,0.28320688225474033,0.4462156329949777,0.48238270268865624,0.9722203233944335,0
0.382847,0.780215,0.936533,0.9374693216408198,0.6132264028118695,0.6022046006324784,0.28655106234176897,0.7263429592832361,0.08124529882896048,0.9584779264788401,0.09725047226398698,0
0.971178,0.868309,0.26945,0.14613508816300158,0.24917186118911605,0.375641911932723,0.4700224231052623,0.8982404732982227,0.3571906145683843,0.940491474653976,0.8353532220696254,0
0.661973,0.46697,0.433102,0.2547902747448306,0.20520583313753826,0.7985197230388342,0.7758162027721488,0.9412129649806787,0.19940948415654236,0.15792344530180502,0.430529302795306,0
0.211032,0.0720581,0.785271,0.04245794768143585,0.11307707456879157,0.8442668019763823,0.5576039656805248,0.12447136661231484,0.4790920636370831,0.9607163675960686,0.9858217052701251,0
0.752088,0.726914,0.141607,0.674810883501891,0.9519764152375586,0.28293623116514555,0.8213196251108672,0.13667475770413073,0.23139780865855597,0.9288447843395476,0.5436484086044804,0
0.297914,0.835192,0.230708,0.8318452530862288,0.5510049763402257,0.19783406777976698,0.6421537826808814,0.31849619633719584,0.6226758051214599,0.527051339556102,0.37070170724535845,0
0.541361,0.821279,0.55728,0.7654147526306634,0.7438533598222614,0.7608402196081565,0.6330662279215484,0.7346606168234501,0.4552613215973599,0.43974281280873173,0.09333978306357593,0
0.743774,0.547692,0.116069,0.22019315207405765,0.8086277346748448,0.1480881361589994,0.7338803833481535,0.9820446262624506,0.1303777908406304,0.9974842995653223,0.059958647166948875,0
0.392239,0.685454,0.213159,0.8512144559586352,0.8157298856031222,0.44043931862024055,0.9624233911441691,0.3955154894821613,0.03514204674990962,0.6098244758585285,0.1352368309237042,0
0.84652,0.778806,0.855643,0.29545354409351265,0.6839079214394564,0.7361059619854117,0.24453376635794688,0.8691339624752911,0.6271862007864722,0.4514123023183799,0.19770248719571115,0
0.108851,0.547698,0.450294,0.2087265785560547,0.09426385422492856,0.9664607766066928,0.4173521003827759,0.7772404318364504,0.09575925951764985,0.17830816608930522,0.8588330296509248,0
0.0349757,0.499985,0.862569,0.7631838817199701,0.2539197629896591,0.012321838755451453,0.5074945931546594,0.6988575289008234,0.20219865445835306,0.4504170372079944,0.7555288071995153,0
0.497577,0.320688,0.84195,0.7662517670837609,0.6903072858173563,0.8219820628653648,0.11430221738125568,0.2712580691242026,0.327794731371041,0.7226348314916443,0.007435596826379509,0
0.494044,0.454263,0.261696,0.5429306658193906,0.8928299251732592,0.8054596599380812,0.2824911807400068,0.8964901861603487,0.04541323504605632,0.8900336270527388,0.07969708175127588,0
0.138411,0.990944,0.496942,0.4124503231356501,0.2090222716321597,0.7128917218304757,0.984544666904634,0.06290075423505403,0.7930162395789575,0.5150661240915169,0.37777247550803295,0
0.82812,0.951924,0.0924854,0.1612859319962312,0.4935002110302221,0.6780579847496319,0.2658290844612432,0.7702889211556453,0.29006315414749706,0.32435361591920164,0.10237301280384614,0
0.718411,0.212539,0.505351,0.17673912964761018,0.14227780075981045,0.4640720923156101,0.33289081353004923,0.9099740790822644,0.8406736568532963,0.37460962048499913,0.8064689849937078,0
0.100064,0.206869,0.820463,0.40509516797924516,0.5710395964069737,0.8151804081976347,0.806282555175222,0.037450028573110083,0.674004659523714,0.7852920251989756,0.1744391330618359,0
0.654268,0.745981,0.436441,0.9856034953486574,0.036506610407840534,0.7739838601375422,0.39825936588664024,0.05138926765569163,0.414030545969164,0.8558275922215772,0.3783888002977218,0
0.903649,0.718005,0.114141,0.2231219190917254,0.9673065877462729,0.5778389469702382,0.9532545790010177,0.5868975459308844,0.8815219639078558,0.6001649560044534,0.8280114148162402,0
0.884038,0.993469,0.0299826,0.8892183268251007,0.34382751947887247,0.2749589098989499,0.25279999026406585,0.7673799777443894,0.39596178013149574,0.46207024735261526,0.12871160872020793,0
0.881414,0.767623,0.0150339,0.6493395832437339,0.7259202652060376,0.822170253423408,0.3368712162458657,0.003482732932953314,0.3610831880606249,0.5948793181654705,0.5499926485218708,0
0.58568,0.901729,0.737733,0.16428295382718583,0.5172868428143439,0.7174585478004335,0.10693690453765725,0.8700257292912096,0.56478201517314,0.42364314450915197,0.5908445618677295,0
0.807812,0.497345,0.556691,0.9282915666544609,0.6439795435118496,0.9872523773497807,0.5505842698486647,0.14286079571553012,0.3293701215926753,0.2573587077143693,0.4114899187715274,0
0.320116,0.374419,0.989474,0.3049324112327626,0.05961780538409378,0.4579020048778759,0.7297704250313826,0.8046416040897145,0.5941782577207982,0.5227896434301741,0.14059868319487356,0
0.487914,0.678526,0.555409,0.35155824539080405,0.5459489196094899,0.25186719584974615,0.8356579622487327,0.7066770327008174,0.214989264271374,0.9893363954163765,0.28658612640893155,0
0.46177,0.773202,0.756489,0.5977483543220435,0.24453514155916944,0.13671228194005003,0.36157719191766435,0.20138877312678238,0.03801475244193342,0.36647877369459203,0.5272234351483341,0
0.832054,0.0040051,0.468366,0.20014425316321405,0.7868487092211054,0.13392595588446066,0.7204570819365341,0.9166625579369165,0.543983880021703,0.7261453566078057,0.4166409089607984,0
0.792844,0.271467,0.767785,0.29693541410953606,0.3437414078307849,0.13850746945297998,0.05982647291298304,0.4015996562651808,0.007537982982972369,0.41865174313500075,0.9360890421228267,0
0.65333,0.984845,0.0804368,0.39620874661228267,0.8977940406034889,0.8904354135696788,0.6281247544490982,0.5022122737934035,0.3664523075114521,0.5831235009583042,0.06040479799732135,0
0.155518,0.692888,0.333085,0.7303156633289108,0.40062292897086715,0.9759394762388286,0.49757913931121955,0.8299879045430207,0.5442824598671272,0.8286618161086079,0.851453899941791,0
0.644966,0.417612,0.336915,0.17543376108751885,0.48026342885923745,0.9910974975911498,0.43320677461793244,0.8409746487848456,0.371203119413252,0.553762267864153,0.7124083444295125,0
0.864745,0.536268,0.263088,0.49166447116205314,0.8877096109450371,0.8777076122945012,0.0673674564037885,0.6825708287062211,0.13873504997951325,0.22293030044903195,0.41264417252899965,0
0.872799,0.464616,0.47879,0.48988303193169425,0.5904267460260781,0.30337141922236854,0.8150519218323984,0.5631204509275927,0.7781777538725386,0.46929311353589565,0.15984942614610065,0
0.689916,0.783212,0.0331153,0.5934200781746767,0.6901205795662068,0.15935177210264762,0.31579355162256495,0.2726507017024741,0.2912983619126446,0.794934380260861,0.13513532355732027,0
0.828738,0.271791,0.968924,0.8258415068922038,0.05966161647860191,0.23925185357085976,0.874667804602034,0.07453426135012342,0.6990863333196672,0.46938204107294823,0.8494203980812027,0
0.352015,0.892474,0.486416,0.8357601286519821,0.3146421158214857,0.8728268686393267,0.4429202542127997,0.13319258952678648,0.01016555388850704,0.9651817215238581,0.9174064143303641,0
0.776731,0.534711,0.921751,0.21442948475004397,0.26866520772226754,0.016847000395926903,0.08300801288680792,0.2781451511743679,0.5357596448325477,0.5804123558024844,0.48889731611305676,0
0.456214,0.180549,0.0775117,0.006836561355515802,0.5639335748829397,0.8391080016712665,0.8813809978135212,0.9399615459464274,0.3618221639067284,0.14114203786518542,0.17948575045910842,0
0.12872,0.796818,0.622087,0.47818874181164006,0.41255962800391377,0.03155207361142964,0.10814199216837517,0.141760239145589,0.5610314567132063,0.5505216289496124,0.04911150335446235,0
0.0815452,0.159059,0.493718,0.6364840686372878,0.05854925714349546,0.9068972555269043,0.5308668011339753,0.08756264476706921,0.7785003431793864,0.05601588558670445,0.21880646677923443,0
0.498378,0.137071,0.11014,0.25531224917849593,0.12966760112919318,0.8916763760568448,0.11296371961941598,0.5587473702207186,0.13603897785616748,0.90443953772631,0.7604791487757749,0
0.52516,0.490681,0.0769069,0.41103303159373594,0.7278445120184115,0.3817416404591565,0.31809095306986324,0.3945282922356881,0.837978488688371,0.7400409769640828,0.4337919162093149,0
0.184325,0.0916113,0.277268,0.12645004262344217,0.410771169976214,0.5208906745817594,0.9910944039029854,0.4582519351513621,0.1260934659209002,0.5948402384754038,0.9863218168855145,0
0.941378,0.817866,0.559511,0.3400418038269346,0.8619505530026748,0.6306724353474018,0.8189600612590086,0.2995194842252601,0.8752935640342083,0.21813542734424962,0.4623284877901981,0
0.0562926,0.912342,0.786597,0.23124025092204703,0.7828046822889276,0.17159986190969068,0.9669161547533479,0.44476808174561466,0.38874595373146403,0.8442948673785765,0.6313840529191607,0
0.0777114,0.0613797,0.627897,0.6965780301479207,0.794531802348854,0.8924795970739005,0.5914005879552567,0.23652633740784235,0.7861610570467616,0.5782581904621479,0.8665807414623155,0
0.115373,0.32375,0.497578,0.8788289597872795,0.23021620983642077,0.9478722559062965,0.1889764197263607,0.35339809817867185,0.6548310407168467,0.913012658958855,0.1203506881706774,0
0.470541,0.371968,0.494181,0.3641797159903286,0.555317021862868,0.06958966554235957,0.9842784557927149,0.1482507895673365,0.08527334812591958,0.6951376283104106,0.7679739419853504,0
0.454135,0.0894029,0.0895871,0.24296928992816935,0.2502672371078405,0.4678325617353487,0.11456189526954985,0.02551574172893689,0.8765847741148577,0.6998051397342814,0.37625633048933105,0
0.971743,0.117069,0.284994,0.5471512575724916,0.8420281298552056,0.3414851255328172,0.2032361590265246,0.3076915459481381,0.15999314636062323,0.3163032061888086,0.7112408055282552,0
0.630022,0.308763,0.653629,0.8920763858601359,0.225486704518023,0.5192079524588162,0.6913030782051596,0.69465303109996,0.9632206718696145,0.599912818308898,0.9582144831267356,0
0.846137,0.705333,0.873869,0.2311711428199541,0.7976327468014803,0.266022969353372,0.5137737317941904,0.36851217029785055,0.3359714936774322,0.29843713366644176,0.9254076812677822,0
0.120995,0.0207904,0.960688,0.1303097051367179,0.30806057182243607,0.6484037945991867,0.8757593719132382,0.8465872089944232,0.5665939635641297,0.7557604894312127,0.16933105987426822,0
0.585014,0.742352,0.26339,0.8969595657927499,0.42172974335473834,0.9794386676507172,0.9152400864915798,0.47146711470106617,0.7152428199276133,0.5144991855781134,0.5951524639123131,0
0.385614,0.275192,0.0238388,0.12287607906508802,0.39925741928064795,0.8324898572524394,0.4216706106055569,0.314408026612914,0.8271980691986369,0.10133650460652299,0.7711019887561118,0
0.985033,0.0516803,0.399747,0.6661430237878252,0.12707899482151308,0.7999940096093761,0.9957838147626898,0.3771198689332701,0.354239120253627,0.4648009771344981,0.853029854946356,0
0.429606,0.672969,0.242638,0.7518704860629805,0.6833459659444587,0.9412476041563259,0.0999131522606479,0.782390603467029,0.8493591761574852,0.1858945666715951,0.35800423887560995,0
0.930825,0.876684,0.810602,0.37621742129854274,0.7654977716394361,0.44782887170850527,0.8813184770282172,0.911050609974776,0.8310714854960946,0.06145804754861739,0.7137043821574538,0
0.55589,0.712867,0.203756,0.7401473901949597,0.4068988587053688,0.2784188434176854,0.35884454103508423,0.8885267490316514,0.39352538331644726,0.19920347004719885,0.6682492995052172,0
0.706519,0.0169791,0.949717,0.42883756356954883,0.6104692215592933,0.09296252548466699,0.85265368457202,0.18767998653132167,0.6858651320697619,0.5788153161683303,0.817621298720169,0
0.213602,0.618149,0.79977,0.5883856777497254,0.009764167248748623,0.24864513412443467,0.8273900529876651,0.6907206763640844,0.7009455217381126,0.40594691939590255,0.06623307865611983,0
0.589264,0.814305,0.60053,0.054453359280137725,0.619285420915458,0.65073510727666,0.7496497861088066,0.8716906857718753,0.7539934317287699,0.7064234991575854,0.760308789234067,0
0.867712,0.870806,0.598771,0.7037440295978737,0.2151214345045771,0.6398029183251339,0.08697529056442055,0.15737907769387005,0.4788356227522781,0.118939442367756,0.7075998960738211,0
0.107329,0.978282,0.306952,0.7137065498725478,0.8364014395131968,0.647909171276068,0.5842899311611538,0.5206867835682425,0.030987248598912887,0.5055345412526004,0.8818288937127354,0
0.506059,0.886731,0.479272,0.7702808323056132,0.2302377130991603,0.42116849213882324,0.05979356223534282,0.6840044834098123,0.08811520860795996,0.08717971745692998,0.31726983069261117,0
0.801207,0.536637,0.826484,0.9674832892391808,0.27450738132203556,0.3865566506721759,0.9006793943509266,0.046918091863163536,0.3340716247838673,0.8446117967127295,0.8860331262888075,0
0.49526,0.520004,0.421754,0.3577238125522235,0.06314606411831958,0.6152374278417492,0.8096329435986708,0.9245176752229372,0.5450799376129665,0.2471638682907119,0.1688654717860505,0
0.822305,0.750909,0.332326,0.8327255724667811,0.11214870032188462,0.486876861768921,0.5959359370462508,0.07062348956142794,0.03656361932910601,0.048640626716233704,0.8735843390943622,0
0.609814,0.126723,0.832503,0.8820504304240587,0.20614440643657406,0.052931417424274096,0.27000500701709285,0.5218913916022594,0.008644580310637862,0.0996270590827637,0.9594502020393232,0
0.560982,0.555116,0.210099,0.8570844749391471,0.4522533995077007,0.07219171603006691,0.8968650965998881,0.14032768524756045,0.24313511030891255,0.5334158173513969,0.058653394065620645,0
0.914014,0.936103,0.384664,0.22968429653000833,0.9379231811965302,0.2009765093063911,0.8263951139396603,0.9455440018333819,0.03732891533784255,0.40943331720902865,0.32436376455225646,0
0.00786329,0.622745,0.13723,0.830693492048366,0.2283888439592786,0.5456774430838762,0.5995810966421055,0.264116635211332,0.2305778088757351,0.386043103645602,0.3839019490634893,0
0.226942,0.813102,0.59848,0.3456149483583192,0.39029969227190975,0.5259051411210156,0.7214623065827045,0.8418732831747673,0.12121687819016203,0.31747279809135,0.3571710101308365,0
0.253017,0.749491,0.694468,0.3712545123386496,0.14372339000461987,0.27492877584616304,0.7618499471683482,0.2763048941915722,0.7014316900890138,0.355534689987976,0.4767085748480834,0
0.19205,0.958207,0.146295,0.1856497920891338,0.9178609026538156,0.05960906280358269,0.17837629154124202,0.822830312632343,0.7642387298186851,0.7569547682545229,0.0044565171561148365,0
0.25094,0.191683,0.864292,0.9119952996247254,0.7651158725589005,0.9457783310935617,0.3579353458865322,0.42242435469393536,0.6715483595655296,0.2281742281747673,0.8952390535560737,0
0.783883,0.175104,0.181669,0.6381950045194534,0.7957410897910855,0.7181014440664601,0.36078564077227426,0.31705697020684165,0.3748168837431788,0.048762348947052336,0.3843490936399412,0
0.203339,0.0602438,0.680843,0.608772904068123,0.05082682131348204,0.5720648328548159,0.6515288389490053,0.6233941416968163,0.35638744756423446,0.4619893760411202,0.048861005451240724,0
0.85032,0.322672,0.964364,0.0590590560483959,0.6073700909696453,0.057975326497154644,0.9213194430184037,0.5612916699044377,0.7303265523278447,0.4800973934933521,0.3900367589972652,0
0.217116,0.20014,0.110575,0.1619167978707452,0.333636955265998,0.07631143778458249,0.5408992508689051,0.6952939067944192,0.09583394523536137,0.7611118540611105,0.5321630364023219,0
0.525315,0.216124,0.945377,0.7194148253190449,0.09841754898954369,0.26548448101352595,0.27684617910795817,0.13755810543149005,0.5592445355140891,0.42821567458302534,0.10564401783978783,0
0.963368,0.366236,0.811346,0.5441091918053652,0.47305579597268377,0.12358425042466137,0.13804460551367947,0.34383825437976556,0.9667283881858745,0.7879862624209822,0.05845354346417242,0
0.77182,0.993863,0.978151,0.90332373668316,0.7759265796590264,0.6417376580863715,0.4569311034365747,0.36988858317289597,0.16267059130511385,0.1999544606799578,0.6491572726165612,0
0.486543,0.0759421,0.0542993,0.22868846286225286,0.6566025122503496,0.26355275489167274,0.6670130864118173,0.29282909044247807,0.04583104132901128,0.33488948304029287,0.3800488766310105,0
0.0712622,0.826953,0.598979,0.22821308285750885,0.8933909922323088,0.305842007349875,0.8552006972719154,0.87049547911044,0.3433323493237631,0.7421040689848344,0.8016951468676589,0
0.575343,0.654047,0.242579,0.24166302128331918,0.03002450106998289,0.5600694798726409,0.0832787836856318,0.17513080936147785,0.06394711452296331,0.09541743737090558,0.6646071873614904,0
0.143698,0.766322,0.118827,0.5395787667427429,0.17653771615766933,0.1222607662606171,0.8877059469831585,0.14336553943306052,0.6372191642571899,0.046579644119219665,0.9020036881496372,0
0.44775,0.795553,0.555289,0.4160992985542966,0.16310067255853977,0.5975582427070526,0.007179822438101113,0.2584694295119154,0.7969113032870775,0.05977145442869636,0.25714788473059647,0
0.267129,0.910566,0.337708,0.78892979108407,0.20782391281721202,0.4611188490785011,0.018122629378386268,0.49178823800000915,0.9489648786653969,0.037246365833888184,0.9345905246970654,0
0.959475,0.789728,0.328094,0.6469968163136048,0.07884062719087825,0.19908091709106013,0.6468568989852165,0.5887766960748043,0.7512432771164891,0.2275153693290184,0.7539585946728327,0
0.83525,0.202431,0.981408,0.3698527752864681,0.11794971022335554,0.5503514738725743,0.5623776322995643,0.8993268170063463,0.9649624602960807,0.8097767134932329,0.12357111076941285,0
0.324514,0.164291,0.0833345,0.7168784672945415,0.028046871196860668,0.4834253757727034,0.7565832075249496,0.6894896127878314,0.6212470300674028,0.20960481479281623,0.0152759098396541,0
0.556423,0.502098,0.55034,0.8073903772286064,0.8532684243595183,0.26500478770859115,0.27782448207672483,0.9139510865297853,0.969480524401409,0.9566138453887991,0.37342297352358655,0
0.745699,0.134706,0.597327,0.21946543360874682,0.7609774606961979,0.7555056573993396,0.5644345926235242,0.32962695204892956,0.1994993758621908,0.9707381023522854,0.672085470725314,0
0.254001,0.813941,0.689555,0.9794709815998949,0.33025030437192304,0.5814163747540891,0.7912111936487811,0.3771554839547997,0.018096443899750958,0.10888971324093455,0.945319011409222,0
0.881145,0.636275,0.339417,0.4956823222100438,0.9777601285519544,0.5407348764293487,0.13294834167360758,0.21116748920224115,0.710643745254301,0.8081234534881924,0.24758971743704494,0
0.19368,0.671704,0.742075,0.2028601675594861,0.45134067715327,0.46514336888149566,0.348881534485166,0.8872944764856218,0.1065825121996904,0.24767596348526244,0.3149719696115665,0
0.789901,0.625034,0.834925,0.711204448857724,0.06140027468410203,0.8413536403204299,0.8458802105720826,0.7141366217895049,0.7463172304271762,0.3619818656266015,0.9101932729706638,0
0.684363,0.971423,0.10887,0.9161304906640446,0.333913673865595,0.2681643799643476,0.3468384466146386,0.5923012658925091,0.59922637990693,0.15744005342465728,0.7920405711370573,0
0.302599,0.398945,0.0332893,0.21024349959248134,0.9710698396112573,0.26013355990527387,0.22575193220765166,0.12427900983244389,0.12575116587111024,0.22854706917879875,0.3469539932825364,0
0.235235,0.11602,0.0237774,0.2908823605130517,0.5862722782709191,0.08921159202482842,0.0677839289101072,0.8316848780475112,0.4690470963342718,0.3814880629361048,0.30446444408516815,0
0.567618,0.148744,0.11203,0.052738374904150676,0.3690909824956321,0.902696508837907,0.0900274932120364,0.46114483729982503,0.5898788850100671,0.964395716034837,0.18731636907865457,0
0.547849,0.118871,0.904406,0.32819769306495705,0.8786373324961065,0.9592671083595505,0.5549613712796405,0.46246171857630125,0.21525244681346056,0.47657968266417605,0.004501403310175789,0
0.378022,0.944208,0.987815,0.24435123123761193,0.10451913078672637,0.8362357908320075,0.45497567719188026,0.4685466244960327,0.9620992088170083,0.0553064261298829,0.049836613980447586,0
0.914664,0.58541,0.837427,0.7925939767787078,0.9324148364664836,0.29048813515572414,0.9797605027065746,0.7733491341491044,0.9199685871051236,0.5186328315565127,0.22239972069758585,0
0.0385517,0.423163,0.46894,0.341902764356975,0.7961773468606187,0.7270081493162442,0.6837641933363752,0.17353415538015338,0.35832310251871835,0.4450134954408277,0.6861800355320192,0
0.377114,0.626923,0.254103,0.684237024612461,0.06404213667401659,0.7606722018722686,0.975700997227222,0.24414024230257958,0.5097850902102247,0.89775931323566,0.7665215382215516,0
0.864105,0.608931,0.685573,0.36277915667226945,0.2796120992885317,0.4789590252096573,0.8806428610243301,0.9770933340419539,0.4155749226217196,0.7665043157350572,0.9758741719604672,0
0.166361,0.953086,0.0613417,0.53811776281881,0.10363731627577344,0.48734988109873323,0.38302642740705806,0.7879561578370378,0.24969428684782247,0.9673336470335273,0.6238039184841376,0
0.193217,0.578036,0.99999,0.693102878207558,0.39858842196933153,0.4763396790667578,0.07315321511526607,0.4406974597060962,0.3544880536534901,0.530151727405423,0.5522638576128098,0
0.561056,0.79225,0.304083,0.578370994629433,0.4675061802512356,0.1782750243877349,0.35290476368834134,0.9387444405365272,0.5782245666994255,0.6446887934459696,0.21104961564423563,0
0.687092,0.256504,0.545848,0.16774738864782468,0.9582860700119231,0.39426042055953203,0.3576253351947648,0.09554687405472873,0.1652847520322881,0.93381132251092,0.6795979821544389,0
0.315218,0.836797,0.85433,0.11965215904005022,0.6510681168943225,0.7827625902192238,0.8644759244548844,0.34296632519884884,0.5556261578232642,0.41126358067602786,0.4094937434780057,0
0.708733,0.198448,0.734119,0.3972871082798338,0.1700865056213522,0.04549798220667167,0.4116051483980242,0.7627435530601046,0.12399276566048267,0.4677307476836775,0.39705202522616334,0
0.88511,0.697004,0.138214,0.948041757747184,0.9544640344703427,0.15609751282830686,0.8240231316191398,0.36141952914641007,0.6842085935179725,0.7109629362110925,0.6608844452222993,0
0.112642,0.100551,0.718811,0.8373747471653369,0.051138209486310315,0.4463363846437538,0.6010748115477199,0.3593087745229955,0.8211450952674957,0.43235621365326715,0.5250231315603507,0
0.334904,0.24689,0.43915,0.6183544752897286,0.4848030517228329,0.5572083065308601,0.9935431494811247,0.5559318159141916,0.18150632410154,0.24084200769773023,0.38145771421558006,0
0.19319,0.252892,0.560608,0.23659540319651662,0.04232917715275741,0.12531975634417125,0.8134534434452773,0.6072811887245189,0.6895046789803767,0.1298688448825045,0.4502739861608924,0
0.396456,0.604245,0.509143,0.8285082341426069,0.49638487991601676,0.4237417107321404,0.5667108697523187,0.6918193079610534,0.27508732886139964,0.858572568199911,0.24169869341777872,0
0.808683,0.650332,0.466546,0.39847654321436266,0.6635829384854427,0.8316983697161002,0.554676290967216,0.11501434608856631,0.1331052991027013,0.19526606245195766,0.34667009683612005,0
0.295998,0.00307892,0.923265,0.15443367292905485,0.6041760808832247,0.4817435161178396,0.18524729260660366,0.3875419750885698,0.5354567963468733,0.5153433416393188,0.5749542261619354,0
0.736023,0.627387,0.625195,0.5010463606332382,0.2316662085702652,0.41765199751329296,0.9748627757756644,0.07060886247382436,0.20976416842872492,0.6855804572429496,0.6183543242692822,0
0.30206,0.366203,0.388867,0.18278805846098722,0.6027154781960031,0.9496452257416906,0.3553156453161165,0.12016650206953428,0.558178201281233,0.9072068014181802,0.4994630349365312,0
0.720126,0.440602,0.334888,0.06277191687286487,0.4620171443980863,0.7387266378267671,0.40314626471611925,0.1604490813098044,0.5473716452142876,0.31886590333248055,0.07182924590650863,0
0.304078,0.367814,0.436341,0.00525972142194564,0.7234655734760863,0.7640900174503409,0.5316645965008744,0.5239816941205702,0.9983623870930892,0.2667471232952301,0.8101376480331418,0
0.61327,0.579189,0.958075,0.7475540616302297,0.5817080168187362,0.9156666994032707,0.08405630137044207,0.3183910806293352,0.14575438734155566,0.5623255315969863,0.9497141061376748,0
0.138809,0.654287,0.513641,0.9154907293345388,0.019065395488227388,0.45586745481459345,0.8812445129663754,0.21806617520537086,0.7145859628201393,0.9393108106755051,0.16396216192023993,0
0.222066,0.949246,0.232615,0.062222981838631064,0.477326917585828,0.025958888073649655,0.8304205554143917,0.5801506263096781,0.4910016451162016,0.10719258805797072,0.8852253456455603,0
0.164718,0.952417,0.603669,0.3336362936860139,0.7058949711419594,0.4518186745533901,0.3526364205045621,0.09142516328507122,0.1746813324959201,0.902462983248096,0.3728594164382266,0
0.338922,0.408039,0.417439,0.4971948534974757,0.18364784391961875,0.11201072358106301,0.818416818488621,0.14054001339888,0.3368154138817635,0.2712833149255125,0.11520775658199556,0
0.817155,0.234791,0.162231,0.20520062161878827,0.3386566057228314,0.5108135578991032,0.3646947833569114,0.6406379359123501,0.366454014310325,0.6788597417244671,0.9312501179473764,0
0.210896,0.303269,0.261559,0.031397502832619884,0.04364442715568251,0.9265124520558304,0.48347118061497496,0.378216299841864,0.198636620024641,0.3226703053681611,0.4418092504838511,0
0.426973,0.91343,0.244044,0.6554662246753135,0.7378276166813013,0.8874873245238031,0.6241513797449233,0.2048451490864045,0.2057010358307665,0.7667193311279725,0.9417645108605952,0
0.983558,0.785689,0.399611,0.4363853393466971,0.7146968428232114,0.354345387258009,0.929780599418727,0.8505189318215618,0.3040869176257647,0.537306992921155,0.9258285810559995,0
0.856954,0.673352,0.981588,0.9154291947712844,0.06227985924474233,0.6622656477330261,0.6641434135929362,0.0318321644834767,0.3460964809680911,0.8912350688537816,0.7236633858604593,0
0.705677,0.724002,0.0780114,0.33872485442170686,0.09587369073753271,0.8382101497667132,0.3050079033667462,0.5494969405233296,0.5900472243243519,0.9442849253009391,0.8664457141865992,0
0.240786,0.455402,0.29768,0.3238312945905609,0.8390462868628991,0.860246326978124,0.7904442832158127,0.5253831129352056,0.8012248916249751,0.7720395922442415,0.8056130972634453,0
0.0851714,0.174105,0.723627,0.9857893401008271,0.9942734831446761,0.8058987920171746,0.8085034867803492,0.9040426243117438,0.041612148300158025,0.9078849192041366,0.20547554210688945,0
0.0279354,0.774906,0.495442,0.9665384584531588,0.34541033739828,0.09293615997236049,0.9656870175773632,0.8002869308141013,0.24198558991428198,0.8849242733353269,0.5807056926736837,0
0.474722,0.408877,0.717525,0.14170242677703193,0.9226937148238096,0.25603786137592066,0.7417003119913296,0.5934361813042994,0.8822335657192204,0.6563327403840424,0.33246526888577443,0
0.430509,0.861634,0.269602,0.6219670962414838,0.824457841285577,0.6821162523895064,0.6281316435458704,0.8330022502811526,0.7114876433560057,0.6058818098632412,0.05988483439086434,0
0.200127,0.459621,0.922425,0.8921209534844335,0.06653106022563304,0.06998881772252774,0.3593424499800836,0.5448561411774621,0.06294595674188908,0.8904600208257878,0.29790999237306104,0
0.0455914,0.384058,0.156175,0.7486578814494177,0.5732677032571234,0.37182793577587425,0.014032878633968071,0.9322119729869768,0.9487572117789531,0.782448549225232,0.8914661500185038,0
0.968735,0.729748,0.0458745,0.24130908139675888,0.8470915195272688,0.4140306272715647,0.9850223145472538,0.8986159277065655,0.9270250291903669,0.7257086182006266,0.8943097441850594,0
0.321558,0.58948,0.878505,0.28723772606332687,0.26687457706983886,0.6201806546156364,0.6844781579573038,0.19066301797952923,0.16674456208188726,0.6212931692663956,0.6603740360941802,0
0.439342,0.616626,0.127509,0.5282696908528458,0.33477864471015994,0.4731805315772333,0.30929659064238413,0.8542933989265582,0.6138388303229257,0.4950854915433005,0.7869014224579214,0
0.121299,0.372674,0.257837,0.36463742750449557,0.8945951812173649,0.4885762932642199,0.7209504660333494,0.31188550891865174,0.5626469087217797,0.21952163366008526,0.27177093625589355,0
0.960068,0.333632,0.282325,0.6200966501589545,0.6734683216249454,0.943921184249044,0.20496774655928818,0.37273386107500417,0.9478192847432926,0.1296894339197181,0.035617898510440726,0
0.567476,0.279387,0.389091,0.6676881993548841,0.0654806811761024,0.5346335982142066,0.5503936151776095,0.17776806975844295,0.6339962804574671,0.738215794705721,0.14522612239475396,0
0.320374,0.844235,0.315995,0.8762489834527052,0.8873292619406729,0.8018005340815134,0.3465267371069469,0.6520760804018219,0.803476067768181,0.604052552635792,0.2908823805311853,0
0.235053,0.325754,0.469248,0.36661695844280684,0.5233240490217748,0.7785613322795977,0.7297126335691286,0.487830807169908,0.5825451969489037,0.06141816256312749,0.022694497419618265,0
0.270718,0.344384,0.71042,0.3275132674992135,0.3683377461311984,0.8259658444753969,0.7283222315187945,0.5307621039854791,0.1701391428809469,0.8019668115646297,0.9081194230917897,0
0.589403,0.958984,0.0830617,0.7842164469161264,0.0652320937491786,0.1429490632424385,0.8688800796810658,0.3714418221321487,0.7978793558400327,0.11897297275850782,0.4140507488899957,0
0.163731,0.0687492,0.87981,0.9767802793326259,0.4147977293771461,0.25962359625878373,0.07744960142925761,0.11524420137358549,0.4680628755886985,0.5298311206100786,0.5799514222771038,0
0.499159,0.561267,0.0936213,0.6440081790578306,0.36695376619261844,0.3012848334636613,0.8038832809130098,0.9194064043832687,0.48399114792917863,0.4400215720501496,0.3622038635899947,0
0.566395,0.314234,0.688606,0.47069521285328386,0.1305285600469579,0.9162573171258074,0.5278299307694696,0.32947173101886895,0.8177440500551872,0.7058018101907317,0.9151060236163222,0
0.260097,0.881728,0.0928399,0.21759033984029963,0.8884956126739477,0.23499313146917244,0.7211305553099605,0.36597177859687346,0.03512338835416273,0.19612683591907065,0.4489978124674838,0
0.654409,0.0214797,0.992363,0.9189581618787575,0.7392079536066732,0.5170172514373512,0.10412036685365933,0.19066682836172344,0.133627334997657,0.460405932803832,0.8665284425268783,0
0.967163,0.252007,0.759826,0.23679526406327678,0.3562269783775962,0.958612265987332,0.21708602479346462,0.6923490855660479,0.3597157316614298,0.17208385269105142,0.23204790301578826,0
0.631946,0.589484,0.199969,0.7770783879888605,0.10641917903793607,0.9028159387148404,0.869782252928996,0.47029936801698646,0.7974514918099918,0.20896361556232368,0.15290631154445922,0
0.313189,0.664579,0.0320222,0.840224895252444,0.21812999933058042,0.5426646018384932,0.5723687631028906,0.37889031740344015,0.7807150599885191,0.785967171333144,0.5045159743103054,0
0.269792,0.75533,0.78834,0.18317295579646387,0.5245024020967517,0.9142221101357023,0.028480863647122434,0.520673171278267,0.30563830763060884,0.7626962202886323,0.7543114282643798,0
0.566866,0.984415,0.116822,0.9641815248588531,0.5071481341686562,0.762594807348777,0.9030860184765348,0.7561862888729698,0.8186963386490491,0.18363666938825574,0.40832666874858736,0
0.790395,0.109699,0.348242,0.039162008361746437,0.44816244444753206,0.7910434154185645,0.2636941636307447,0.7585225683911025,0.652143126216842,0.31879305027382354,0.8794707427298248,0
0.229816,0.00620014,0.453942,0.1692304011297705,0.3105711483364245,0.7760207371973963,0.6007755196806621,0.0783706790167914,0.20112587485793787,0.977273028082836,0.953959249394941,0
0.0943544,0.596097,0.872068,0.7442202151525346,0.2991170420116137,0.934688839874357,0.529760953287621,0.41000154150731927,0.1974454287905657,0.32330613152225507,0.12659885511041413,0
0.398738,0.626815,0.175482,0.5711028889442904,0.8487968129208648,0.09019304179376986,0.43006619739430363,0.9060152813835872,0.06458355467365373,0.27096118941867486,0.9992022755977308,0
0.134028,0.425513,0.686607,0.021111080442302588,0.6562749249171487,0.44248598638595826,0.37881296078217774,0.5420244548723877,0.520038526980514,0.8236257406421248,0.7022004787788058,0
0.315959,0.835828,0.647622,0.9940314591409534,0.7865011460693465,0.31024407701968415,0.5851550994752168,0.1533363759652785,0.09157042948226835,0.5835785889766052,0.37527791770311614,0
0.261301,0.199142,0.548032,0.9261697886190335,0.7893363589604339,0.3140717124381699,0.08814840464297613,0.7642780681565313,0.30232780721813546,0.1372179883035769,0.4781463055107197,0
0.637839,0.783225,0.331254,0.2195717748791316,0.051719568050239584,0.3765481148304468,0.21108732348743997,0.6732204117281487,0.9864125853856633,0.2845486141865098,0.9411693792578343,0
0.185942,0.514972,0.936514,0.764171004780832,0.9546502491688721,0.17018204621363942,0.9484364709295173,0.2063354554986978,0.3166307430904215,0.14928545053323194,0.7941441467097926,0
0.523098,0.307103,0.928906,0.7636648826007966,0.9869623411985913,0.7626270485435872,0.0878576353032482,0.6706317204624038,0.2288819148474066,0.6349020457824261,0.39963622590722847,0
0.401725,0.834352,0.576913,0.8207713236788478,0.10925878070792383,0.7381076400480566,0.6900165168550976,0.4863574252574925,0.8834991064649423,0.2338645567829668,0.7356067991615107,0
0.451534,0.88358,0.339199,0.8931522719917623,0.8513791714577688,0.33151261868072324,0.09668150325899483,0.9481268776630212,0.575479628893916,0.37404345013742313,0.6673628408207916,0
0.17316,0.217193,0.255055,0.7110498347392507,0.7000606432242477,0.7267667674990298,0.31651134561333716,0.06568159849545574,0.7193009755278977,0.22163712144190517,0.8087373108912399,0
0.64248,0.389171,0.740556,0.5795403858911159,0.6002665873832732,0.5323693577789124,0.7563333268023433,0.14288751574594638,0.7980259622151841,0.4266930306650679,0.5006676384746075,0
0.173108,0.909287,0.33972,0.11685689304551683,0.47896906473241574,0.8749373723550422,0.7476850055116504,0.4201885673505732,0.10002398696321668,0.6029211184790677,0.32997256161030797,0
0.236985,0.471205,0.803927,0.5508905874479455,0.3199453109189997,0.7427039679895411,0.7522175010364436,0.7905185649121601,0.2825277891136079,0.6486246583308352,0.45257551915921046,0
0.671178,0.246875,0.589964,0.1508092420861621,0.3202686702949681,0.23835253284717994,0.07642230484821633,0.6925762508645213,0.4288534629167904,0.5351807717628885,0.11903436056300831,0
0.601767,0.682004,0.172416,0.9318429032789791,0.7152967382608437,0.80809926090004,0.00014598094995310618,0.7757958687977037,0.06454402902757772,0.699778649501036,0.894516562280736,0
0.170161,0.39128,0.413207,0.6594893840011242,0.7334421297475143,0.2990584578976321,0.06903666178886247,0.8163031470640005,0.20297711344862646,0.3786030201462317,0.32201778218187604,0
0.678403,0.967328,0.216842,0.7971933715442484,0.5698554125995783,0.8832927863644787,0.23457888379757663,0.42991246273758454,0.07178363425277079,0.5307850321674822,0.35738517065702513,0
0.362313,0.562708,0.0291129,0.43717900328282067,0.6348956829154064,0.44447255646076467,0.5148862864685259,0.8446953877110107,0.6615217122911905,0.6330241811392574,0.6537133648354138,0
0.166021,0.491051,0.132023,0.921678971388882,0.7051387517767187,0.21056869699809122,0.5303688666878998,0.05914343549444401,0.7388585462912719,7.707627599329303e-05,0.8994104499112545,0
0.390814,0.454923,0.578262,0.29529005342898995,0.42967272921209143,0.3501639321806195,0.9551733806506426,0.5777135431888379,0.45130733907217235,0.3927070631830535,0.519215141096061,0
0.508319,0.953228,0.519708,0.11279421735011452,0.9774433389169941,0.9351324499619902,0.44394394087985667,0.7637191299946086,0.8339981165005971,0.3641976988251109,0.2249135755491316,0
0.658535,0.642676,0.223764,0.06415533571907261,0.9529328132321515,0.2949338157991527,0.633461034165947,0.6978824923494475,0.010269964191748526,0.14802500340019675,0.3941613352549822,0
0.768972,0.619678,0.314769,0.20653410437929287,0.8612533003038547,0.6085562893078454,0.23508329345095935,0.5272549502981851,0.378407385799586,0.3287729749071393,0.9169806865813381,0
0.396571,0.784752,0.790213,0.7601273453710062,0.9338003581929343,0.5621175962914742,0.5227483017071006,0.7772811261687046,0.5898879382163877,0.92131289798621,0.6993898659645523,0
0.860151,0.255827,0.316702,0.32910678682621997,0.9283098838069105,0.44127546139834084,0.04715398508720503,0.7049703164162215,0.22425279069482906,0.31092750965132576,0.7356601427865224,0
0.0800584,0.072038,0.618666,0.6206456909962531,0.7618291659415702,0.5091085315533137,0.7963825660008731,0.9212288253809653,0.7153601217590548,0.7605589891455883,0.2568219818949903,0
0.0231196,0.992017,0.36546,0.6378357342640737,0.4216952686736597,0.6296434831937437,0.6414662706187856,0.9800452769971828,0.5155906906137616,0.10333249927215205,0.9057107633600565,0
0.436881,0.348716,0.211081,0.8746745919472247,0.0020292659707114025,0.6178395522470198,0.10393673135324288,0.9615183955573008,0.5557595789096733,0.7937602672602158,0.4081840674543493,0
0.948782,0.153738,0.588234,0.0074739776718123485,0.051898246237908174,0.11811959043039433,0.5339447044636231,0.23040906646852766,0.882842593782469,0.5596342383475632,0.6931226175783033,0
0.39462,0.925023,0.143371,0.5957179487135146,0.10000744965872388,0.08441637659714551,0.42358603264401495,0.269391466714185,0.9997697320270678,0.836964851178106,0.5934618446667859,0
0.648176,0.304155,0.510936,0.4810897523088904,0.5998114800262048,0.7816287630986989,0.4994341814105253,0.9970389913282879,0.26875704806253586,0.8076926317056005,0.5176596497227274,0
0.0283444,0.6428,0.84843,0.10843543281102319,0.7063813904214812,0.5316253053587086,0.9586180630156761,0.6139028764763431,0.3617744416038876,0.019630180944666065,0.9541771877428848,0
0.786087,0.249244,0.392579,0.05477964066364527,0.43329916741180796,0.024065307817913717,0.8225193022762111,0.9978043400619218,0.6806100965148207,0.40156791739438447,0.17938604779635825,0
0.434332,0.165086,0.353502,0.032339985043173036,0.6870875640608184,0.3802754769934199,0.49019598479902937,0.4013311904044615,0.46771696478495706,0.9912687263553747,0.8432837252445443,0
0.75826,0.852512,0.344717,0.33471901441316465,0.13896392902453736,0.10341593701960261,0.14607987349473917,0.12190698991238103,0.43576605156447223,0.9370815157703953,0.7517664811538246,0
0.827645,0.829456,0.957492,0.9584682290594309,0.28391532125853725,0.6029146416453444,0.21990145934088945,0.15342618631747307,0.15440699066040275,0.5327887873371596,0.8349334838576359,0
0.300649,0.747828,0.0609847,0.8504604930283827,0.0009330083353462637,0.23920626157397873,0.7957293763869367,0.20685807919437516,0.284429522821688,0.6772025934871483,0.5742153928416995,0
0.276786,0.694225,0.512937,0.8884154490476828,0.30097672349162796,0.2829068338207663,0.8095702204588566,0.03564605774183094,0.3793101469146135,0.21351026504220494,0.5569258661153919,0
0.222559,0.423838,0.0242635,0.5091386760897526,0.34952602097275665,0.22771481176786412,0.292869210801077,0.22853202674990403,0.3498488869950761,0.8518083472156489,0.6862307906322092,0
0.507591,0.462596,0.170972,0.8685508092096063,0.8636931010771676,0.5155784119836784,0.38854059688673026,0.6955407283113785,0.8335172718758656,0.4238786598259654,0.3342320555869769,0
0.70343,0.43064,0.705664,0.030397190156643328,0.13243114377087573,0.38151229322272795,0.6155498194109366,0.8545709124628734,0.5261244755997133,0.8295386918188071,0.34300912865212607,0
0.648661,0.539334,0.392307,0.9367888801568168,0.668592295657457,0.2564806239127574,0.9199088788876512,0.2629875575127556,0.7714800239713382,0.8966372287040636,0.0804522404449245,0
0.897315,0.304724,0.61142,0.22959924179563773,0.7947090194915339,0.9815622257503668,0.9005718340057508,0.8765591016874743,0.743709868778328,0.2568038392047355,0.7642828744107055,0
0.743371,0.642094,0.337163,0.2928322064765775,0.9749166851358975,0.34839473871323046,0.41720239313431273,0.798641001925886,0.16239174122530597,0.4384201440593428,0.8445328026375107,0
0.138977,0.735864,0.047069,0.2786218445087125,0.05086378449619244,0.6336358601244869,0.9802274584208475,0.7601860505289428,0.40728408181383613,0.33129762389177,0.9377643289202384,0
0.261829,0.809844,0.349388,0.13160474118433652,0.1499129489341745,0.36393417315417675,0.9857096006457785,0.3997153324344356,0.3389044106458743,0.9705120998794616,0.7793051649047562,0
0.0760565,0.717628,0.655709,0.9472435430473714,0.37765681406519913,0.17739987353109032,0.5199367573175945,0.08784423584281131,0.5897188219910203,0.022125833836723063,0.7217484658786139,0
0.205446,0.175102,0.518688,0.13125553693267633,0.4057395251794752,0.9602210440372472,0.6076648727057223,0.9333319354405917,0.9125248000635805,0.5117678440209774,0.5718625845572795,0
0.546789,0.431068,0.128049,0.8265776346604646,0.3215614889590862,0.26378348609566826,0.3916157700259846,0.4226932910225527,0.8033980480728375,0.5444747529854566,0.5727484620218871,0
0.586403,0.629634,0.636006,0.33229260881469325,0.07879488872837825,0.7117910722158409,0.7400011860988158,0.2696186805985018,0.7702971729653628,0.665559632649443,0.8152201143603512,0
0.349246,0.187219,0.943977,0.49827180136942995,0.6570701456879898,0.6933733961165842,0.7886034708026385,0.45399956826904264,0.7406372776503567,0.0316971755303046,0.7142422320831608,0
0.609976,0.265941,0.262821,0.8229975934074217,0.19577131267598769,0.7215826611588315,0.9021695206291518,0.4146464937081018,0.4579759646214744,0.045546755980215736,0.6694835897466079,0
0.48842,0.0681826,0.0907227,0.8485357286127984,0.3901795376186056,0.836532254662362,0.16340057869350433,0.03576702048012648,0.6811429722771366,0.8758374812237402,0.1751494935486132,0
0.799648,0.918275,0.536284,0.21043587655466933,0.0727581403488834,0.5664352433266804,0.6180604716778678,0.818775654110594,0.5532208573358638,0.5331302348877476,0.9314968679234843,0
0.954775,0.84177,0.971081,0.540911755139744,0.01618425903107157,0.256355211937652,0.8087376875070313,0.7458696372419241,0.35453376922381086,0.263761984949082,0.8908217467265391,0
0.730294,0.208861,0.565796,0.7230536826013001,0.014128116285813785,0.6287800486622592,0.5989816132788072,0.7642565087116207,0.7003408098334943,0.4225126311428492,0.2170125742627621,0
0.278586,0.0832205,0.941942,0.939250041283483,0.914794140435975,0.5439937272351628,0.8903529559996651,0.36484152105344003,0.1916150925271134,0.1356323725484906,0.6334196594721747,0
0.305304,0.149338,0.434175,0.8119971618244227,0.8938237841944594,0.570646074433446,0.10672421103747132,0.5029546362315165,0.1469537123688356,0.5873079592170797,0.5630821393518826,0
0.559991,0.550228,0.524182,0.4229551969507551,0.0644417231545048,0.10609106913973942,0.21090779722200392,0.9447895759183359,0.6649948515072427,0.8907443905390543,0.34345873830332263,0
0.766201,0.738136,0.367844,0.14042395955370046,0.32613960594071567,0.9340822232810154,0.8817238174154209,0.42629909399897914,0.9315342533484241,0.4272151214378783,0.6076725358251668,0
0.695336,0.210942,0.891653,0.08802688496035604,0.6507856062822486,0.36582889870289237,0.6539701921996633,0.1262461256071784,0.5540537252227911,0.6077079341422359,0.9061744717616983,0
0.0108282,0.571475,0.895516,0.5186867784814041,0.9943875906822451,0.22890078453333518,0.29665602964454085,0.5449286275011567,0.3257105494487169,0.12317384702239753,0.9394037108102385,0
0.58881,0.161638,0.514138,0.22710347142894194,0.6842699537263806,0.7357227057906496,0.6327234997622476,0.8926155009933952,0.01856963170412329,0.6946947799766732,0.5534084932984383,0
0.403347,0.989526,0.617694,0.5935392863575895,0.48558335954189835,0.7381065235966375,0.0850652660689879,0.478574851161109,0.9227414402958124,0.44224522297949687,0.1331348744160653,0
0.484817,0.116538,0.10372,0.09042509405119947,0.00592036389556827,0.2924051595475611,0.1922132405870859,0.6251791192299071,0.6179053899689586,0.9380501838042227,0.3398030280404317,0
0.180183,0.662319,0.351599,0.8523372610119941,0.8019353025999,0.02348438670648678,0.39257308213698494,0.8037809194388688,0.23929403546726657,0.08078387465298587,0.44767967158533173,0
0.710615,0.259353,0.0745671,0.4134836388026445,0.6202906927461826,0.004068371239418944,0.8219609143704475,0.406271865137141,0.09128776038793485,0.9694219095666704,0.21967659732044365,0
0.183983,0.259443,0.103602,0.6529846775854891,0.8336304343615619,0.5061238972602322,0.8651698705396458,0.01082971617534667,0.7971846217220065,0.9511345586978304,0.037592475019504024,0
0.766451,0.447525,0.411297,0.1441775599967926,0.8045598155029622,0.399960918430615,0.010115365716655167,0.7549097201685576,0.5746353795890887,0.24176997373302866,0.01140988426542966,0
0.0819943,0.164224,0.617586,0.6374218009242036,0.7219426100987765,0.2589093920460215,0.9139341749352318,0.7810848398889377,0.1458417968962249,0.6861475300748662,0.48606755490649345,0
0.879544,0.561938,0.0224612,0.6194020444862727,0.8201678355561968,0.17216714451381632,0.26212156682582566,0.1514139018279821,0.15367415856218491,0.5261846857119583,0.9202080030778277,0
0.723311,0.898666,0.26624,0.07940049699478002,0.7871660414637749,0.7122616976533149,0.29012041198575456,0.9145039070042069,0.7555479808597977,0.40933130005682616,0.8340129696498843,0
0.777751,0.13436,0.000762338,0.25497702596061456,0.9300938443356047,0.7635934026281158,0.8096718650273309,0.3936299512598582,0.655470842462281,0.5598801010751524,0.4707507171253362,0
0.245812,0.089543,0.759097,0.07230846909839528,0.4695252430029788,0.24193770984848495,0.022210447127510635,0.058157507258969066,0.9265685611168284,0.1965046274832728,0.613727129654486,0
0.463723,0.924059,0.120666,0.8963266652659392,0.20474769827503614,0.6290640167775815,0.27085236325781314,0.39656605150615876,0.2951101057795599,0.06291033866701301,0.8518184891703582,0
0.722454,0.153304,0.974451,0.9592498350583357,0.8070984716347126,0.1440702887289188,0.26230573479731745,0.09662644721651636,0.5796610876298052,0.8146411063604182,0.9812730117451951,0
0.464458,0.831969,0.213711,0.06617430661160006,0.9611202614192058,0.5424518705794324,0.9701310827061754,0.5078078093284444,0.7333445040100318,0.3428956880268451,0.32091299926326544,0
0.0764137,0.793294,0.332672,0.43810078757554716,0.5253652162639983,0.5003729571245019,0.9236550774551016,0.9851929680638144,0.0265911191258712,0.6426560215702661,0.1952034851863047,0
0.0662919,0.326805,0.585915,0.8080813196353098,0.49911912773836,0.9970374031298249,0.1346183866141425,0.10864689885203027,0.6473871997220776,0.35447775617748867,0.7564549374864671,0
0.388967,0.646047,0.880162,0.956001601980382,0.6331505993400283,0.57812325645677,0.7631588540130895,0.6492853032028107,0.6104879775069011,0.6325733935668808,0.3908972817909685,0
0.558152,0.120166,0.331504,0.18823134076293813,0.4456516864509067,0.3361250245907167,0.2794941133758896,0.9978186601878035,0.773338869554868,0.9783425900373663,0.14475762960547656,0
0.995072,0.101696,0.728571,0.35202906908110043,0.9719019625598243,0.019431576156814567,0.22504005012029893,0.25861675942439555,0.7207740562744558,0.4624154563920111,0.07239108569975938,0
0.817809,0.0447383,0.877041,0.5932044465408397,0.6349096970225829,0.6375248940669744,0.8530927453137762,0.28239751534260504,0.3191270507234111,0.19054508957158411,0.2612709806286564,0
0.627467,0.476562,0.0800168,0.743472906518319,0.3116140508212488,0.6529262364044434,0.9707185821647502,0.8899583473414724,0.12467573687330735,0.3279809665105966,0.5207208590379019,0
0.623789,0.0517237,0.539239,0.7643195860021227,0.32101963103517006,0.868139873525063,0.9231920434603137,0.38695267034253056,0.5664322799407501,0.5205406695255768,0.47034227745211177,0
0.549713,0.611594,0.804866,0.24060411566750806,0.5197299750698781,0.6094254442882273,0.44178789341247204,0.8542215790456552,0.9076717175607183,0.8625600325655018,0.9426570734138008,0
0.338675,0.568041,0.70406,0.7170701125382595,0.47537909752087215,0.5031756770785205,0.18407634736269773,0.9692996541560424,0.8981942946680417,0.912017985133118,0.5650572457231604,0
0.414301,0.783978,0.739434,0.15534426685715053,0.23505546018758106,0.7879285149450848,0.34204009049436124,0.6933458986108674,0.2836282744120281,0.7859231583935907,0.6089792162496711,0
0.284327,0.0451421,0.685481,0.41567124322805327,0.7267965722088746,0.9139098231814909,0.1080989323721534,0.7910246232717354,0.1521978047971967,0.6005178324754316,0.706742621424285,0
0.919216,0.490973,0.646784,0.24335915460641244,0.12039736155247194,0.9957176657235125,0.435398793330955,0.9604170156737833,0.9787792306108958,0.3122805238235834,0.3028437791439341,0
0.528599,0.808236,0.194437,0.5286195303292047,0.08687292667312463,0.3881838340222603,0.09887807711586216,0.9240034345427466,0.27785860104193727,0.9308840914340116,0.1411294565802007,0
0.938721,0.651569,0.404927,0.6705848370075741,0.7979540763584257,0.022067612213131804,0.5056840059586027,0.5224198999069305,0.06814326122539693,0.5468356181708853,0.5845041532846171,0
0.416358,0.0165852,0.102254,0.7758388860459529,0.9343103263653512,0.7084323113628631,0.8323390641810031,0.11268802314990756,0.1729120742170751,0.9524091274953201,0.1095238820503438,0
0.521699,0.313884,0.650922,0.620394777934736,0.4151432011140961,0.681870028681823,0.34590815675506825,0.6909112535645547,0.8603044360213467,0.9213505682430645,0.8661576660553373,0
0.557437,0.575238,0.30928,0.7951811922437363,0.2859157246625631,0.4765342354832762,0.7799557916002785,0.9315762147835066,0.31515327687218475,0.8577977487913476,0.03411887214619114,0
0.0553936,0.710509,0.502272,0.1044529154131455,0.6705519496284765,0.5505429978671533,0.8958989376037619,0.15377942330865424,0.6833220653652587,0.05409674848110124,0.6030916970791702,0
0.58379,0.193245,0.690141,0.8245930411473232,0.3819391466194716,0.07189537936112433,0.9478314836959683,0.7741701456992731,0.5501575424671379,0.7269751017141071,0.6100820966243461,0
0.597581,0.850497,0.115732,0.8907591402340275,0.47791742853257024,0.13333759720416039,0.8298431624803724,0.7677178498576053,0.5338855364899524,0.553210341461545,0.5377904381520109,0
0.299633,0.466624,0.537625,0.4705888025426551,0.05988826250391377,0.12738729413103245,0.7027434394743141,0.14095484720484286,0.3574627851509503,0.2959351356552169,0.5584735194349584,0
0.135498,0.904463,0.0354087,0.9731395174711679,0.5468315331965696,0.33051351174838817,0.2599327497711802,0.9176555083624571,0.5754107565705151,0.8248489195647263,0.4583805518265286,0
0.657496,0.76901,0.941194,0.8741092169008698,0.5679736913442489,0.7528182657691098,0.6995935179799149,0.3243144451360036,0.2847888591329514,0.8445483946633587,0.2275030174062962,0
0.485167,0.0478225,0.622547,0.3469274246688835,0.49979499021127116,0.8035980163774283,0.48418517454879506,0.3576922139167832,0.8759843662504255,0.5803244650734772,0.8470899471502844,0
0.286412,0.825797,0.0264579,0.3022169238613053,0.7735999103895975,0.33049344090318855,0.021643944912274837,0.0852012462526004,0.46142666468902327,0.8903948129760308,0.15175146139122153,0
0.671588,0.970166,0.542109,0.07134100300123225,0.5452756920699184,0.6647779610667441,0.19267512738129622,0.7412606022481444,0.8836168813815651,0.5722241840206125,0.3409481820027138,0
0.325554,0.582651,0.225011,0.43884502810476733,0.8124997983897113,0.8454922675439231,0.9585416143234602,0.5298503456845003,0.7308679394463258,0.9123447275455718,0.8462820430049904,0
0.133358,0.218924,0.0794914,0.053240657719568873,0.3517204087948582,0.16315014341554868,0.13953423399741038,0.2577054107177137,0.5890523117057627,0.5739309555971585,0.3181445003087081,0
0.531259,0.707642,0.0894935,0.46769020208125045,0.5993460006803761,0.7947401554650757,0.6127508815283503,0.0024815379542313387,0.523443677724509,0.6097514883466197,0.6187693032878244,0
0.739747,0.0531333,0.690167,0.36426497951498993,0.4478127256521781,0.8422592587170089,0.6106078882177344,0.34943231815195375,0.4367242704405201,0.2728730863679968,0.22001893500308378,0
0.696318,0.308046,0.829767,0.41535094369969705,0.04177025120315869,0.07714280912482174,0.08776941592707788,0.2845713577358131,0.8792553002579128,0.8925029707796519,0.16206152386281636,0
0.231201,0.29514,0.847711,0.14035694955911593,0.650783291295007,0.03610139349135011,0.38547718263495157,0.4416294185757912,0.31832502779854077,0.4604287777545639,0.7050481202535668,0
0.222165,0.225854,0.237898,0.06653011174403067,0.6393133358170653,0.35471012406506874,0.4126673877332725,0.7795014274880319,0.2679189267611064,0.6852572874021735,0.14377723288216782,0
0.26555,0.966557,0.509223,0.4716877273965553,0.733237497752795,0.13955614366880686,0.23274073591071276,0.9821190792383552,0.8501726822365543,0.6769212191590539,0.7301785101271074,0
0.147029,0.343904,0.18134,0.7675373589081848,0.7110047771241138,0.9502467920464087,0.1886244342925869,0.7707726910499659,0.5563500892103262,0.3089488077274589,0.3070339625830517,0
0.190011,0.770648,0.708304,0.9312195265096606,0.10778766275086549,0.03144769718289353,0.7857112203012827,0.33848502056509566,0.8943551240495511,0.8711354719582545,0.1569265703370729,0
0.84782,0.867605,0.796659,0.7449112660740828,0.4304250291216397,0.6329792995709699,0.18890553549988054,0.5236739977834998,0.05928613285228679,0.9782431291087708,0.4414656589387542,0
0.701679,0.29098,0.629723,0.38914672892113733,0.5355266933285847,0.44833052289752995,0.6192252361114093,0.36486882534789267,0.8110701348012276,0.5964403399222904,0.18348786807353712,0
0.982685,0.134971,0.782632,0.87283868430982,0.929452739757133,0.39398979481396823,0.8024091327095398,0.0759095755140976,0.7741480112468476,0.9110689836873733,0.6436285912412718,0
0.337864,0.11242,0.0016503,0.24461688660857517,0.9498416368011686,0.8721846027407948,0.16711471103206466,0.5801541736928547,0.6694732749998348,0.48226928168131733,0.8143640954968475,0
0.335373,0.454889,0.913786,0.1988872581146457,0.5000862977358573,0.6097898775276162,0.01148522679671471,0.27343380321056543,0.7865165831233881,0.8471441326823532,0.7381034342617591,0
0.287625,0.350633,0.257884,0.7323988174216696,0.1592339172980909,0.36117700764710836,0.08785128259367958,0.47694044975729466,0.798471106687658,0.8922542223017729,0.2591545094055926,0
0.899262,0.115279,0.566615,0.12484155314326861,0.8978167564285431,0.751073970706021,0.2518723400732543,0.8137459244201105,0.5146587357398055,0.8041859717840638,0.8173462898160663,0
0.80973,0.14863,0.380175,0.3206483984685671,0.8505699014053499,0.4513991891498955,0.8073630850418944,0.019297746247054937,0.6399402995954973,0.4902268203931569,0.7125751443843077,0
0.897309,0.248707,0.485353,0.04945017187618028,0.42274634527025634,0.4927650269040452,0.5023790862415437,0.03353360389068338,0.6411535117258365,0.4249095589587424,0.015217165040302238,0
0.218219,0.0588449,0.153898,0.3111622204604555,0.21453914590214596,0.7695110801545011,0.8175776812874801,0.6675996497748383,0.10778409349886231,0.34248451310571804,0.6496324991981957,0
0.0444783,0.763266,0.0570019,0.406630401615355,0.17814908404022545,0.9370850122324154,0.6158919251593324,0.4370777306442335,0.9838131155983005,0.6592270922779908,0.5817056239628547,0
0.205302,0.55947,0.672179,0.3503597987408519,0.9114064945893913,0.524140967016305,0.794951806647139,0.04985591199491601,0.3533047453488235,0.6010799233393904,0.2501846522098313,0
0.609279,0.0572927,0.653845,0.04165018440251422,0.7105171921973291,0.5747051241316138,0.28109970772738824,0.6279647518296084,0.5625042225417548,0.6878414671837284,0.8503139643256102,0
0.349486,0.341512,0.0347155,0.4475994488538906,0.9980090857160958,0.041343599126075437,0.2701628678127137,0.6870826106781387,0.06015448290476688,0.5313859271598066,0.9006803598871249,0
0.0376784,0.434824,0.41841,0.09202331426220767,0.07521097184329828,0.6739998561706753,0.19362899043512405,0.25133822765705516,0.7137225921963435,0.7029690545259476,0.7110489720661795,0
0.590781,0.647202,0.12862,0.8370105670010499,0.009495975887972352,0.45846779490035394,0.5635048331306295,0.7236970235573646,0.061424174814603494,0.4711805627355641,0.7483260093259057,0
0.035847,0.182536,0.0835633,0.7425317501573637,0.7801502032324388,0.9314674887705328,0.06424201289241704,0.3851083020179019,0.734665483868637,0.6462402901083842,0.22443045657419314,0
0.178631,0.887514,0.511395,0.8505495973382449,0.7106313180361719,0.581789384813687,0.05546224556988999,0.1902198251354289,0.42908064179566485,0.6285562379494153,0.8010209690811527,0
0.344277,0.0889082,0.763542,0.9634964240631558,0.6177188875404989,0.427699098901121,0.6344892621338457,0.6851571670544974,0.4670314033445302,0.06926485671859917,0.6204912739378101,0
0.525173,0.17547,0.196627,0.4377753437385462,0.47818304581168336,0.9370313920308637,0.0314110048680466,0.7277111345597872,0.41325009718739836,0.0880803907857387,0.727845327779864,0
0.175602,0.163432,0.964926,0.2663167747709835,0.03600818984579701,0.22045862585583154,0.8190902869847883,0.29442518596186407,0.20666097883022883,0.037644711149981025,0.6919873806686874,0
0.770386,0.0737274,0.547651,0.289396113465194,0.47217011043469426,0.006816962078242783,0.43604442553322376,0.44349229142020896,0.23399913706583186,0.6280304432414938,0.5238667030134503,0
0.142777,0.746236,0.000795385,0.9246113359319633,0.9474876461637376,0.4881046336752416,0.5284337550945751,0.784922420311512,0.423990588757572,0.2720863496587619,0.7489394365053212,0
0.664882,0.156329,0.172249,0.8309684218473345,0.5341491754862098,0.2038372083890344,0.9507240866744706,0.12483915764025977,0.3813063681878708,0.2944954016540785,0.7172139518040073,0
0.471333,0.830255,0.486392,0.2710981141796718,0.6550444403025051,0.6754106638857847,0.26882343086350746,0.41060732462429794,0.6958529820721941,0.7041975831944808,0.017650274043586323,0
0.694325,0.227015,0.128416,0.7479228858223321,0.9144255877557432,0.5240685809239306,0.8229611207932599,0.42699124885826445,0.10022958484562128,0.270890397288557,0.031955226474545184,0
0.31363,0.389006,0.755616,0.4971517987045404,0.9711947921583974,0.24122738380724307,0.2543857566208746,0.030164532905438635,0.06779831998308328,0.7563043223630183,0.17473947755546504,0
0.0459374,0.989083,0.979155,0.21934068876761204,0.8452977348119981,0.9210560234917441,0.9357380847937875,0.7137396173441977,0.9482327087186583,0.578474082996288,0.14715198908997063,0
0.907094,0.430763,0.472145,0.295444623357369,0.10930595098481233,0.7502121843528228,0.5005692977719726,0.4578340888906909,0.27530479297430865,0.9389063855037822,0.08736429071883045,0
0.376385,0.745384,0.227197,0.48291236147682326,0.3023961639974365,0.7305296849058811,0.25287449607833123,0.532811962494778,0.6234486594526304,0.36925633619765363,0.04957247013157995,0
0.506146,0.992182,0.109087,0.8766958061078942,0.27140031477841153,0.8790080997501557,0.8194900133854647,0.7291254178214174,0.582815945098763,0.6197757291675099,0.47504164067155874,0
0.248757,0.576646,0.607705,0.40280524565621234,0.821967670128627,0.07429013122242867,0.5275372168545714,0.9276453644564521,0.5828110714458148,0.21740770648806274,0.6905466162410357,0
0.246205,0.0272721,0.696301,0.6268410708272468,0.19135776024137474,0.8961639732935544,0.8428029360918347,0.9422198387867119,0.5472345104113847,0.08312186438449487,0.1646294053821401,0
0.151267,0.756446,0.615034,0.22876072432081318,0.697434670900621,0.7148978161356542,0.2844257871071795,0.3674175557654106,0.44662215891228907,0.5588618154345264,0.18733991967255137,0
0.785951,0.80764,0.865309,0.7914923410286333,0.9213889944242425,0.40484848533639906,0.09374690247105721,0.5216585599600712,0.08645572808948332,0.40411914006351246,0.000980191881871595,0
0.437942,0.768429,0.747414,0.8779941736779693,0.2863593353226548,0.12741687885650455,0.42404306297675187,0.31328158541911066,0.7823520257854678,0.55748889545542,0.5866426797825137,0
0.128436,0.972288,0.527762,0.9697902008947448,0.24903603104050598,0.5149682523946701,0.03273427164192455,0.6979525484414876,0.12974626355260233,0.2149261093032807,0.2884868968516485,0
0.688766,0.866165,0.652898,0.6161626804568543,0.0957664379896227,0.5454840978713266,0.6426530341838005,0.46851527098287526,0.19583975730865155,0.5659013313768968,0.4656117967797855,0
0.0619377,0.843842,0.0049956,0.49547409602631043,0.9183696216891676,0.5348983579782304,0.9010101002492028,0.9818795669895037,0.20360899380255282,0.06062463336235513,0.8396099822840847,0
0.345751,0.306182,0.0320266,0.5372987401541138,0.22717865824542682,0.491288120361009,0.957044392044349,0.9837884895061311,0.5234553459957031,0.8724165199955611,0.7304870933391772,0
0.0887297,0.766361,0.558421,0.25725641171081004,0.8354130849404267,0.7658057948455879,0.3891642496560246,0.4916360440958889,0.8998462258292739,0.34289663261215264,0.747414330145248,0
0.923662,0.48936,0.0285441,0.6275138035026634,0.9346920935476324,0.843227400236122,0.13681107543350646,0.6707195013082463,0.1377770970301877,0.22058470329547608,0.47328010087873296,0
0.0656861,0.497325,0.797856,0.5664173209118731,0.09890219558154323,0.1836603206568148,0.884829062037051,0.8236934376768426,0.9046862253633039,0.6165293541161138,0.4507677238425577,0
0.973348,0.0303,0.376427,0.7614183346510477,0.3837591876025852,0.23934610799507772,0.9437058722967475,0.8922124867275952,0.9896904605510103,0.6099756277788378,0.8320565340164959,0
0.0534887,0.685171,0.542354,0.9126655140177289,0.6938428408858102,0.7281661913033802,0.1308843603395109,0.30609653302602047,0.08431214614641769,0.6641736261381798,0.49889558515592247,0
0.572391,0.272251,0.747728,0.2856451579406688,0.16439825709837097,0.09598676656589555,0.7582682339918835,0.3103423701585296,0.574820493924018,0.27370190849178355,0.9454442401888383,0
0.882387,0.409443,0.544285,0.19181666606220193,0.11508270176107116,0.1476542839366789,0.975153482839659,0.24296647349347011,0.4887827235529446,0.7971875924454935,0.34707111312669314,0
0.44392,0.385058,0.763854,0.8684644749204853,0.7411829967935784,0.18423318729944382,0.4400443134394224,0.9826908607756324,0.392946286482311,0.7261965532148188,0.7815914021412556,0
0.655351,0.168093,0.6933,0.7237564530872846,0.08135952629156229,0.9602426293825685,0.687972433547481,0.4393388618149051,0.026366478147285766,0.9947961225304894,0.6814550376583703,0
0.306477,0.154791,0.362243,0.08252146473581212,0.7971061378391598,0.24170669205951567,0.24413276271136464,0.9113947208687198,0.9243399192891768,0.16430488420962175,0.46803799699907833,0
0.981747,0.11286,0.0830093,0.8309791693039249,0.1606864430428414,0.592251620571426,0.7172350754630623,0.5775842240512904,0.7724597500833236,0.7104623174884142,0.26462152730662225,0
0.615848,0.735212,0.795315,0.7077670356307273,0.41531315573680505,0.5389985309946788,0.294124432828771,0.8811708109483252,0.313787884919398,0.8905605419532979,0.7932090336456091,0
0.84693,0.506587,0.316953,0.2696213368142514,0.8799232853178712,0.005625013506261212,0.47598551497701225,0.9652280002494994,0.6236384059824713,0.20224070923922333,0.13137319025305305,0
0.568103,0.787171,0.941822,0.5662439718166596,0.218890251761805,0.6030912261716941,0.6511117915404119,0.43655251916236015,0.463978204429335,0.661647006909234,0.4612144905835063,0
0.98821,0.777205,0.442826,0.11685790163797127,0.03158888740904575,0.07296144472997912,0.5924302378489288,0.6498297449815307,0.403322189439973,0.4986715391434371,0.7612752146832378,0
0.796255,0.963527,0.454941,0.47031156230586124,0.14643728274272705,0.6273097030689093,0.975782872824257,0.9987452957645846,0.14229917705977535,0.675410599683351,0.11302967913758,0
0.0235822,0.0110434,0.105454,0.13906490184391118,0.8881274482009994,0.5834728672465064,0.8007365291392704,0.09472670543200978,0.8809980281572404,0.013550499751179168,0.8461505664813758,0
0.362091,0.842779,0.186155,0.8239432483831964,0.8545823666306679,0.514984818173092,0.34339082550240974,0.8740301620420161,0.3793508575048371,0.34198163861730313,0.2651470488210186,0
0.477292,0.101361,0.412516,0.6783826180582031,0.9817558809190263,0.00032793311540757486,0.5441898300161047,0.18522977300675414,0.8900128937114069,0.7366735377851877,0.316041351362198,0
0.963744,0.595894,0.0988783,0.6521968361909083,0.5502852376925502,0.8934511150681184,0.7193709134237734,0.776496175343863,0.8542284852292781,0.27819211609709216,0.3700167160153288,0
0.842118,0.706865,0.702635,0.4294427243089437,0.6008334654540344,0.7364549373640731,0.6465452712438347,0.12858283395780856,0.47469913874863867,0.2177562852247783,0.8267388479806873,0
0.505333,0.463226,0.0742977,0.9450468092480447,0.3842486571380055,0.5759838520197594,0.06958108350608794,0.5142496174026187,0.2675337343848422,0.058699600817356146,0.9915655735688322,0
0.350671,0.979579,0.354482,0.27697964963341615,0.11347086304922427,0.6236324243913198,0.7396833283696362,0.11956112124243512,0.7033000637642731,0.7562262714191654,0.8162722854546619,0
0.076715,0.931576,0.224274,0.5833246082029935,0.11327534043014398,0.7132963943969225,0.12146020606309427,0.6241867691321284,0.11833586886245184,0.3561647928560686,0.6592960843181049,0
0.475555,0.0866414,0.415815,0.7955035122801384,0.26592449153376263,0.29496102561663906,0.804502309358288,0.766597872523292,0.8746764713618501,0.12764318812976927,0.5622914978408504,0
0.232803,0.755787,0.792918,0.41317421398919063,0.856402983381528,0.6785155725665201,0.6230692993795779,0.057358742840586285,0.2634349811798795,0.382657012722017,0.48887185623311014,0
0.585808,0.198133,0.467342,0.672574839753144,0.6203080904553057,0.03350998032182739,0.23859786678719774,0.22852629596288265,0.7874234329962269,0.9274687037402352,0.42134053973025487,0
0.307335,0.52151,0.311293,0.09915679546217127,0.29115715554786936,0.971727804724082,0.9090173755593011,0.8887649230782207,0.4494946601035025,0.6310874646250637,0.6408731006240731,0
0.424538,0.381785,0.0556881,0.4502719805901958,0.8590818280244441,0.28723966074728524,0.8161386756514906,0.36366386618557156,0.7834320189421428,0.1995506253613083,0.6265962037917091,0
0.581886,0.237575,0.33807,0.937241039349131,0.18468137018235697,0.8611339386282483,0.26574757202642274,0.8769269428957719,0.20911238918495756,0.7564893377771196,0.8074607085867292,0
0.681853,0.91588,0.505542,0.90106566698828,0.8044157967571007,0.9777332279663385,0.07830348301895074,0.05751953888812111,0.9939035912126604,0.34931038393337877,0.48596972479499834,0
0.882489,0.814935,0.00665046,0.5116517753957368,0.39334737879504356,0.8656478520178676,0.11618697219892538,0.11180353915950936,0.7140983941014996,0.5743828697940331,0.7231726792792451,0
0.636785,0.804661,0.729641,0.2732876145076716,0.12099767862219768,0.9081597974641248,0.37635607998976595,0.42240306968470753,0.27360381509425225,0.47137922306631475,0.32127066034925067,0
0.0461235,0.103705,0.0975883,0.13325525209798295,0.20950659028429264,0.42233474732925114,0.33236544086672637,0.6467251241741366,0.2802422722406943,0.4018136765503224,0.4758630384908831,0
0.0350482,0.722569,0.956388,0.424147334887198,0.2039918689996354,0.750792237915947,0.9659493118180579,0.0402250265083437,0.9736293853966629,0.7381737898454342,0.8176332827732433,0
0.847722,0.908397,0.293086,0.06998306429988033,0.15685394750020787,0.5539195197961414,0.11358288874537659,0.27816255734202655,0.5729138281678994,0.20771748504822518,0.5588021430104799,0
0.4115,0.826347,0.19181,0.30023973062850184,0.9642752367610589,0.41405140913401606,0.05449179437680818,0.43157604563159213,0.9416198144020761,0.2715040695505925,0.40477355879085086,0
0.90746,0.580224,0.0774511,0.7371847158503407,0.12870589530980447,0.16870589563934058,0.7955205699901337,0.7801565593866078,0.2808980812041403,0.5424695539799508,0.7918432292628353,0
0.923137,0.439307,0.0454685,0.1492378539181909,0.48984699310161495,0.5633728647522345,0.3997486139919171,0.5829881528801172,0.5144386525846659,0.36789207652909717,0.3423886738610651,0
0.698432,0.402651,0.585915,0.5269888963619274,0.854188876204571,0.1529011999737908,0.40118574982479205,0.4048384383228535,0.9278159755162269,0.6040383292415775,0.02852296750194816,0
0.902858,0.605227,0.808679,0.3322335709865566,0.17419422735869927,0.8473452977114722,0.5052091569779354,0.36815785688420677,0.41443573574718584,0.8505646614240661,0.5098166111032135,0
0.833698,0.720171,0.904376,0.6540239240757842,0.8268317882335281,0.1520470470016546,0.12049944093468756,0.16277801369859768,0.8883780076695793,0.29914944247476405,0.22260878514449378,0
0.205702,0.671628,0.0504003,0.39644014254543114,0.14398224954649508,0.9862407779658365,0.32389501661831976,0.1939806048378131,0.27803933626601685,0.6866865424460641,0.06565658264222829,0
0.878974,0.270337,0.0452723,0.43011005472039887,0.07667773068711059,0.2005291655592527,0.4698211085093986,0.7845719537111485,0.7904356614466326,0.20696675839644973,0.34965865657753714,0
0.42378,0.46162,0.8719,0.049828539224932356,0.4743763878489118,0.19320424937692982,0.5799520076946599,0.45492528067703086,0.4319323852299898,0.5328826065468693,0.6435641975855972,0
0.535779,0.298059,0.721948,0.4320016181916555,0.39683852929108276,0.8139908334866598,0.5196356086912585,0.48828248997062895,0.2602246250638065,0.1381940229058799,0.29716079278504026,0
0.249111,0.202094,0.0324935,0.7425321662083015,0.8669997924018671,0.2410753796374595,0.39129556313850344,0.17773698979068964,0.3528035128013508,0.2865673589165578,0.8255629256224362,0
0.55387,0.025528,0.7801,0.58668356864762,0.9010717307397998,0.013320589416004336,0.9465760296997788,0.7176240393467908,0.9838262734453231,0.9411780214916352,0.9637201109812694,0
0.798649,0.831841,0.467346,0.7968659843152008,0.050043831541161765,0.07339935364146499,0.19176546918268544,0.7518146347151128,0.9434189044436863,0.5579501807891092,0.9975631658912514,0
0.897457,0.861722,0.986315,0.30579305491164666,0.9746818326912959,0.21064302575974314,0.10442144044118418,0.08542157224644509,0.35971169446256335,0.24123798051955025,0.31462773013173995,0
0.750819,0.230469,0.700418,0.7199694851229611,0.5833555277127219,0.6948054809740336,0.12011116722815296,0.8501950708421195,0.7992401566927358,0.9681960915135333,0.16826611941251857,0
0.459284,0.0773548,0.145975,0.397929548186456,0.28362980871958077,0.7925901878392483,0.10808571143158419,0.3046278535351581,0.061274744840105644,0.30153138355033804,0.7326956923608698,0
0.75369,0.444295,0.274855,0.3311161170706385,0.29340033917474084,0.13302558410468812,0.12653810656917475,0.4051651635339182,0.9001976987850888,0.277948111530271,0.7157464476354859,0
0.257264,0.0897558,0.582052,0.6178119439373804,0.9637096076160779,0.12564137070311832,0.6956360225302503,0.5042034953026908,0.4721592816960597,0.6768381300661737,0.555916696121348,0
0.905121,0.95895,0.0751719,0.5329253208028977,0.27218685612679694,0.23302777340170155,0.6150147261892245,0.05642556802122922,0.6885182305557583,0.7218838383878265,0.39166341967797713,0
0.684958,0.952551,0.461549,0.13596047895292263,0.9095475220043466,0.8424541447437287,0.7641901531448785,0.9394362073088577,0.7717441115514185,0.9839379428851984,0.6039493032229727,0
0.470378,0.787339,0.957437,0.01636315650965614,0.7503032923402926,0.9252698646282398,0.8247768314048936,0.7769027750422083,0.23145426827042015,0.10430063584907989,0.4343139076265293,0
0.787967,0.878835,0.725647,0.5768424445292203,0.8485433891000239,0.16858899329557853,0.879904989815411,0.6580821266743765,0.656279821734898,0.5154300498653069,0.11833935867415102,0
0.854823,0.160674,0.479518,0.7282458921922604,0.16066380652003454,0.007594366670878427,0.5524070976751806,0.24181158765668154,0.4589022606679394,0.35467730728614777,0.17486797282558364,0
0.789094,0.641742,0.255042,0.6419077111154772,0.3725459594202881,0.3296550321969349,0.433153441454074,0.775193044395266,0.7259315148860663,0.3629926761148934,0.8638290076634025,0
0.586609,0.0152816,0.4294,0.905643209747658,0.11452070279890747,0.8339039090909901,0.9373596709940307,0.6149465588684508,0.7197144047887724,0.4031128571344662,0.4707497308612272,0
0.890024,0.720791,0.643959,0.6950891151419415,0.07008312442506637,0.12296025997174975,0.5530625496113848,0.010458881000385278,0.009964840071071457,0.30360897544980925,0.10140057993692575,0
0.291404,0.854137,0.0972494,0.44284682341935544,0.6771521085188333,0.9268787692836629,0.288280925278786,0.5715588352334587,0.043177927616449896,0.48971833679777943,0.4678768123980379,0
0.0675812,0.0140372,0.529659,0.36909955424312435,0.7745874505587131,0.8789154521280431,0.3469172983009039,0.6109678849879743,0.40890374391518014,0.21810113850076585,0.9840277479339016,0
0.910194,0.730781,0.544317,0.13069128046418432,0.6757528462329213,0.8077966294936114,0.336469019264915,0.2975368448618908,0.4160279183581088,0.5059387853712872,0.5436053530219219,0
0.510221,0.0191946,0.833199,0.8043346497673137,0.3228818742131847,0.30696053880282737,0.9503904809446533,0.5617154180134293,0.10132423795461798,0.907159028899523,0.09724248525298995,0
0.877581,0.586038,0.579796,0.4341673981490347,0.9575946356227076,0.42288226157851083,0.5358840808667001,0.5612424083110307,0.7725207956281289,0.8271664707330295,0.08899889077774359,0
0.175295,0.453509,0.541121,0.8041546538581105,0.21181024456488973,0.6287314412831027,0.480460563769075,0.027532933531412507,0.31873730560163505,0.8210253497439391,0.31504804878741366,0
0.129274,0.0392398,0.187295,0.3608456717461348,0.061741814034530274,0.7830134000409062,0.8811506785672871,0.7036614241546042,0.3891706320736029,0.8300687542307486,0.38787028876948315,0
0.491489,0.805954,0.880039,0.633812322179846,0.5421603803076542,0.6005666867267395,0.6688036066268251,0.12378287187984405,0.1893552313257444,0.8864521035407554,0.5672639561300055,0
0.395198,0.761511,0.483272,0.7483556833948741,0.09810742150252905,0.9922414223360929,0.6031577705279809,0.44752673317960767,0.017862112790049678,0.6579755771938655,0.7450941346179575,0
0.706239,0.295592,0.607225,0.11909381359114335,0.31662389531794366,0.9150569049932336,0.29357357943179674,0.9445806595087857,0.43875669888066016,0.11582064289006644,0.3173526455814625,0
0.756152,0.578208,0.509808,0.6126087994650372,0.39339635005532103,0.4418077301118777,0.07715597595554236,0.7752035279451976,0.30010510691136605,0.7012178418716936,0.3959165825476916,0
0.740981,0.538591,0.904283,0.8308001361630609,0.7246156077016823,0.2871614936165767,0.9795561610238196,0.8179883475848675,0.6347074895739393,0.8382407159454678,0.6942259676018914,0
0.989318,0.974246,0.433405,0.9865823316310766,0.5897592709317363,0.3461871911356744,0.9410556498745335,0.8666084852857618,0.12104135013863182,0.9568456237027397,0.21406636832151582,0
0.0905316,0.524684,0.523355,0.998838361620238,0.4985564493772433,0.6526196693361391,0.7132168089014527,0.6939982592373138,0.8196462740350232,0.627410754240384,0.4707021383014305,0
0.238204,0.0511747,0.0244118,0.5898433755498211,0.7387803199967456,0.9815580947116136,0.02190046169010107,0.24296062591528456,0.764849227183979,0.734164273888009,0.9496037170595221,0
0.816333,0.148662,0.940488,0.5341041754001296,0.11857921191773901,0.7921088414880365,0.06677638406383413,0.8892859601439385,0.23566163203792534,0.155230782921417,0.7976154608967125,0
0.954479,0.00951005,0.996138,0.13358086364749977,0.17737153276838313,0.7133044546300578,0.9586880198103629,0.3361622774233243,0.4091384110716658,0.058175806473413694,0.9817710736336256,0
0.0536487,0.576067,0.103404,0.41207886891758905,0.8362393874856721,0.19484476911466286,0.3501686101318856,0.1481747789894694,0.45109948851245707,0.6098807746529403,0.9284141868753053,0
0.597363,0.0437849,0.442937,0.7933806370116104,0.05134737368260167,0.041848366950498095,0.5912696916090668,0.3352816995370034,0.5229869379119808,0.05041991439901472,0.3767698168636423,0
0.729555,0.553599,0.276685,0.04682011808556941,0.1344602315678184,0.33841529412497706,0.6713931102046956,0.20878442492383253,0.8352471791601592,0.30790891340708704,0.8084327039430742,0
0.356298,0.609809,0.107187,0.5301526251056973,0.9824254102450889,0.027870965384740876,0.972146321683011,0.7829900484550776,0.44293918390921205,0.005581032414135434,0.2635012217103496,0
0.435223,0.0528488,0.176293,0.8757075824482655,0.35395563805149743,0.9676240009748108,0.20348766952165998,0.7796121807217711,0.14140644602276997,0.789594098789363,0.9250249511829011,0
0.525382,0.459231,0.753984,0.22743814054076783,0.10581486277864693,0.8310471237812248,0.7209820548245118,0.6839940704013697,0.7569810690074262,0.1396899697900521,0.46140646044566547,0
0.468429,0.392068,0.409014,0.9257371804256069,0.29264065628426383,0.2079383482211269,0.7010066960839421,0.777467698957898,0.01959939424778756,0.6642906609521797,0.22053431335604967,0
0.61293,0.804545,0.335337,0.7539887968991166,0.23429812634473535,0.34588531041789894,0.34317923876122736,0.7025708712014167,0.5073831388590679,0.6619658954724154,0.7419939791975291,0
0.893809,0.105551,0.377167,0.5397425691080141,0.9615253970041174,0.13109000585950503,0.0546111635344001,0.4470947499941166,0.6765245229660728,0.21337000223924052,0.5893792602716483,0
0.644763,0.900268,0.899458,0.06349278597492858,0.24018513538890418,0.9551781052878738,0.2159238209856773,0.5073978151988753,0.17541426781542624,0.8423814875531221,0.48382744796365706,0
0.160261,0.672766,0.833018,0.33307346169089946,0.75962001465037,0.5212070459320609,0.7118261289355463,0.6262956423728873,0.7499854300481804,0.30573457113809244,0.2992942347072538,0
0.485018,0.569462,0.144782,0.6450346249140981,0.9686206576707268,0.9307565522650451,0.9673405218934127,0.26166103486260606,0.7701667212540383,0.2748714564187904,0.18909270554599933,0
0.677331,0.0590259,0.221818,0.3882183861116143,0.29304688523886346,0.5728763492524539,0.5018751539965328,0.7275510837609603,0.922657401521074,0.8794950103353696,0.12716900117961916,0
0.64589,0.354587,0.127959,0.2603013938804686,0.06986587385043386,0.5094701080964493,0.3439986438778436,0.9514535301047128,0.09556871907070075,0.08005014942298039,0.8920669967405966,0
0.535357,0.386333,0.0915001,0.9599848645009631,0.45523416954880025,0.8134086464378242,0.8322251369633726,0.8210157393830465,0.31239788903853294,0.8760485715411623,0.5248498572831319,0
0.79549,0.366429,0.0259065,0.7809679536663711,0.5722685483350561,0.8612976660197481,0.9911470556720362,0.2821551052045582,0.801254567717277,0.4797849529753798,0.9435801057856994,0
0.447998,0.336034,0.0446611,0.9227013973776403,0.09912510169171962,0.9776887858645178,0.5808878224208954,0.40726127654723976,0.12467202745080674,0.8465446986536955,0.2827628106106467,0
0.402357,0.948855,0.324514,0.13286073099194073,0.10531068355256623,0.7535614084698709,0.0863528189781847,0.8646799435071348,0.4176161892152984,0.5923232417809787,0.2624964390080746,0
0.580096,0.389306,0.0352723,0.384366349524492,0.2494443404060881,0.7503080594096608,0.2635280852566315,0.5093358177558969,0.4126146337439224,0.6213446504983201,0.552404584789456,0
0.474279,0.145791,0.898332,0.31290747292472043,0.15910592060843898,0.22428788640702335,0.8376816253057858,0.10774981712601905,0.3886784495594032,0.41036782381415515,0.16262455666767595,0
0.0810193,0.593532,0.325838,0.6031527376999516,0.44363431665278863,0.8106473454420293,0.7934093566548117,0.6811092259097856,0.060754276086951275,0.22464610422464903,0.45618937131046455,0
0.543457,0.649852,0.287727,0.8260825505928859,0.7200084646509394,0.23463490496377215,0.5351197781682104,0.8141236839915733,0.12706492722277318,0.5885273470975758,0.2695182196654424,0
0.0535964,0.169629,0.0615069,0.7376448621274108,0.026713866510699513,0.3423972059867757,0.45869040762181124,0.9291120550524784,0.9170995713320201,0.038268616884673756,0.9655771742691999,0
0.0972821,0.208436,0.493186,0.9975089750207937,0.3884836862728712,0.8493011663353525,0.8786040976791177,0.9606070655310703,0.8102053457008856,0.975073629973411,0.5945512511621487,0
0.358719,0.327744,0.00222588,0.19425806504857868,0.8414897603731769,0.8994569596375964,0.4734112747813962,0.8584270585886178,0.38377163430176375,0.5906636822265184,0.8868848106268428,0
0.591952,0.168347,0.540052,0.14295926173512952,0.2713146957821906,0.5106597397841574,0.33152843261925646,0.6589142369838454,0.5767690042462104,0.8514215240176803,0.5532079101584614,0
0.0390175,0.508339,0.593629,0.7250655369487461,0.7709606684626508,0.9381672709597488,0.8837831783552375,0.5308095744749938,0.9493334174678083,0.028625820317317086,0.8528256832817726,0
0.159843,0.81819,0.60375,0.3837838017723202,0.0752059603177253,0.7508613153911036,0.9061266916615554,0.08062986336417055,0.49015085084587273,0.31651128351609537,0.6125225475870969,0
0.740248,0.635606,0.430166,0.5695565815886454,0.8371964564011046,0.07419839635531522,0.9428111588076723,0.7049666908691279,0.8976831775025759,0.9778029094607081,0.08589907385048401,0
0.844933,0.00662792,0.104591,0.19276375434735216,0.5302082001787333,0.14508306442051244,0.7520647286388562,0.9581623522432349,0.2525618683844616,0.26949369980340054,0.7056825919135263,0
0.430829,0.797329,0.410084,0.27262215165621584,0.04524293763755105,0.2211103508886315,0.42612694612678126,0.18042000059574292,0.22683044202928382,0.9446433528737909,0.7375686994872395,0
0.635988,0.132269,0.687219,0.09897042816729618,0.7223284909811972,0.13732500967628192,0.06018248207301946,0.8868159460501853,0.8450386640059813,0.5822088136261874,0.6690210632046316,0
0.570842,0.758244,0.483888,0.4336961568577611,0.4174626041507302,0.5946973383428978,0.11496659218714844,0.9881269514599802,0.21479846754637255,0.779121016125139,0.2996865350730834,0
0.0463299,0.362204,0.0995786,0.4640472310745172,0.6399389768959852,0.8603200969426148,0.10733090598365602,0.8533454126876676,0.5347618919761041,0.8045053248471952,0.0328680912008783,0
0.352975,0.515508,0.754599,0.3058699821325146,0.3592930442125495,0.3896030472330144,0.10105824852098555,0.9842819977808818,0.4304548364272609,0.8370001972910727,0.11252842932901763,0
0.465492,0.24229,0.509233,0.010392500097136548,0.5542002809156161,0.8778037452589155,0.06562630709724515,0.9889538333591229,0.7863772248579848,0.49065784296300063,0.8265403457653069,0
0.606958,0.938617,0.681492,0.33068181695417,0.24255690746328706,0.15716063093571364,0.6567477725825664,0.21454300626109601,0.1216262154375598,0.41952476501572444,0.8027517369832501,0
0.353491,0.220913,0.623221,0.628356869810809,0.1752652425678215,0.9143008400121795,0.8158947450240572,0.39705058356099365,0.12224204094685143,0.30517123568739557,0.6247735474414035,0
0.94886,0.434521,0.839758,0.7056598933255758,0.24050946479788515,0.2413741737170434,0.6586699628716486,0.5654869721698624,0.11844893159527026,0.8685194629301912,0.3855261466062625,0
0.0686654,0.364665,0.47321,0.6467113923943612,0.10263912270683928,0.8664607637508889,0.9349683653927072,0.5536591258501852,0.344808833492811,0.1013630292645159,0.721830034165389,0
0.962208,0.759229,0.437966,0.5223157957947377,0.6995904549054986,0.6642464954050953,0.4597466540774572,0.2424294361188808,0.285052481260727,0.10771391301011979,0.21727643125174723,0
0.591441,0.439451,0.407544,0.9867955367025796,0.9711267101411053,0.7582591936747038,0.3992649186392354,0.09366427734668148,0.3013639497716707,0.9269463897750494,0.5666341332807489,0
0.881256,0.771342,0.245344,0.9065298486478054,0.2713424276789633,0.2026234670326733,0.5751168732464005,0.2984071318580874,0.5021845776913502,0.060979231117963995,0.2888026528131111,0
0.697143,0.319863,0.266094,0.056356437897062905,0.3204176909503511,0.0639106258574057,0.6128414434571006,0.4747881333957443,0.9735404089889371,0.044182343474993946,0.5811166969156059,0
0.145902,0.792382,0.369506,0.9312335803209782,0.3288641289050893,0.8347613163444035,0.2205738605624885,0.09308703502311155,0.17270779410694004,0.30400705435260633,0.4926917034039673,0
0.692893,0.411766,0.0879017,0.1774525587789283,0.33339706694836924,0.08132776945631681,0.7908037267715659,0.3789229881168964,0.13464704512899572,0.4511894607645405,0.0009272277394105632,0
0.686475,0.151385,0.403688,0.9508163784674306,0.10092182012212902,0.05958992329613899,0.9773905525949913,0.7362273494738611,0.8674697524656151,0.7679351522722426,0.9213665124165716,0
0.81877,0.837556,0.200723,0.5388086178350507,0.7698351885910643,0.6793341076647439,0.23705195454784445,0.9342080245552861,0.10421655757308901,0.4618696020287293,0.7698688929773257,0
0.877726,0.197587,0.691994,0.669230911793024,0.006177523168125254,0.6469298459976971,0.5051613359479613,0.9414460065985446,0.17188723370933168,0.013894496566681513,0.468732491587492,0
0.0876473,0.251513,0.689167,0.5951688968577522,0.7702955010614841,0.8466821177896369,0.09241988702410064,0.41952094767112813,0.9228103306610546,0.18251838249473196,0.7411967082444398,0
0.909919,0.737022,0.431503,0.5048307221530611,0.617946753735362,0.4475459438611513,0.4239610089253717,0.8838258920998705,0.14638309178984032,0.8138626422584826,0.5411643175663918,0
0.0333017,0.220733,0.534137,0.7068457047853589,0.06298571413267773,0.4126233567544658,0.48273585894904036,0.9713333047812132,0.37153595422358365,0.4533896880928482,0.3049708488128474,0
0.659305,0.987593,0.955213,0.03294449615376838,0.6161078672537057,0.17066963340995134,0.8608882725582803,0.3219910932954875,0.7587983943819887,0.8819247941521161,0.732533390514497,0
0.601442,0.504174,0.391773,0.7605407281142159,0.7091052793234602,0.41702287778318936,0.20419405374252886,0.43483923127244595,0.9374783103432528,0.36047367562096577,0.47696070314022243,0
0.636146,0.729155,0.820869,0.49258004030691094,0.006856369457496347,0.43657374113644765,0.19223290202965304,0.4028549640266357,0.6251463028677235,0.8434975461856703,0.3817364218891758,0
0.497593,0.907664,0.404356,0.19564596652820454,0.5517289590214673,0.8256333435971588,0.6394261858831369,0.38698468134159647,0.5536960039165627,0.02855462386561025,0.588540430050509,0
0.49147,0.502603,0.778494,0.39897649815002245,0.014489938309542372,0.40113417384500727,0.9603043887436798,0.0874952735936455,0.36404192508039934,0.5432640328828319,0.46182849512317115,0
0.793183,0.661967,0.678686,0.9749060012092942,0.8195942597908152,0.23826304704437773,0.6138688285164082,0.005092368075018894,0.8696164031946039,0.28524039274416946,0.9192660215310448,0
0.652019,0.102247,0.235135,0.9394564602341562,0.2761276349095809,0.20135065388652218,0.7818196594458441,0.9128156355200903,0.021850354988851906,0.025141792376655703,0.9348021697993469,0
0.0754494,0.256584,0.340756,0.13574435178027333,0.4515301165279326,0.3125502340228601,0.8442459710132085,0.8753855590164066,0.591950283778518,0.5133750356331794,0.2298084179345815,0
0.704412,0.174587,0.658143,0.1776445111760918,0.5541245351211526,0.28806368306271424,0.7994448605438226,0.04271046893216768,0.5201135744170443,0.3595686385702179,0.2583719480066149,0
0.164289,0.111321,0.243321,0.3767000293483338,0.6072958095330369,0.8624487010521542,0.8471827424551577,0.021018049462416255,0.007140491239768565,0.0062323902086188765,0.4444402734043531,0
0.441778,0.496266,0.89689,0.14092410066035566,0.7480961382108122,0.7877025181100654,0.17104458202692419,0.340653691980769,0.35081850192482167,0.47155948139949455,0.05372530402003872,0
0.536575,0.824081,0.472391,0.9139752422411394,0.45210559104830217,0.07311331865505766,0.7615648464933289,0.36287681719077336,0.8337505529091135,0.24405678409616627,0.2542889559855811,0
0.160599,0.720313,0.916193,0.024994113053159683,0.2337441955756393,0.7862202036513538,0.2297476487670317,0.9256531411991891,0.9702782276201305,0.8536615159805736,0.6641257928615832,0
0.0499309,0.249794,0.270045,0.6370730474945855,0.01711841060184094,0.8659279563783987,0.17797619652838947,0.7644397138461597,0.47761092499052893,0.6183479594397594,0.09009276914485986,0
0.51304,0.694689,0.817386,0.8372914424810998,0.09612087952742754,0.658006886341142,0.41613145580451594,0.7973139123279254,0.8149892399076598,0.3341061041682226,0.7218666072214982,0
0.0261031,0.753588,0.163548,0.7708690296840235,0.03423385571344395,0.30074152196036796,0.80076032193024,0.23154065867626128,0.8067909058395183,0.7531420428886324,0.10815967953469197,0
0.375637,0.309666,0.177637,0.551792381694405,0.22819031602748918,0.22194236448521865,0.5336467754050217,0.8640968364453666,0.7737384879473177,0.8865804231637169,0.736220410097756,0
0.406559,0.00444333,0.892278,0.6940828950813176,0.75016210471155,0.2343490346509597,0.34095570965796573,0.459635646170758,0.6804267570611469,0.3490128314287315,0.3151278374130767,0
0.0568006,0.769994,0.647153,0.937654095504836,0.3315442842834382,0.09301829529996053,0.5534568378931731,0.8618743277714631,0.9969184583954672,0.7795805649448557,0.9569772710570956,0
0.672905,0.98385,0.347507,0.09685426906520656,0.4866075335275635,0.023302782078337803,0.4305317677770597,0.32166143814476855,0.6100301137974071,0.19382221311879355,0.8126453436339112,0
0.642854,0.148868,0.482109,0.9450998117061378,0.2542743785492966,0.8550313097062665,0.650647946197457,0.7349318954182916,0.3505864312126974,0.5894066137758236,0.8475945061218523,0
0.972261,0.73914,0.343716,0.5135755590161908,0.20423144386819758,0.5815540316440425,0.9316709543319767,0.43819692401067967,0.21848714230478272,0.22667284205591343,0.6830302878107165,0
0.626378,0.403054,0.957239,0.23672784446026085,0.2247509628466069,0.7885746617602685,0.09209449080217735,0.6960524243139773,0.43221713539503936,0.09033994471846252,0.7826523529637791,0
0.860104,0.536632,0.980689,0.35749001543114733,0.0893889212225627,0.46709000546177093,0.9498553479068207,0.8412373721443528,0.2605391352792179,0.16416020721047575,0.42626455986449874,0
0.540368,0.976891,0.948561,0.5888226176371354,0.4501672715303149,0.15707751532114234,0.6257107462717159,0.10965913997874199,0.5619056637988115,0.5484800888995153,0.7273402327907569,0
0.147267,0.910253,0.898641,0.02858257233027961,0.7119131770467048,0.23813891115589503,0.540527292768631,0.8988895636505742,0.6930149774238996,0.36067773814429294,0.9113214538915001,0
0.712703,0.878282,0.75555,0.7104817917845089,0.42679443846934884,0.4436634752975326,0.7315625226611852,0.6288774469093401,0.36770024245713695,0.22387454902359982,0.5713902507122793,0
0.150581,0.465751,0.894861,0.9786163012700787,0.29694210323689807,0.5080705957551657,0.023745586293017373,0.9343513015705273,0.29464744195024506,0.6945040975797515,0.9700589267411588,0
0.226229,0.675347,0.369482,0.4557572702621304,0.15654667907482023,0.8182009682078759,0.055712295569667725,0.3336555912815764,0.8624266045789617,0.5324443739656963,0.5221452490201173,0
0.344114,0.90969,0.546852,0.7491199128078041,0.40592902284908206,0.18453390792689583,0.5517613035158286,0.3477054792801958,0.7091820196471588,0.4428346588496461,0.7496382623842124,0
0.738927,0.0420781,0.45323,0.4258637231054162,0.061816037155098646,0.821704488528507,0.500630192231762,0.154794701695963,0.3608891926464708,0.07225365581172405,0.375293228613401,0
0.746313,0.322467,0.651473,0.5878046282983952,0.7494712802806097,0.12609055549239834,0.1899483117427131,0.13159235156585014,0.1548120641086287,0.562724205607136,0.15252773804098663,0
0.403674,0.0617788,0.875745,0.4721063334034069,0.23908686614589814,0.841649287683346,0.08569256373085576,0.9774948192176359,0.05566638466250462,0.05353460296397783,0.40031664935485956,0
0.835335,0.396381,0.163914,0.2741017832762772,0.2725883689784928,0.29208785282158456,0.6638579076541076,0.942343911225886,0.3507522897893305,0.14377940161732883,0.14964321756385235,0
0.897693,0.979613,0.0065481,0.9632052064419382,0.28396334232452514,0.12175593601756196,0.6462163295519825,0.22902599006924562,0.25504965034790084,0.35629830381730254,0.6903783369003634,0
0.312532,0.501434,0.487965,0.13563328059512947,0.5419208267528538,0.27214604539051857,0.8618058183976717,0.6236731602705302,0.7121354813171098,0.014144562057852528,0.8955765118687014,0
0.464839,0.794831,0.90488,0.41456975922983175,0.39948992278989937,0.656440986456857,0.2978375812171762,0.104075450671128,0.5597438529683657,0.33033766088039507,0.09086881678130865,0
0.297651,0.371663,0.961198,0.6476536062898041,0.5187329640329224,0.8913066540936925,0.6864727998794545,0.6850221824435786,0.7221329961469813,0.13294364886104515,0.5032274918942709,0
0.320763,0.127795,0.739256,0.9513591073743657,0.2506094377666165,0.41478102283812757,0.9322376007251718,0.9657702418939645,0.9501808728639648,0.8880993433616,0.8652433500262166,0
0.962235,0.222439,0.951305,0.04492125145298631,0.4803921733758084,0.016390553388213158,0.11201151922468244,0.5692541040023069,0.9778921802195214,0.6748464827916825,0.18531429270181898,0
0.0319787,0.535517,0.75417,0.7860780277370811,0.4895759620490462,0.4680781976034425,0.2682859157359726,0.6528857873512973,0.36636269650715725,0.8270970429113295,0.5540103339956822,0
0.254006,0.0945741,0.272748,0.9673606400428273,0.017261754414237163,0.05666845386330299,0.9776098752780521,0.12080103161295952,0.9194841450928054,0.5724376019561529,0.8494785420247748,0
0.573467,0.985717,0.302182,0.3264276241448333,0.5078966909326651,0.9681179961159252,0.007278629303655637,0.1591112004224653,0.9740034480379742,0.9256288289205379,0.02522379456753976,0
0.666682,0.430756,0.621493,0.3061119475306301,0.16777396863213367,0.1814652393996088,0.02379736498986651,0.19725679694617793,0.1760285940767191,0.785119900412146,0.9386380989308388,0
0.329327,0.246639,0.494838,0.3805591177961839,0.3669159363903354,0.23835630499180838,0.988489710791456,0.38321598199886375,0.23313110282409422,0.3769274158121092,0.5684440156072745,0
0.558721,0.188066,0.344131,0.8273350164343902,0.6428111311444917,0.8968593976140853,0.8871946295997929,0.2992167514113321,0.6930063476767504,0.03868792677812072,0.568408884076372,0
0.285607,0.915227,0.238614,0.9998930767538399,0.5536092444131108,0.6849013516817265,0.8020003541212494,0.49475551688339303,0.579811247760292,0.22615133291569156,0.2277820783782315,0
0.623194,0.677517,0.391139,0.07044703365357297,0.14557150773357042,0.6586327558276626,0.5153364562548183,0.42079717873755074,0.39601663017270305,0.5708729162065612,0.11757856091014074,0
0.689455,0.984327,0.563326,0.6593439034626437,0.276370748469982,0.7778359278851285,0.010620556521008129,0.8197847896512703,0.8403445500058844,0.35311064955826943,0.45680062333796845,0
0.488791,0.469372,0.116026,0.6956678026831303,0.8961774000333051,0.09822961178027756,0.12372168725345334,0.09178352363167963,0.37234424520357023,0.1613796483427118,0.08242837302515826,0
0.605173,0.822547,0.817915,0.02479855816323484,0.35736240832698984,0.6078606083071124,0.7073368671902452,0.5934688142210011,0.16320434477752743,0.5147183810711383,0.3337802129012176,0
0.509773,0.294596,0.962763,0.8715120392009374,0.2450541890278357,0.4664379391656107,0.719928689631425,0.40996993319251784,0.24948267153838954,0.5868192039262674,0.7584918549041735,0
0.163133,0.250498,0.888241,0.31897570843283274,0.4539134557125595,0.7414889758508266,0.4628089624422229,0.19440805053747479,0.7983513296385844,0.5166761543872176,0.9497300704834063,0
0.100068,0.894222,0.972982,0.6548399126668205,0.41689360980346113,0.8108259018736832,0.7669699653665364,0.2976623694947709,0.6321227328609277,0.6148585298277819,0.5670246625290181,0
0.940214,0.778182,0.78217,0.856394380269401,0.49049232102147866,0.21658663606078865,0.05605865964838286,0.870591960425405,0.17321405669444434,0.7371881895995223,0.7194099691335771,0
0.720545,0.489164,0.600749,0.23732742769514348,0.2332679057262449,0.49812254697216285,0.7634535168976239,0.17532987850044013,0.2954469579536979,0.21671488694321517,0.29248387801814224,0
0.0332368,0.988299,0.524397,0.7233578208239383,0.06066979313649834,0.41181650343148446,0.8772580911033022,0.7633001420225132,0.4278947114968199,0.47750347979255436,0.05739373741338516,0
0.406574,0.766761,0.783029,0.2287144329473082,0.34990888570744316,0.12214773890587971,0.7181743109918173,0.45112413700595433,0.5394573410427379,0.2730535443245301,0.1601706574441476,0
0.345445,0.0393885,0.762396,0.9646734752504854,0.8488409934068288,0.015299820475365045,0.49826073620802847,0.867993554196928,0.8010583192253213,0.8219470506101483,0.4927584703836392,0
0.787508,0.543651,0.199868,0.8997257548299271,0.09541058158039617,0.6785365058077403,0.7118027020628438,0.6641808642710182,0.4112504812618626,0.8479176912684339,0.541107574599637,0
0.887704,0.466983,0.875228,0.09053754099094946,0.6311840111066002,0.07112104884149728,0.9344349873412182,0.6765106335247832,0.597933736951374,0.028146445596832548,0.12365262041208802,0
0.942585,0.000723367,0.0612069,0.9335694576043013,0.05901329648126408,0.5372734355273039,0.656650708954305,0.8632616813082301,0.4217808133403186,0.21700314452760927,0.8629394193120137,0
0.730995,0.0821226,0.687067,0.7910264462324901,0.1413694482906569,0.6276704750781404,0.4011703901320913,0.3809712705606083,0.5387281043070745,0.7898449162323125,0.14507837054184092,0
0.22998,0.16918,0.548372,0.24971620216248824,0.2848577179290106,0.027324469532648887,0.5802146153284661,0.23925735640178047,0.7542344070247807,0.21140678695980042,0.6630440246763276,0
0.374703,0.517536,0.227852,0.49809382411695324,0.5937936250771807,0.41260758014351573,0.8187617940585767,0.36027900414885583,0.26209130261910407,0.8659722573415547,0.28207337888843886,0
0.0898347,0.6728,0.820673,0.36368935828289306,0.6461261080642737,0.7008056835843023,0.008886908303115781,0.8851390406660337,0.3816288973557187,0.12468604770681913,0.40914597134857666,0
0.497961,0.394119,0.0860775,0.8469201358163727,0.5336196000722035,0.2431463038250088,0.03542073321743022,0.2721847381600888,0.07294703273140024,0.13159316225174322,0.19114240940977778,0
0.0580529,0.385623,0.334522,0.20326592377027486,0.2906951622106084,0.33575043428945706,0.24799358313636566,0.5821013616399834,0.712726416263351,0.4576895643650384,0.29172931438345884,0
0.420239,0.0419537,0.396688,0.5630975933687462,0.44880777964249385,0.6996176952948616,0.590780302978717,0.9972963927776628,0.5666662974630047,0.6138649008956825,0.03770288500441177,0
0.588121,0.570846,0.247252,0.4159087087958494,0.7231644300651521,0.7243461617014878,0.9498630594138397,0.5373287670087972,0.20476804752294286,0.10333623394748792,0.002636797762361587,0
0.0251692,0.116114,0.831623,0.4595796274532459,0.9124359349178799,0.4744950285308879,0.621757138117534,0.8792145292134578,0.6733462399925313,0.7022239309905355,0.6814209033674903,0
0.411387,0.60992,0.206207,0.42968829183229273,0.5336028057180322,0.33248518277364714,0.838488754275685,0.6064859203815485,0.09487247862372017,0.5802882457272235,0.12314870567273561,0
0.343952,0.170627,0.27673,0.7869650637930852,0.6713157557390138,0.9422629399659922,0.8574774898667197,0.9898336602610386,0.12219793680902957,0.13466324335501267,0.5251763738200127,0
0.209955,0.576477,0.161921,0.8322476694319673,0.9309403549651251,0.631055164310116,0.7834347590283983,0.21014674091310415,0.9307257858704696,0.9729054518797297,0.536910136125019,0
0.789321,0.504555,0.332248,0.44843936736401835,0.7906595503946253,0.14234204212631596,0.8621659169758065,0.7403120959156878,0.6436663823194549,0.31853890206509095,0.7822421758100585,0
0.208157,0.055947,0.701433,0.6204288182827247,0.6446031862076909,0.5370353275577486,0.8947919792400678,0.0012936446204963037,0.4952207358329642,0.8211730900556087,0.8223848532272643,0
0.256827,0.423803,0.410529,0.28830187226425086,0.4479447043443727,0.5466983243185528,0.5383287410096684,0.816906188725089,0.9785861587724753,0.7795690269000988,0.5166477431962743,0
0.154238,0.93709,0.782898,0.06689256398158827,0.6407301026907828,0.179283286405844,0.3630547778569583,0.5170752824376238,0.39553904623421354,0.7347072893059954,0.9583469213043168,0
0.551404,0.40866,0.270108,0.12582377632437325,0.992883056191754,0.6818893533847402,0.721553232576918,0.8402841801653376,0.9889368103572729,0.9284585630650993,0.7885997538694743,0
0.875764,0.0734282,0.451886,0.7939740309963296,0.8816460843580542,0.48713339750712026,0.6011781303023487,0.5185582562230932,0.34463715491424796,0.30903888623692843,0.4118635138096758,0
0.393234,0.331483,0.747338,0.9420044907852265,0.7250280556595716,0.5143380319238977,0.1264429242202939,0.10629666409234362,0.16855040528053988,0.03842787590104635,0.6681241239968965,0
0.207385,0.16406,0.323298,0.33762140216362835,0.9902566373796301,0.6994244557101144,0.020466886479206026,0.782223009731959,0.3195579558003989,0.45693430163506643,0.6874164957717587,0
0.600071,0.961484,0.641448,0.12934101115495567,0.16121962783432064,0.6356329658538379,0.9644869563144395,0.6780527032641005,0.6530849019043293,0.8223811162112649,0.734236045309663,0
0.947125,0.778603,0.973574,0.03947415784111541,0.8551192978616342,0.6381484445854047,0.24013874689785253,0.12866706162170705,0.39779857745886626,0.863274112755057,0.658959024265848,0
0.631826,0.0651657,0.451687,0.1928467302639938,0.33143622812757756,0.9144978987276617,0.8151690808570049,0.18067193748939592,0.973407591149589,0.24990140339635214,0.43794499957927036,0
0.711985,0.0638975,0.76763,0.6097091671071134,0.840615559557584,0.23364568894407556,0.7057472214431932,0.2788676142962422,0.4201292240958927,0.6106048490531938,0.8452756520102568,0
0.231357,0.854754,0.607804,0.6448688918565945,0.7870603717558762,0.7638330036308627,0.4957928526313967,0.08743951328057442,0.3787242408525259,0.828319807519962,0.5642810036000342,0
0.54259,0.713781,0.020472,0.9479782938978975,0.2282088368881804,0.24943394430412702,0.7296916137160498,0.6403408527352761,0.9650464766889746,0.5217884935971766,0.7016242466543755,0
0.642487,0.165277,0.344296,0.5643905638839329,0.14342309329603842,0.6583250289376144,0.910775104951437,0.27021663102422766,0.4893129058193063,0.6104784185011112,0.20531274532239807,0
0.373966,0.373966,0.863073,0.6577007460047013,0.24733938881710138,0.3464752238162938,0.3021457783066692,0.3513071625665172,0.2966477322596168,0.8541509777297206,0.2955962750181874,0
0.546559,0.448397,0.706348,0.7039295161587453,0.16635567538728757,0.12929940905795256,0.2958225770411682,0.7900731285229208,0.37993056183879526,0.726406126327987,0.6213046513971963,0
0.0736132,0.383805,0.734025,0.9774908393019632,0.6607285222611475,0.9982498240228111,0.30411453874270244,0.7160302384037186,0.3382871652234749,0.553701036383977,0.34359508040584397,0
0.5911,0.637364,0.632439,0.6453619600791691,0.7915062202979906,0.9571325679338893,0.9690650547505295,0.9581278220571393,0.11341994642642461,0.34832393401159933,0.055548392617629117,0
0.602176,0.474728,0.0890098,0.6600729146896476,0.5592603881367983,0.3765793000143537,0.8196652321228883,0.07125863970773272,0.5220973342243727,0.5813139659798914,0.07450845595460909,0
0.958732,0.527776,0.502312,0.6721918731434731,0.15113801514880398,0.19279167013037835,0.4512236556581857,0.09544275206206232,0.5606421491444005,0.27685995781591144,0.5687845433455117,0
0.252629,0.281559,0.189684,0.5171581829384793,0.6279350272896512,0.6708087248768033,0.7162208232926607,0.11839792013478179,0.6208073848001233,0.11694879243814871,0.42127247881938124,0
0.606238,0.812714,0.420787,0.511630062062142,0.4796045901465884,0.8134721216670319,0.5685888934445825,0.0623844640312512,0.2804179540396302,0.911402689313803,0.3613559766047585,0
0.504009,0.511672,0.576995,0.05154791496118716,0.24421771444268214,0.9293565879668783,0.8804998808498123,0.46152544427170006,0.21174179683390804,0.18506120809766635,0.05858941475922419,0
0.0648571,0.406097,0.229073,0.25278354047136775,0.5261806510393954,0.22009963020985834,0.27426559950982154,0.3106923711463958,0.035975709296370284,0.17965716798884301,0.6221429469291425,0
0.0736883,0.468261,0.860061,0.9212835364395067,0.3185044183829363,0.26637963435696443,0.8566755087422719,0.6702449176593012,0.9438090504196284,0.8759270467847298,0.29699323012176615,0
0.712253,0.996209,0.857876,0.23674539783103465,0.677748250497325,0.20224246588514172,0.3620652769359213,0.39428771686453357,0.5776741191177889,0.3060021510696507,0.4511904752065955,0
0.623813,0.0415582,0.636309,0.9321271557299952,0.3248060085738148,0.23403827907460928,0.35343238220883244,0.08303664862142279,0.2368533901589821,0.31347387785758263,0.21663050737306377,0
0.42641,0.839907,0.271278,0.7312792196164426,0.27952943633290084,0.928900664717094,0.5457002490170837,0.779019243038764,0.5282558854035319,0.8092016357069625,0.6686426581244822,0
0.536504,0.312645,0.592982,0.9059642257702187,0.542433964489719,0.024823773783558267,0.1076345090134262,0.6028112879821207,0.973389476197007,0.6411157981621466,0.4957890790451802,0
0.34605,0.174071,0.0475773,0.169547598863255,0.764341848192684,0.5917223780890807,0.5820348287188232,0.9057138049574279,0.5297278135846184,0.504825772288832,0.8847537938262267,0
0.695777,0.563465,0.487586,0.615727594713148,0.5241180204125983,0.49567150375890456,0.2544798153279899,0.7063377128259041,0.5057627216612488,0.3398049784576349,0.04481590934601887,0
0.3263,0.617279,0.156562,0.32868554678671424,0.06809956690580621,0.49171240538253547,0.35752845791939036,0.770665603529972,0.10871604743956409,0.2725552016418663,0.9577982618027412,0
0.765811,0.621421,0.973988,0.14875976576198247,0.5939528448759567,0.3788703876451869,0.08332544327548763,0.8076674182559131,0.4588130340101937,0.8276007301691536,0.7443165581875487,0
0.0692158,0.841865,0.278496,0.5767655357829351,0.5481415462113735,0.16447181519052623,0.5121780607635329,0.6115472601834397,0.3809074777947634,0.22719090247108142,0.1834607095763695,0
0.95022,0.283503,0.85559,0.4691742890184126,0.6627564648425269,0.2032044317239431,0.796246088030067,0.8384621515229788,0.5319007823582381,0.061745307796661986,0.4383785904496622,0
0.364894,0.848497,0.66975,0.8560800564688393,0.43256150458868725,0.49911184186882074,0.7221903335695877,0.6979329567511763,0.8333489577550531,0.049500190079726725,0.7790119873577126,0
0.868479,0.975646,0.110788,0.07806975866644683,0.8336948547941757,0.37653957646607705,0.335257135366538,0.19545026696903256,0.7040589361658736,0.5893001533183934,0.3769799037768162,0
0.566285,0.300442,0.0458226,0.8160344327092629,0.6018030364476324,0.3678024294508815,0.6731025535022808,0.588355477937039,0.5654528674442402,0.7457964959478127,0.8213396380269853,0
0.143765,0.455822,0.355845,0.23495354650493672,0.6328147415848504,0.5061647307291081,0.9889432478868916,0.12698669820816566,0.8935474014152206,0.24319290942753047,0.23927205643099747,0
0.311285,0.76683,0.661958,0.7233950055426268,0.6788235305253741,0.4949292933804189,0.9880740239089483,0.1429959941800878,0.868415248999612,0.16479369791824672,0.5757830099040063,0
0.459397,0.597553,0.567746,0.5863484613352088,0.7679943895992409,0.1003047592344789,0.0796059429717435,0.6522805168665032,0.9042844195518279,0.0007050343545498272,0.1624750609236102,0
0.371597,0.813362,0.467663,0.9594235946482683,0.253333599281937,0.30812006937943626,0.7802593342102693,0.6597398408791793,0.22175607757775562,0.17200610089079515,0.23680057715645952,0
0.43411,0.138641,0.809176,0.5204684424305781,0.5537678724226431,0.4912926826129572,0.9240392604680837,0.9369254546062026,0.54532802400126,0.5023427756197383,0.44371685149701257,0
0.536778,0.983411,0.452123,0.8953653281004508,0.8100539349050113,0.409943659071233,0.22040893574000342,0.21698962953532674,0.16927483671476307,0.9105498066321908,0.6068688767193218,0
0.657739,0.843045,0.189555,0.3037883135285919,0.5398487355431221,0.43378270227590954,0.9247635493013044,0.1446027456256691,0.06043477939663178,0.2878717526267671,0.7217076041838656,0
0.113376,0.62934,0.348852,0.05464459876131156,0.390584919167715,0.4203377218322043,0.666762745776667,0.44477967195992096,0.22602487580368458,0.6997028342703782,0.29292768389632995,0
0.364769,0.183966,0.210807,0.14604808050386553,0.03486172864626624,0.19055553742238662,0.6719805208490885,0.5877226542590572,0.14769854554662176,0.8874440553801782,0.41199448709916997,0
0.583772,0.558025,0.501157,0.7812567906092229,0.7044029354082733,0.1743471180158782,0.8379817544608581,0.8278229656918163,0.020725600205162897,0.03375164194576141,0.3744320858330853,0
0.438322,0.388711,0.104595,0.3730147323343045,0.9954375871835606,0.44797189266452286,0.6271141431411981,0.4171529276033056,0.5389365309980066,0.33706492723236303,0.15336260344932673,0
0.0109344,0.649908,0.496276,0.3471886924754124,0.006624961143398944,0.3416482552701958,0.2620515956521824,0.6851148803581731,0.2893283189515877,0.5098087564943161,0.9304892827680483,0
0.612211,0.459253,0.590919,0.24876479393235607,0.9465785891793258,0.32214269538581464,0.7985224989504648,0.2676955172222676,0.8140323226630044,0.25801690293738044,0.07770087567846506,0
0.532117,0.291602,0.354142,0.7319640669956972,0.7587606777581402,0.7253433824944021,0.4192063832345837,0.6506340897335671,0.7185227598467089,0.2704490978337706,0.32801256345078555,0
0.246051,0.160743,0.181534,0.30955274285818835,0.016364350129457472,0.06031159123400065,0.2843862589263588,0.3707080705280208,0.17786115881671072,0.9186191398230772,0.24186683603421932,0
0.2499,0.115275,0.227089,0.05310218367265074,0.42631821163134087,0.7496914233727439,0.7618770068844991,0.890524737163988,0.5597285061766535,0.6659658526615024,0.11264842930292052,0
0.246985,0.378682,0.25278,0.27275365563441245,0.02972301353472928,0.5683008879791648,0.7724296172938876,0.6075853463274645,0.6077739351264198,0.3345516893557793,0.06725049552165918,0
0.243509,0.332953,0.00349542,0.2690943808384041,0.5112027025683147,0.47880051065334994,0.9941314461456616,0.17032721158130537,0.22293704949936954,0.24828534303178662,0.356428034536179,0
0.519216,0.947577,0.441235,0.922478959444653,0.3529169509795642,0.5887493140975996,0.9734516161844701,0.7867522319830587,0.5896870090149221,0.9737103672506777,0.7604095639162628,0
0.0165083,0.0365496,0.980298,0.33167636140547774,0.5504859218501144,0.048957668010480626,0.6237166716227903,0.062171867537442194,0.10662034115968788,0.4550883348466007,0.9628910203303851,0
0.213286,0.73558,0.230902,0.3119551184645759,0.9186246050800079,0.27544220433363154,0.39701404266940243,0.7198947368772486,0.5371160123568639,0.011078306348567546,0.427962679387196,0
0.828545,0.460261,0.619686,0.43864882662143223,0.5862496631893889,0.14067095138660035,0.619356945494884,0.8991881137601497,0.9177963387281252,0.26240671864713017,0.52649696676405,0
0.291062,0.719017,0.385038,0.9586658094894892,0.6104612658069262,0.9013807476194153,0.8183161690232491,0.3141750884034381,0.7217497516429164,0.41362398306876325,0.563618358212095,0
0.954652,0.713175,0.797953,0.8249988044436396,0.1133356106283181,0.23926017053758464,0.9877669714516686,0.4156201732487408,0.03406234380254358,0.7448307654181131,0.8506072703379418,0
0.601423,0.994679,0.440137,0.06592399336269938,0.7386482553671538,0.9978401211349676,0.23695715101352455,0.5119225562413251,0.6686188492111218,0.8349374445390924,0.6950965478947108,0
0.686317,0.357414,0.554236,0.1858979449361653,0.6085521924441574,0.7136403313668698,0.5489953446435915,0.8366529970745412,0.7118633542764851,0.2056968358452137,0.7378786779257034,0
0.96663,0.821864,0.297507,0.3118170263740119,0.32471638922792634,0.23034519099071415,0.0188307339475966,0.23502546603992036,0.01745016439334912,0.06222620352382657,0.3115380440136144,0
0.662619,0.830784,0.298869,0.1782789378850015,0.9913406025098762,0.06499393169457446,0.8165159379507284,0.5549106407484162,0.6366734626222749,0.2163174244007917,0.7592928707183512,0
0.310223,0.776812,0.0991901,0.747661926104916,0.41130060031833904,0.8807006533992601,0.20148023188677477,0.6790114836511164,0.9209695178459896,0.863455657447891,0.33020641854850674,0
0.717673,0.388636,0.155068,0.32724866832090804,0.7055433116165141,0.16423215472128483,0.9770524429573757,0.5871329579439515,0.29718498599197807,0.5292569823907485,0.8649624248969381,0
0.118562,0.174929,0.395626,0.7973549363800134,0.27171368699195453,0.6324911820124415,0.2938360359192034,0.38264903517608684,0.04832164361528313,0.6364477684299196,0.48587868053130945,0
0.348545,0.67347,0.84902,0.620323774644884,0.8753239306130476,0.5279636402718457,0.28175211334869765,0.844668386018051,0.46780359403025196,0.9270176215106432,0.9530076069152543,0
0.52872,0.386855,0.117453,0.03855151027673176,0.492914527793059,0.9272012963816401,0.2243289977206694,0.6953672271951513,0.361033854361936,0.3501258330316944,0.5158500242342442,0
0.174861,0.986204,0.993857,0.950309768812789,0.9161900106589379,0.6340463465579265,0.01994279405652022,0.8452954621003479,0.8024959641917048,0.4976692589801729,0.8052498894657659,0
0.173106,0.193427,0.228346,0.1661601709632654,0.074428239109542,0.45004761286036465,0.6411640368888137,0.2703295315987432,0.2363724202627493,0.5248864519796196,0.18747350725598377,0
0.677264,0.539605,0.521537,0.14009426032383598,0.36548961354942566,0.021289448941574585,0.09398379757312936,0.630708858239712,0.490673960186931,0.19756423698974568,0.7250686925242785,0
0.437606,0.270444,0.287964,0.30462388786418804,0.1302351777894606,0.4369816970049436,0.15358001713307623,0.42769524374206,0.397890521493096,0.6880473537397496,0.502209643883175,0
0.555734,0.931183,0.820336,0.49112600320823885,0.6157157758318773,0.21981287628238255,0.6114850344033462,0.7966161634131718,0.45164165411600854,0.1993660984077532,0.06882325451925231,0
0.924918,0.642102,0.15308,0.10349357219182098,0.9795236404324154,0.5133664873955405,0.6326723808670028,0.002930594542943976,0.5531518509136448,0.29313561771005536,0.03164561273878852,0
0.163524,0.702411,0.327948,0.07036785127766354,0.5210166536671379,0.8157109914735757,0.5650988031198098,0.8041056376350438,0.5282684494355622,0.044907620094327916,0.9235164442281422,0
0.891982,0.0925372,0.184324,0.541886664231325,0.06202249127529025,0.73520380225754,0.8015652705145602,0.5989553737707611,0.11872556610315621,0.8249389364390246,0.29954444787750145,0
0.813114,0.82412,0.895296,0.34029669648437433,0.7141250303783391,0.15673042078658006,0.9377193987437474,0.5991640058745467,0.7724154121284026,0.407288196767678,0.35324613240837566,0
0.231961,0.765388,0.623976,0.3403821523919308,0.03048098596826254,0.070204623974367,0.1666777063672874,0.7354728301324728,0.2761804240730886,0.11994140601389092,0.5481457755172541,0
0.678879,0.183071,0.142743,0.2767451506222256,0.23034901594342116,0.22956795117373674,0.6959128261708425,0.4314549857406341,0.19040325724773477,0.1037897321994058,0.55418623159297,0
0.0205485,0.302219,0.514863,0.09653978780346384,0.5759942845102184,0.844372833029238,0.8543353648942014,0.9288549062922314,0.3738304166020149,0.5503073217397841,0.41015899834864344,0
0.371658,0.630979,0.262585,0.0707432044484827,0.2518491905436907,0.19286316707573736,0.7051485867324732,0.2731623454078176,0.5365383181993988,0.5816788361239982,0.5736881024784025,0
0.102473,0.548297,0.687188,0.31422899502868884,0.7287570667882239,0.783836437943433,0.42689846151803945,0.3456176305294263,0.7176043304787194,0.846430207199656,0.28865039615732935,0
0.95786,0.22965,0.896572,0.32273416018925993,0.3127065328712344,0.26317909909691395,0.2844017941288126,0.2654755042625373,0.32085120306254344,0.5010414573974497,0.3728398735180397,0
0.507541,0.15828,0.53958,0.5444561286213608,0.0037157638896060385,0.8933552405626907,0.8615876210979402,0.3920251268149708,0.6906465807607834,0.5363577967421207,0.5406575846273485,0
0.32734,0.741156,0.185187,0.7847017757537339,0.6918879569139672,0.38891064050255386,0.488567864804926,0.1116720622522257,0.608246286946689,0.6980951888504489,0.16812072725924032,0
0.843994,0.609573,0.67933,0.01539178176399969,0.09479190526746084,0.9714920916231929,0.436101693169603,0.6149436990342343,0.4415358608130018,0.3542984497685848,0.20027817058383857,0
0.613339,0.0408082,0.499968,0.49332632319077885,0.4611390455097715,0.08689467073031132,0.5540315971633758,0.8550022996408492,0.06460657458469998,0.6980649026722472,0.3900580417059223,0
0.32875,0.0488089,0.747565,0.29863257325465353,0.7715053762004972,0.42021449042756365,0.3273016900329274,0.5539116773625998,0.024163070559321875,0.350619664156841,0.5142628062782254,0
0.159698,0.802381,0.0605287,0.14924566463685562,0.5136393622759045,0.16380506698160713,0.773121863093559,0.9516381564837456,0.13120643716591718,0.07361738061001732,0.6429966998547986,0
0.446053,0.164586,0.0272656,0.6159991568890681,0.7335546576611562,0.20533913614231958,0.9291945046333313,0.20244741613535278,0.6620312168236524,0.011360930784837908,0.9048013016650858,0
0.536025,0.807334,0.709321,0.11891061902546407,0.2601651747861832,0.3421385861832381,0.2855056730880533,0.036500366931729644,0.6681806675859092,0.4857369363470808,0.803872038231921,0
0.330596,0.839096,0.864721,0.01864261217678298,0.5968754550333227,0.8589050346044899,0.9426110191655077,0.6609721062210465,0.03791677876326316,0.6488748998298627,0.07720203147729388,0
0.0847014,0.187318,0.0487599,0.7763607965566038,0.1517496711783709,0.6690489126862523,0.8191059591942227,0.08169144968301145,0.42828547120543614,0.6039013478694056,0.3192078839655481,0
0.906642,0.474214,0.0325184,0.28121580849149097,0.3186135793383925,0.12315200507480961,0.8977811449432997,0.23695488642846185,0.6036696358887033,0.6379356945432888,0.27997160349604666,0
0.57766,0.231992,0.749068,0.5074418381153578,0.02692695547382251,0.29924423268329625,0.4296698755622581,0.03825270002507186,0.22097317658556748,0.20299192600732874,0.3231238358458913,0
0.881649,0.95397,0.000645413,0.5005362990807954,0.6047098592220845,0.6967665578772742,0.3974418598482794,0.5572157019538828,0.644782202460654,0.5710395619963046,0.634565342852728,0
0.196399,0.205695,0.782591,0.7397510642517401,0.8832874636653635,0.4371989221885557,0.5132751901182795,0.8656441340845579,0.942643001624633,0.5492487771657448,0.19559998518235988,0
0.577836,0.831965,0.0460269,0.2990121258000098,0.3515101485874692,0.7731145461631189,0.7507447677749749,0.27618498431921934,0.3266779828018146,0.8833750861100085,0.876375887490486,0
0.755001,0.0409803,0.0575071,0.16746032168148262,0.21420940401995192,0.3398298105660581,0.8288489349821688,0.6871499208562345,0.9725237192626074,0.9056183375535555,0.4824708689407454,0
0.921454,0.955949,0.233216,0.39516301858021463,0.22476789992707302,0.648151829819285,0.2919372326586698,0.3689469002992356,0.7042468696143538,0.46071497017023755,0.8433067363915782,0
0.0276904,0.683109,0.500438,0.4489562965865094,0.7902522581906389,0.5597635360206717,0.15786827853550267,0.39256958506029616,0.5436021431338285,0.17973871491899995,0.5938329295983076,0
0.635008,0.158343,0.874669,0.2769693313107717,0.8553713358245154,0.3679229605881966,0.5915478482838342,0.10343514387117325,0.9771848064808861,0.7185075332466935,0.662461461744926,0
0.499852,0.627183,0.48611,0.6378285476898616,0.21857503517444965,0.03885469270137809,0.5808776195238473,0.7524683344463339,0.36684653767301045,0.45647937012363504,0.7333095224367665,0
0.786213,0.766341,0.600428,0.4205425264662661,0.6956810869165925,0.8464909245008883,0.4182530064054738,0.4910155492577042,0.8563715357112783,0.28027536324396496,0.78609870800783,0
0.4532,0.784168,0.862553,0.6490203488901949,0.8375465109117985,0.0170421593195762,0.6700728952715977,0.1982700749600259,0.4384109542508018,0.8464199132842214,0.5265360315781302,0
0.600693,0.752066,0.157807,0.8740433029976908,0.14039331419924372,0.9861144824161845,0.16731341546444767,0.53566960501816,0.1140180089029158,0.005422447895260696,0.3606702139525374,0
0.591282,0.422059,0.721262,0.35345453732178067,0.8686801977380144,0.7317462799357215,0.8239437557160298,0.8034293840076219,0.6851671749479014,0.34440138749011895,0.8389158043569085,0
0.830666,0.124153,0.548956,0.02673385082251345,0.5920332015355063,0.7286509708927235,0.1949131511394221,0.00419040150740102,0.5890711049022948,0.2714233968009163,0.5488931487671297,0
0.668394,0.63617,0.413333,0.431752541510502,0.38627479560628175,0.5704358257922102,0.9218320591117075,0.9501601942682143,0.8597158084131088,0.9040868196411734,0.2780373255056495,0
0.158955,0.384473,0.779769,0.8605050630126585,0.4334502972336094,0.9077350205116806,0.9501485254385748,0.7361646183476277,0.3588280224641087,0.3713607690294901,0.06150100600432318,0
0.696134,0.232009,0.539605,0.004331496497040899,0.5168150156783636,0.4213521510185474,0.09461796528814015,0.8388016023274586,0.357121436573984,0.4404265144004237,0.37892033948250214,0
0.888306,0.85314,0.652088,0.5721351274508282,0.4483286536786938,0.8215902699389223,0.07762986547653561,0.4847841783735537,0.596879131449906,0.21488093050688117,0.5709932824167785,0
0.626091,0.504884,0.967274,0.07759156113247745,0.9981840844249097,0.8528454763996203,0.7157291063060137,0.44490249171177476,0.8793923186523741,0.38646266612742075,0.09468397556647512,0
0.75668,0.268224,0.784318,0.8948910374276146,0.26501965721243825,0.4990481395432784,0.015423996442203047,0.7673792586877803,0.536881528955677,0.9306862810518263,0.6266407474534881,0
0.00391191,0.995757,0.789833,0.8333830929620689,0.8339829749442473,0.3976118316700835,0.053321363118970067,0.46492783101054935,0.5981465284635195,0.9580340227628094,0.13362491545035315,0
0.237606,0.460777,0.427449,0.8269301214325994,0.8864408176887683,0.43403738142158266,0.7402439284099964,0.525499086067686,0.6719141356473809,0.27572970190184976,0.24660802862446785,0
0.971175,0.752726,0.180696,0.13043656793409042,0.9022314792431424,0.7933458214883119,0.08193441120670975,0.6076150124427686,0.5210719060155875,0.7161476095695088,0.32129361895168784,0
0.228941,0.145137,0.293175,0.35806045168513734,0.5410879131869727,0.1775315132368538,0.21669164682360098,0.7692615351387354,0.09690532420039877,0.9176706207288505,0.06006031550245439,0
0.347229,0.918014,0.110364,0.9752436348626656,0.09503745091071125,0.6490843728875869,0.6048226387849717,0.6883364974722371,0.06030160687922337,0.1694644735473736,0.8648058103439155,0
0.861761,0.20893,0.475424,0.05741002066624035,0.018125224438102827,0.4136146579388802,0.6770439448949422,0.30473139238629277,0.3477629507220815,0.9918284757914692,0.6212283706026075,0
0.472753,0.260215,0.770278,0.3599547558171531,0.8688338774435692,0.40855828222119184,0.7832088172208373,0.04611447595694107,0.29837497573503313,0.7074591797906912,0.6359932711943513,0
0.727767,0.841442,0.338031,0.5183752072051422,0.10009631816638687,0.44424425882019436,0.2289479242842294,0.6008829681208091,0.37323136702001336,0.9724361828274338,0.10843273553538346,0
0.758829,0.954571,0.348645,0.3021624947690875,0.18261481611008912,0.1736679343558769,0.15540548892942152,0.03131533747633741,0.3532975138880631,0.6117500215409507,0.17225014052304166,0
0.217107,0.243453,0.837505,0.8412135413937498,0.6023864148158449,0.5199947821456182,0.7342423505745475,0.6791860174379122,0.304583516275334,0.7403942681243932,0.3825052477429649,0
0.855679,0.274403,0.531011,0.5224620844488583,0.022797002649055265,0.6083694823355824,0.16491674355847719,0.35726387030693263,0.6416313109923056,0.8123589067572267,0.42569603226221775,0
0.945448,0.761528,0.451248,0.7329688894054174,0.6004363034999447,0.11617242872792555,0.8662597370518502,0.9841653545356531,0.8042493250769793,0.7562817187740203,0.35641743993302943,0
0.424717,0.20513,0.308248,0.6571982690398912,0.45486580433271095,0.6451638070993595,0.023158565777007145,0.4448568815031896,0.6422303807034856,0.5723574271724652,0.3406656486856434,0
0.446179,0.552238,0.401743,0.6580564660901074,0.7257894778647572,0.1316444445694096,0.10524105743234091,0.9395979734608605,0.24556226584224972,0.9245579600666818,0.3831739164810041,0
0.0352517,0.0452436,0.753002,0.5098544652234348,0.7262530236247907,0.03915858921977189,0.0648043131460766,0.5723900313218896,0.4031008893520186,0.5346789207959559,0.28665024839551556,0
0.169928,0.422896,0.15394,0.04111762754635506,0.4886895832257112,0.733867177446896,0.3729271570754278,0.4883988343515754,0.5848187657812142,0.14082757867980367,0.15610231062927082,0
0.978396,0.999381,0.787976,0.5333791116262345,0.3949317060732568,0.12490873040677297,0.8208996150871283,0.44009148509243823,0.9543665680510703,0.0398683504344971,0.7299145132917135,0
0.392537,0.325969,0.61896,0.5897490626418179,0.19484796593645992,0.009730850020729154,0.8590477007127817,0.9558248881337158,0.3342172012176575,0.7471088001552155,0.9711565979206842,0
0.174126,0.0766211,0.335839,0.4204694434088476,0.8247630665733773,0.07371499686102323,0.9280108607141352,0.7841240424033225,0.07677871816072035,0.36364985257939086,0.15064220951604035,0
0.30291,0.87393,0.882098,0.339114930547294,0.8849032599714768,0.7629853064979026,0.8352342509391951,0.010795396421115155,0.4332546287987452,0.2187490411427151,0.10035256542779425,0
0.556422,0.723049,0.225929,0.053258360099455615,0.6335782294018151,0.5635358058601311,0.17533677668758563,0.33011384154195456,0.4374518111667838,0.30718138000505124,0.1889753420436716,0
0.97515,0.845215,0.544008,0.9367620217276396,0.030179007075624598,0.10348571635652459,0.7259331576182039,0.9126700731459256,0.926647128111851,0.018816805703409267,0.02750608881976524,0
0.93284,0.229115,0.832261,0.3540768273711179,0.07624900483381125,0.21750511801481853,0.3731595173563593,0.3672907195915034,0.4059112837347524,0.3844131196802325,0.30213620080812553,0
0.119627,0.640422,0.324871,0.6827979454886012,0.598162770395761,0.3809143863839214,0.4087744994664363,0.968929270214293,0.616879540831263,0.6892775035820925,0.20775196418179742,0
0.747383,0.654376,0.563304,0.5581517393107642,0.22205464042852485,0.9187033212676695,0.9460127931472343,0.17027145962000545,0.3311656062798418,0.12788814264546833,0.10513354602896574,0
0.461256,0.917801,0.88362,0.826091051441228,0.18129573927824116,0.5321156671515604,0.21327805970013602,0.23531007574570895,0.9527029389967441,0.5103922524578932,0.5653007586730447,0
0.357699,0.314223,0.535595,0.46301313814030265,0.13658070118361298,0.023544560854683705,0.17850783700567885,0.5706184641726989,0.8977760948062479,0.4575820332679278,0.4040245961597315,0
0.808686,0.283854,0.958741,0.15377455871880397,0.9102412503578661,0.9107589971526805,0.730218353597492,0.36714878800692863,0.28892666645871423,0.9452549780409718,0.9170270602660511,0
0.74658,0.995383,0.99933,0.7741225194200967,0.2238679550706829,0.3693895865842286,0.7278399709600778,0.6333113765785281,0.649492421659328,0.33332749753700885,0.19345546974993555,0
0.111001,0.482621,0.965867,0.3355461717367676,0.3852971721891948,0.029154368732863922,0.6827217790733747,0.026994891991196868,0.08973486042077106,0.006299133443554816,0.22768400566857405,0
0.234598,0.684577,0.257985,0.5580185300452094,0.9109418682864308,0.6593006722980197,0.9797645946621653,0.45474432485004324,0.42720107493355486,0.1420859134779684,0.02149438177128593,0
0.0532914,0.151009,0.763679,0.9622606113261993,0.7762948913707584,0.41464629453507107,0.35316481556353063,0.12254142297742554,0.37589781057043337,0.2986503184996152,0.3508412896935754,0
0.642807,0.660681,0.0313011,0.33577952797147237,0.7629589782991618,0.09468026939879404,0.03057450361710823,0.8798484063371251,0.9901281451527947,0.577809076726337,0.09110862942141307,0
0.149667,0.605226,0.291944,0.5163401210341843,0.2561147010339542,0.15912706691240563,0.24997562521554662,0.21138948862460194,0.09650451723477005,0.21529307064089231,0.25857016458215376,0
0.486373,0.793132,0.563375,0.6109230961909684,0.2469171670141641,0.9318122920488533,0.08002080744677031,0.5711718058342767,0.8045091010891301,0.5866870949464672,0.015743055553860685,0
0.501183,0.986681,0.640966,0.5671139492866695,0.7417256294722978,0.5454092055752938,0.9099854190045421,0.5223292053522457,0.6993031882715538,0.3767879691918884,0.9661301694141926,0
0.762034,0.300867,0.832753,0.566706808174159,0.8634531237726368,0.5251253183687727,0.09711827021737462,0.8680382234990021,0.8786339169147135,0.9759445550055741,0.8174309466670185,0
0.320344,0.276356,0.0824352,0.1768011351983324,0.3455114811026435,0.2346870903958952,0.881893530001076,0.763120290411261,0.5170945679102115,0.3651002043256224,0.20706030462386216,0
0.46559,0.829999,0.339555,0.29529219167548326,0.9894588782329747,0.5997491596995425,0.7349770071855727,0.15864121037355494,0.5741501958171188,0.5692574695877786,0.6293872371583826,0
0.615738,0.664639,0.0275789,0.44382632612073014,0.5548562026095017,0.027605259262520998,0.13663865827222454,0.5922525171312817,0.7616012381601659,0.02561042296649585,0.05574076598592492,0
0.559915,0.105747,0.498187,0.9247189647100592,0.49918738367611215,0.08289134743044624,0.8107868124755335,0.3191789323486799,0.7103643148413021,0.22990967629039571,0.28650078163854564,0
0.570129,0.230946,0.277094,0.9433979592262199,0.02810087104901915,0.9312092621784549,0.9004757469632431,0.9362107463668301,0.696134988100385,0.3609579631232799,0.4839539048353467,0
0.314895,0.583749,0.870557,0.8005027401131737,0.1960211710175488,0.06784560657427752,0.15178969901096917,0.4798054606699378,0.7054282429843052,0.5438713366986182,0.11250286502542972,0
0.348396,0.871377,0.151036,0.1532412356247842,0.2342753874075454,0.5397863839996894,0.17990885166414627,0.8182272711973744,0.5545845929706542,0.2694060788414938,0.11727183430304533,0
0.35997,0.569935,0.713753,0.3534998382730833,0.9357155246289057,0.5350890129205732,0.3987070934765211,0.08689167111002227,0.0012588878850953167,0.47820558284415715,0.6571396411715072,0
0.0866149,0.210325,0.126641,0.14264538758659695,0.6550620582422086,0.15590642516512898,0.8815354685261089,0.3865071080434851,0.7300777453995938,0.7676922462740966,0.9473628026987195,0
0.0629218,0.271945,0.142061,0.15709426010313565,0.15021766842391415,0.5208232444041627,0.4098865920520336,0.8185011899619486,0.8206277180115998,0.154602113259668,0.4443995451039393,0
0.362623,0.51688,0.495512,0.48082211540205777,0.7191269952445736,0.13887215611284098,0.06548640073549405,0.2672140762695918,0.9618629921481942,0.20011523336746562,0.9816078712891247,0
0.680214,0.0715722,0.84855,0.8283142902743108,0.5227792807919933,0.4264590918793858,0.19033174009643894,0.22512518469786036,0.7227820385458138,0.851803045161813,0.5321441069687436,0
0.710764,0.457132,0.460829,0.12679167769049038,0.08689929292688581,0.20916900471269495,0.9159099225803994,0.7767405227906298,0.37875086766826327,0.5724027818135898,0.981064569180635,0
0.784638,0.572486,0.350288,0.648057925284634,0.3951526278546875,0.9702192703688068,0.8960426898119938,0.45277700131359,0.21869187523697742,0.3909323154100255,0.023097298269217692,0
0.259143,0.420235,0.480881,0.9742144010379339,0.9369043615989554,0.918939829024899,0.09860162399563555,0.18816064684960476,0.09510456327398309,0.20712907729844476,0.8438939011968519,0
0.365688,0.57287,0.508637,0.5024480485478294,0.09884444507474122,0.5152339327971455,0.05150980969389651,0.7038128309091873,0.5536956649135605,0.1639422886369708,0.15290537225237566,0
0.161437,0.75788,0.109718,0.6195664006217392,0.5459397095739505,0.7876285476916247,0.6823304184521556,0.9951400009223894,0.250376937796961,0.364001867733976,0.253035366828113,0
0.079507,0.713918,0.345561,0.7622748913217665,0.9259951816791161,0.4751563082806386,0.15262346372671098,0.47582526623829036,0.6700082435945758,0.9431969147754752,0.7164160013881434,0
0.284811,0.25847,0.38889,0.30690771037182807,0.1981483925398284,0.9523720185766383,0.9579809916152395,0.007558474306531449,0.6896444582214298,0.9136231284013744,0.09672647280824176,0
0.869871,0.304521,0.0729864,0.07917639089955963,0.4071796153574545,0.43235115541438374,0.18704354165460169,0.8694915055031716,0.16542633533260553,0.19664906129680004,0.8773827181497097,0
0.891766,0.513568,0.772316,0.060360166908834834,0.7167563556705177,0.4393097397086074,0.6830445592700924,0.28910257413839613,0.9728500417054576,0.6636315308951779,0.21556576063281296,0
0.766931,0.672212,0.616097,0.08246543869346656,0.4236191088492328,0.0019132246624099514,0.11790767677558245,0.6782325955144917,0.06316043528802084,0.32329326928592783,0.19170691766690884,0
0.783993,0.316833,0.924703,0.5300069250463527,0.7924855165930976,0.375085845034028,0.40348324497138344,0.7553004585419701,0.8725081119610829,0.32739821476187103,0.18870472806488459,0
0.910713,0.0473263,0.314074,0.12090735975101219,0.6521695475733503,0.4580169518161139,0.7210152880366091,0.9940520348922849,0.1460937962153559,0.24175437796862276,0.0642726023883291,0
0.306091,0.340144,0.892857,0.5349772213061136,0.3720237544033079,0.7655424871608184,0.2541033571849646,0.33087706092410685,0.6614923915340244,0.12461245765203433,0.2711974506906021,0
0.133572,0.118199,0.98095,0.5122698880558041,0.7979248444167356,0.8252915653068605,0.28592529753282236,0.7299721350821636,0.7205323249957651,0.5081193764683918,0.30680719316128413,0
0.399198,0.539691,0.869194,0.5219191512488713,0.5013856126577066,0.7848796800959892,0.7642980203091555,0.036550013094743816,0.24709986555144492,0.19469335457401438,0.8541021792764618,0
0.207888,0.722993,0.681814,0.06252979479511311,0.5061347217601362,0.9463168196593074,0.8462896191931655,0.3096783433432533,0.3843597766161123,0.7711641516466304,0.511148946756988,0
0.468082,0.77808,0.141292,0.43693175011964924,0.7967670812151523,0.22170625262129517,0.18960759327746046,0.9477477994641855,0.21032116587554706,0.9578364508195369,0.5879586813719723,0
0.217996,0.280586,0.222768,0.43976977640612613,0.9036209140522066,0.47215885229878196,0.13617857401752176,0.842316379999368,0.08294645013419988,0.4838519694480077,0.38954533096709243,0
0.0213525,0.164309,0.370986,0.36044555979591086,0.9418569893210604,0.11574176938331349,0.4315841839533564,0.7816409352074545,0.1142915907212726,0.3006286529334842,0.1689511757830945,0
0.911988,0.898369,0.343561,0.9076714966439813,0.23599940533799968,0.8366322460401204,0.9635009560712431,0.7585075515324776,0.6513685208346113,0.4023865506536469,0.3879549130365749,0
0.967507,0.258459,0.769293,0.8799764127764188,0.7115685723588713,0.6780880741531,0.9107800980230092,0.7847992073801201,0.7163353022795047,0.5200153402135297,0.1448681162292912,0
0.520852,0.7727,0.745265,0.4196002549579171,0.48420019684928195,0.7371489624667144,0.23664112867784415,0.38450848654056713,0.3918994920080532,0.5145717691613076,0.6053929503700911,0
0.300842,0.595652,0.0328403,0.7216506057948461,0.5060583107857481,0.5561314941018165,0.31461361888172057,0.9038433884445175,0.07607252507612472,0.47291141401012593,0.3006312053098118,0
0.723385,0.48643,0.379846,0.3051540436248271,0.9429490158283419,0.7051491430193206,0.628956542629492,0.701117997193411,0.4220082358998902,0.9121551607995111,0.670050536798783,0
0.848362,0.45071,0.0911061,0.37067191459330906,0.41443596554130036,0.1282182498226353,0.9986256984499028,0.46323444069443664,0.32815388496689,0.6416080936635145,0.6382476184478864,0
0.578962,0.287133,0.0152324,0.9809795501451686,0.22067940573619838,0.2698027892743552,0.28470909565925595,0.9482533624723805,0.07382924458372053,0.12686964280220636,0.935207215175357,0
0.276425,0.528779,0.971671,0.6375802103182913,0.44527099547311744,0.35129574384582063,0.37414602570879574,0.35693729239778926,0.5574411263900252,0.7581968172548921,0.05052062398607715,0
0.112222,0.183282,0.249614,0.6739135977860767,0.39334674137742587,0.18112775629147104,0.0627610841735845,0.061385546496611765,0.6197316731834088,0.07801627306910386,0.4606071724901917,0
0.170121,0.157811,0.332061,0.8400288515892738,0.7380599950091972,0.6236251463297828,0.7384536214807625,0.8230366570345657,0.1813014484310964,0.1732419526263126,0.46257527500367934,0
0.0441352,0.923602,0.0573115,0.33827582131486567,0.7392169912025494,0.9858168330197276,0.19479412385021522,0.6188326363237875,0.5879617018437429,0.03018677666840286,0.8288352593846923,0
0.275379,0.885674,0.0543728,0.8731730987770613,0.9380769606258836,0.35175579906109045,0.09055188070470677,0.41909824905931514,0.3316186829295664,0.6677876924188426,0.961538342392529,0
0.769943,0.85011,0.483621,0.9726058483643035,0.524490048984776,0.673956945131536,0.9200927067553601,0.1558862235415318,0.6743331589772306,0.7638950070451284,0.1914487523110736,0
0.0339197,0.666055,0.105023,0.3254367332070034,0.7154793234549935,0.048050995641604644,0.34445968701194307,0.738660082200122,0.09500702717215093,0.14181788179328514,0.41293783785122884,0
0.126492,0.485624,0.858624,0.6067394498400167,0.9946801122158516,0.07565978795121975,0.633959942850799,0.9229440144734006,0.6933337604685017,0.14403296826632184,0.17088646033915733,0
0.646691,0.254158,0.0338112,0.1648450441449909,0.7313611445466809,0.10057607653358791,0.4168515200379742,0.1544208888934112,0.6303653124991055,0.03733609275951111,0.75868325726382,0
0.709413,0.266241,0.62335,0.8348137396130184,0.8083385966493185,0.9662610736023401,0.10529376287433023,0.3831124451141411,0.619190298162792,0.5646027244489649,0.47155552361887865,0
0.585614,0.770455,0.37238,0.27923220802516013,0.1662903181367973,0.9253204223277179,0.47844252852131797,0.7094452987676954,0.47679530052741037,0.6479009629780854,0.10622421771073198,0
0.471267,0.987017,0.941205,0.05137056013663033,0.37809144841846387,0.7302828168184842,0.45577512656383545,0.6557207850574835,0.6884911395709896,0.9625728128542451,0.9926524842473013,0
0.368532,0.905793,0.00347474,0.8017479409779215,0.591777545670534,0.21756429436998648,0.4979026348588651,0.6861173254706548,0.6616067637643608,0.9655457857082191,0.868697917522252,0
0.782313,0.124917,0.387723,0.14324149540997766,0.510816249466268,0.40942161360294305,0.26873935975274255,0.7667837814684205,0.7996861905801491,0.20659925004782043,0.90381451263982,0
0.358913,0.940014,0.280777,0.9067829359370381,0.20258499206668856,0.05753246747407559,0.9817694277108817,0.42440486821807166,0.11669760676819407,0.5885599360089714,0.0954435161122561,0
0.0703714,0.647682,0.0387696,0.3590461732489282,0.20937199894420744,0.7627457077439187,0.9098866170844682,0.6848356981355452,0.3337407481028144,0.26967131069028094,0.1723247968797177,0
0.927346,0.444819,0.55029,0.6214620078005179,0.40861215133188067,0.26337080586396244,0.10906705147374396,0.1722259474494775,0.7653498730075894,0.8442730395497453,0.8177739395756437,0
0.780361,0.294571,0.472691,0.7443051757801217,0.5954186133839128,0.9431641298486242,0.20060997839650874,0.912643645622725,0.7585068509651314,0.24562367933677376,0.9390625043409981,0
0.266926,0.350125,0.117115,0.7677570141619242,0.8814553499775463,0.8494748932801613,0.23089458656426198,0.621343588585295,0.23187232064537355,0.13473891329416998,0.9823494371641525,0
0.607899,0.0492659,0.22096,0.7711986928489264,0.2559499646182354,0.8678640540555846,0.06330667020751846,0.41525061067730007,0.9536441492652714,0.31437260350846863,0.3771911255272268,0
0.701153,0.877965,0.979437,0.1417180801691872,0.9723558530109367,0.5918659513030072,0.03843755918364766,0.18089370783910597,0.5187582589343271,0.8902409021235148,0.851587817465043,0
0.446988,0.749746,0.930727,0.6687033086079731,0.35276693524727853,0.5119874939517808,0.29399582583944406,0.7395304362126477,0.8720957930360406,0.8038610557776686,0.3184763324732207,0
0.934294,0.86764,0.523706,0.7864815603723637,0.46474914436974346,0.6985722371693247,0.29307255346633077,0.550584164470163,0.8859798695253891,0.7354282106334872,0.2513517373128439,0
0.504005,0.756755,0.627274,0.3546887353111594,0.4523687277416295,0.5964894205593225,0.9168755389185924,0.17048952147632612,0.3662895662458502,0.7504608516051944,0.5740301816097789,0
0.0435395,0.681519,0.701244,0.8785150873936808,0.3695428716298007,0.23108260882815523,0.022337528604109758,0.5303134998101318,0.3907503707213654,0.7819394115181945,0.5945058873149377,0
0.348488,0.00861217,0.758757,0.13893994206398363,0.0705324410858833,0.703978758176778,0.8953607766703457,0.17119830918411105,0.2088780130405451,0.8012947228820395,0.16194250724613335,0
0.901166,0.837078,0.270981,0.6816863373157306,0.26264568235130825,0.2886367911360337,0.5017856128752994,0.3340633729426966,0.08334238595507981,0.7875135884579576,0.9720921444710192,0
0.765235,0.405366,0.373517,0.5892105951823605,0.4814505054041549,0.5279690507322764,0.3784695824285753,0.11562175781618722,0.015929383971763023,0.9843977994332408,0.5733149368590671,0
0.303551,0.922863,0.168648,0.09938727236541645,0.2674826325593965,0.29277446413530617,0.7235839304484144,0.24439936564415632,0.03237980020490161,0.6535765252834113,0.855099172397642,0
0.572955,0.766424,0.774022,0.35887968294792705,0.6840222546280178,0.6540686225085839,0.5569228209114818,0.3806402608746815,0.4923866128008534,0.7751339437471927,0.5088645287299899,0
0.463102,0.478081,0.357906,0.37360201725728437,0.14120731154206978,0.627863373795746,0.890004217240102,0.5948816251876867,0.7141059942744631,0.8118936093400708,0.3028943814382863,0
0.842041,0.988465,0.0789989,0.10727895055184744,0.6175978708869356,0.16093630815067972,0.897727814275216,0.6039765995983045,0.605384022204819,0.5892697286165182,0.0293953282314684,0
0.623552,0.923656,0.916619,0.4775357306642941,0.2015800402029052,0.3953140953832297,0.1557085830175473,0.9292223141575993,0.8114799280151083,0.224745102473638,0.2125866317652575,0
0.0605114,0.851388,0.567078,0.15256198474883642,0.7936009906037057,0.833463078665313,0.6672317685919142,0.676105083971676,0.4094331814272436,0.4480591996712898,0.5452321821539614,0
0.647882,0.392852,0.0801315,0.28538032770648436,0.06946545101243251,0.6728861554650716,0.18204800906520657,0.48971103879681355,0.547243772168198,0.48905845969864603,0.8531550972845365,0
0.915706,0.269111,0.720574,0.902239975822866,0.9207257481901774,0.9691238638178539,0.8432598429694659,0.11509163948159307,0.17041338025097152,0.1575832378670945,0.5953381112508349,0
0.821994,0.445258,0.236328,0.5760266372737738,0.001957762991353418,0.909879613078917,0.5713349687322693,0.2053428645028098,0.6295623040955873,0.5514218088973364,0.9200760532478007,0
0.172624,0.863015,0.888226,0.6635065081470184,0.2138499263641077,0.21196024428050775,0.42505619530937866,0.907496170063688,0.33042470172481786,0.9692219226557992,0.8625819795354382,0
0.603453,0.610586,0.357697,0.7101385545842868,0.8969854685797742,0.8006289695277565,0.258222312160062,0.9806120760447457,0.172957304989926,0.35795093061289107,0.030319958914398315,0
0.126464,0.95404,0.272104,0.2835539391512367,0.9742998676958877,0.12111293169729631,0.8863646584843587,0.9233229260025583,0.1533564449990803,0.13711717137461932,0.739166854889257,0
0.327968,0.157418,0.69281,0.9959655606550663,0.9484360017292592,0.5048829574493292,0.5500260775215057,0.14468683673185156,0.18943457487629023,0.5387187951186233,0.7596734679743351,0
0.0195805,0.392049,0.206064,0.2570334974292463,0.3061895057869526,0.41156104535767446,0.7717642550338762,0.46151119660189843,0.8779517027655916,0.17681116261324403,0.24348101667108246,0
0.68487,0.511008,0.978506,0.13782232066510058,0.598506031356669,0.7664771267945242,0.39263389026504725,0.7423491396657006,0.613980964807319,0.6933491500992415,0.19800633087618624,0
0.0609664,0.515695,0.441397,0.26450315576150163,0.6724344565512727,0.3386381379781549,0.5131535886948801,0.5193488354106416,0.47557537028264807,0.7421957261424675,0.750104042159623,0
0.623114,0.801764,0.113148,0.31655129924894654,0.8354991852406992,0.4473423608347544,0.6569050253624064,0.1352166023280047,0.04072656072504088,0.4210258193313703,0.5411957193365614,0
0.455291,0.621104,0.942063,0.9941019186047075,0.5396294260975308,0.5282211760309117,0.619724416181554,0.02611534825013262,0.6363098717101945,0.07374158721122048,0.2916441457945329,0
0.90813,0.102326,0.218282,0.900599077234286,0.18649998844142368,0.1579938205140765,0.8392885986669899,0.0758023956054713,0.36936636319050664,0.733530026762364,0.3058265430619378,0
0.548276,0.497929,0.111955,0.8600838452447525,0.35704980235697936,0.9158178103980307,0.23900233944293026,0.9269291231262128,0.8600417637403032,0.8144317968275299,0.1112070535846772,0
0.144665,0.174555,0.302646,0.519190579292303,0.0746737478607239,0.9489442742575145,0.1131884799102818,0.7121716377583169,0.7244263473548165,0.20314019878011502,0.27088128076272355,0
0.374179,0.218721,0.45977,0.7560654062764817,0.6300045640896031,0.7869097184680673,0.5837658796473718,0.39813390979848207,0.459299474389848,0.5105585127631875,0.3671639709754735,0
0.483099,0.446266,0.316777,0.8421632355243155,0.2439821535347958,0.4867980909901708,0.8494781770402329,0.7443168644349811,0.937555529679411,0.030176021724035662,0.5528221870801499,0
0.286779,0.38908,0.159244,0.6880945004374266,0.7110529409024188,0.5909314006152234,0.6975877367299349,0.8799238618784095,0.6841831580764988,0.5480917381417827,0.5749866243328983,0
0.0885232,0.880319,0.73053,0.08934269733190081,0.6285542522615756,0.33584453509799694,0.8545230336621834,0.6606335607179492,0.7055990450995226,0.5685106321807768,0.10819840641497636,0
0.596629,0.666112,0.807548,0.41166852444716806,0.6846797865443905,0.635415747434243,0.5258397847227133,0.3384753230195954,0.7920112729795926,0.2745738350230915,0.11944763458822805,0
0.565961,0.474273,0.594857,0.45343440965880033,0.13186995829710946,0.2368795016816675,0.005437294375741031,0.8961772455656812,0.823147002231127,0.6368174634749937,0.9651811512916082,0
0.716491,0.958874,0.700092,0.5625170813586055,0.7170171832776217,0.48907628378414414,0.21304366049730838,0.518588044607872,0.6728722628276873,0.702795109318027,0.8849284090238416,0
0.0479053,0.910441,0.82801,0.6124201006319697,0.14589394767859998,0.6759900854692941,0.4240289704032475,0.9300578788926502,0.49574598908151546,0.3039847472879815,0.1406857957119012,0
0.782659,0.691718,0.375287,0.46017667376013294,0.4943663558239224,0.5713977414442302,0.7448849892210913,0.409644487143934,0.17939819821629788,0.1912823056835563,0.01247781896901623,0
0.575481,0.209307,0.205985,0.2893743670809945,0.1369610025728285,0.562568544355123,0.07551485016958126,0.08104603001479249,0.6288171573123357,0.8088834669406448,0.31291703873978793,0
0.648318,0.521383,0.593324,0.3468349897086581,0.9174550582998755,0.2093220112090266,0.944606883174058,0.31485133231945595,0.190490199558494,0.618541980574622,0.8880885276942402,0
0.252348,0.999079,0.595356,0.3497673644204756,0.20862732251118044,0.0745553238058273,0.8548438198426195,0.7082785938255663,0.05557230133424851,0.07709834301419427,0.4021032017249051,0
0.277582,0.0769444,0.533014,0.03320475502215714,0.7497063539183012,0.8597291272849937,0.9220714571549842,0.5309868552026716,0.1531912871130776,0.2997177118117752,0.6135495349252194,0
0.710219,0.165644,0.043493,0.09178934379151271,0.15887921789520176,0.7152555830164503,0.7376350118673725,0.043152179685878256,0.4079969910447927,0.9831773042118138,0.9146845541046826,0
0.609453,0.265625,0.918087,0.8138080615519871,0.9555826554445223,0.6509529838345006,0.5152455301838085,0.14578787898712953,0.18689342080181004,0.7829146210548596,0.4081354850015628,0
0.202031,0.532822,0.578166,0.6980274623218189,0.2874572574138722,0.7667384793457682,0.7790334657307799,0.8592740513505268,0.20014539635150652,0.6032780594591839,0.8499845858965777,0
0.862492,0.277169,0.337161,0.04595993139672372,0.3211168209972912,0.5938987370488982,0.5904096555347926,0.6948871902948912,0.9617290081937996,0.07315643826769969,0.3305966760648804,0
0.171154,0.848162,0.633889,0.018450257914027435,0.4409615700357832,0.9459451997299891,0.5959430063326911,0.9130460338749482,0.33513280229832076,0.7449118642740412,0.31119712331292837,0
0.41712,0.370319,0.976211,0.703660016082604,0.3682317630642892,0.1488147002637723,0.07578161719241572,0.0004300587806314038,0.3452692161861297,0.44012040310181744,0.8834536837824704,0
0.388439,0.529484,0.275455,0.8989460988270314,0.7526884566950536,0.19434260491417377,0.5334175726512336,0.4045693781622143,0.14779840130905042,0.7447551063182039,0.18040796270519888,0
0.0846843,0.662247,0.991954,0.17206497611745208,0.8391617729907456,0.5437856524157468,0.024626253844240775,0.38305378202670193,0.7027525041240702,0.7312126923956819,0.4193147870707049,0
0.943052,0.200425,0.695011,0.5378761644392244,0.5010687160507659,0.30069166280435145,0.561750993857496,0.6503800393251887,0.3455364660315552,0.10667526018644058,0.2985773583284177,0
0.765587,0.544138,0.0934891,0.4976166302113557,0.04296552294229761,0.7918384628414777,0.18208410305578715,0.265411334460566,0.5648669511377702,0.4652497296042939,0.41820118436426723,0
0.26626,0.954057,0.93442,0.34344385383977893,0.23120687619554103,0.4523188445265869,0.92893286143105,0.938898123055119,0.09299794467077593,0.17146988713976297,0.39742626976612394,0
0.191359,0.603989,0.772095,0.7987702706625571,0.5132167181554452,0.8545242510814598,0.9150631968654744,0.9937526894299786,0.7695170505555657,0.3448142695286821,0.3085424581809464,0
0.39758,0.179489,0.731836,0.3851968858635748,0.7123962372063571,0.8189400892014823,0.1863655344620968,0.39048190422126394,0.7416990737603686,0.7608756264399369,0.5027380223967967,0
0.327321,0.283297,0.613391,0.6295333989922068,0.6941468843758946,0.3446480476918363,0.9476980426399839,0.44632988381768135,0.13589092461783525,0.16794423658529178,0.2872492112381375,0
0.701903,0.864076,0.891666,0.7138013186313437,0.24846033864053618,0.9489304647573675,0.8671475238469644,0.7226484604254563,0.23795615246658197,0.4368306107082678,0.30263000058569045,0
0.931179,0.555248,0.99085,0.43128049179950534,0.6387634632155581,0.8959558815832896,0.8643642993792049,0.7587427933262973,0.20929188876049043,0.32523751310130233,0.4695141011803782,0
0.952505,0.471253,0.684625,0.976191190342864,0.14424921580739059,0.08983882678865718,0.7080636671331527,0.35222310456106554,0.9971239813324408,0.999576307180089,0.4923596241048356,0
0.111504,0.062539,0.20119,0.20229937313476531,0.3366090827835442,0.136477952134602,0.9277194234100994,0.156832804701158,0.5078303302059554,0.48777969621504047,0.5704276128095095,0
0.326798,0.639874,0.983024,0.19169191215237602,0.9265769688252808,0.9722698724989663,0.021575381711497643,0.5222375551687533,0.44042667333058183,0.5356323994842634,0.965976419186913,0
0.353927,0.903694,0.636714,0.5579716114290353,0.5048414996439167,0.35962577285177955,0.5715477408105539,0.057999055964236934,0.712062463811664,0.4318406752934816,0.4290633887311046,0
0.22721,0.544176,0.383385,0.9455709475752572,0.6663189212503181,0.8623514860066785,0.26893420970032567,0.047944358238981466,0.9329549549883787,0.33102317341475707,0.3844759739206738,0
0.284075,0.84304,0.107126,0.5914270038298571,0.6460800220959477,0.4712136615932685,0.4493100396813414,0.9135919102857342,0.9745145101592525,0.12722315467886647,0.6738665579482689,0
0.921187,0.784204,0.580444,0.5613855667628799,0.9016267860820505,0.12713901579110454,0.3801843435726283,0.6854253972610006,0.42643217634362673,0.7455658082228448,0.9184041272684538,0
0.69448,0.0176799,0.913115,0.5810947467046066,0.9521725206908211,0.8300046015926513,0.8266118368960442,0.4736039963120665,0.27025883038604326,0.4205557321186104,0.6129624657990136,0
0.669986,0.596418,0.845509,0.9653656589718123,0.7799382271148274,0.9594843916615338,0.4658639006683504,0.9470166884313832,0.6436737161981384,0.21346631788995885,0.9326916537752152,0
0.884935,0.333261,0.808449,0.5594263429859119,0.9077647312281593,0.7309682701262871,0.7502083840469292,0.04824487469654637,0.6862584119958026,0.8100850588042452,0.6376412873698142,0
0.545949,0.506596,0.963264,0.20977980614199987,0.19894429308437467,0.6820828109810108,0.7578269234225267,0.9589817812756467,0.26172074533653633,0.31833509909117785,0.17730690307854513,0
0.923707,0.102941,0.86952,0.13546605351176644,0.8054305807631331,0.05351838116414176,0.4578264563890584,0.5184393568977503,0.8812509450233296,0.8571830038009379,0.8039710431244055,0
0.26359,0.541568,0.273163,0.22593067604888706,0.7996167565470953,0.7726072109558494,0.14968938100079654,0.7003019605990236,0.13212631945781983,0.7119331875871007,0.7702548708257951,0
0.540924,0.939644,0.381084,0.4441853776742053,0.7335930653747685,0.23675234337575768,0.37015650447972315,0.7126862134507899,0.7658741918075672,0.9530391227063518,0.9284410211233111,0
0.322293,0.936084,0.60287,0.24900385380131684,0.858705832365231,0.6975820480811162,0.8655864884539357,0.8349888685405843,0.5324030711935236,0.45338906003603463,0.4342240116534404,0
0.27038,0.375461,0.988949,0.011227890856755685,0.4588547603436649,0.4400893665365214,0.7044157787930917,0.3722113655060737,0.6682769867852874,0.3251277875343316,0.3863355883780145,0
0.331039,0.54505,0.753545,0.4739950958745326,0.005377083788429382,0.9076510831470019,0.18895155376164596,0.06674772515401739,0.03156211121385377,0.3736236217194444,0.8087090465747647,0
0.388321,0.0287082,0.69542,0.3591415341430171,0.528061666102916,0.13864289792093165,0.5339006947007433,0.27523329646275485,0.2888769310443282,0.6162531627224365,0.7965329402525887,0
0.775151,0.336512,0.566465,0.46170820969853976,0.10796396816352871,0.4225058159842324,0.5335610989414392,0.007514879990451084,0.47320487125676913,0.23390954807258435,0.7621037285555988,0
0.133608,0.542753,0.235238,0.8806398916286888,0.866933691721976,0.8836629425245804,0.40384938063120734,0.15322868152913038,0.6753521633928286,0.11680177070165143,0.3051568987563281,0
0.523736,0.0452824,0.975437,0.3791345710624455,0.03918144205692953,0.6438575150716354,0.6569787354216052,0.0627908786034963,0.2492334256697354,0.44740165805357,0.400993921805064,0
0.615652,0.147792,0.725183,0.06312279996163539,0.9271071346459616,0.8714615677044741,0.7402890863232877,0.9528634245729777,0.5375831322055779,0.48995673158997355,0.08263726749127975,0
0.54583,0.99576,0.331605,0.13753681655394645,0.2728050186556523,0.5625928018304284,0.794619486500489,0.5779250637409662,0.011422566036352721,0.6624281648193284,0.5048841327797563,0
0.21804,0.634828,0.0123763,0.0443810846811975,0.1564406843201852,0.9253025925749119,0.8065256487195626,0.4534601739911003,0.031217389065987255,0.4844013716578657,0.20268450354007828,0
0.0611274,0.933512,0.883342,0.1965311167416125,0.27737523699433453,0.04688532634243858,0.318512766541597,0.3927918347776882,0.1270906170821996,0.7104224077328359,0.7695443109987353,0
0.805926,0.0474459,0.775412,0.6935688482431914,0.657947692832616,0.8089740481966704,0.5472235263924192,0.6285844133888167,0.938869244182504,0.5248470819046529,0.5221623100747526,0
0.129823,0.497464,0.474204,0.6508456159090963,0.6251111676567929,0.02778467269009821,0.9320764457684282,0.7665372560458182,0.7005430945698976,0.08718143147363822,0.6788524552327241,0
0.321836,0.0962492,0.455555,0.04569324985955203,0.3141744233833489,0.31653798348486195,0.43701170964386526,0.8252032726512462,0.37663119888118957,0.7725274227781862,0.528934516888024,0
0.159246,0.120942,0.776542,0.8448843440777307,0.5558485824410336,0.3668115134248041,0.4692300764391881,0.4590929560404592,0.6100956663802537,0.07499989368925652,0.7142650881054418,0
0.195542,0.465342,0.631857,0.08425933603224978,0.12610228021535408,0.831551238218918,0.25147044423528453,0.767693922571754,0.321142391379727,0.5326940951954623,0.06655817110383155,0
0.490418,0.19431,0.74675,0.47211005832499,0.159944402562759,0.4967784323192458,0.6410606571189308,0.8781797536156719,0.09380490488393278,0.8705190220719261,0.9765308825469391,0
0.112192,0.547307,0.776918,0.28049690039553365,0.2931618320971524,0.8449571717220157,0.5276139976837236,0.4574772886538022,0.6753761748401998,0.6294490683424565,0.5708989343713641,0
0.210613,0.0728167,0.402232,0.7923902042849034,0.1906522195610243,0.3762744811787452,0.35772162742381974,0.454648935157824,0.31205470506427435,0.9538853789758761,0.5529063789247759,0
0.0331761,0.592344,0.60027,0.003906429632757669,0.21292729379109998,0.02272009881337056,0.33572845387089845,0.30739616919541635,0.730762951367793,0.33619836781660206,0.7410026698854546,0
0.868656,0.827984,0.220278,0.35409920323725386,0.27765015988275177,0.17690487653151676,0.18169334379166746,0.6948969092954228,0.8032903801669128,0.17433947767822355,0.1961864841443124,0
0.0415305,0.348306,0.20484,0.06620315059398418,0.1996754260350906,0.8875256662837642,0.17878233782025033,0.7408093763980246,0.496931204036547,0.6950540296546469,0.0372074273058981,0
0.708037,0.752279,0.61387,0.3615630610778009,0.5251077649183153,0.0029975324842193007,0.723740756243882,0.5883314184517449,0.9734483321769166,0.7405761295933129,0.4967920202738835,0
0.983198,0.290856,0.21547,0.2875919621695622,0.5102718009240051,0.49941790743468206,0.4940139444898619,0.37473911420492867,0.4197030846680989,0.18858720940359763,0.3949607852469541,0
0.582599,0.184224,0.314704,0.3601636346832854,0.9426835966724533,0.46465332745613386,0.3517325102829446,0.1936217976376361,0.7014723830252041,0.9791187275450003,0.18152547227754556,0
0.630116,0.705415,0.670291,0.18265463223346912,0.3498594725311909,0.2890075613847778,0.575226458115268,0.29847661653897806,0.2864477262793549,0.6907577486959784,0.4130216532705171,0
0.609451,0.492373,0.989303,0.635473551980199,0.8027264597826322,0.5000848019511961,0.6601471365226308,0.6293890356351427,0.26298025302758277,0.13243561377987467,0.8643575903868306,0
0.401499,0.490247,0.366111,0.5759671116341807,0.29170277214117724,0.5523148970331968,0.9726323000867925,0.9642933848363173,0.9656471627818342,0.1498663556756311,0.17976928667965808,0
0.858432,0.343196,0.50104,0.15573411761003053,0.974897065771335,0.2985969183421422,0.43909052872145005,0.7557248465763171,0.942617768565762,0.798920842656083,0.3543913956360799,0
0.993046,0.485921,0.452745,0.06503567917359754,0.8921790883931678,0.510445699237741,0.16530294314009564,0.23614554167741664,0.9767299158674837,0.4287955969049987,0.5641881736169988,0
0.961755,0.536961,0.796273,0.5440766442621474,0.43748673695249307,0.6831998764477316,0.5056697337810476,0.8431886263821444,0.2606049483502393,0.5229372129900535,0.7159922901158657,0
0.853004,0.682614,0.495842,0.5739777200723775,0.7459755016102543,0.3966465641158081,0.36078851188256267,0.8081281313379981,0.9785858660891097,0.9693652749086662,0.5682819986244538,0
0.83375,0.756216,0.211074,0.7195221510643107,0.6320079644883603,0.3663530101103145,0.6677667387087052,0.7203317201555651,0.7617854630390426,0.7966305718348613,0.3543889848614583,0
0.280818,0.65819,0.756238,0.0969757534763439,0.9294854167704619,0.14916459091254541,0.43698525488420736,0.9989197131157812,0.049783974739703196,0.5983767649443318,0.30083332612692115,0
0.202133,0.77963,0.0206208,0.6959535658379854,0.713232395491892,0.2603547945384549,0.002460818206764581,0.5717709849143626,0.1747330641809416,0.20569477384619705,0.5870322923192334,0
0.33525,0.194681,0.933314,0.7886579452428192,0.9368528914435008,0.8381648555840234,0.24177699445009038,0.410701858848069,0.17484210950629686,0.7771507366844075,0.21315390624574315,0
0.437704,0.929429,0.442487,0.048644124474527595,0.2879797981420593,0.5917395785703486,0.23903525726045838,0.4641112398809021,0.31660729984721925,0.26916106076690005,0.7724164435626661,0
0.67704,0.627146,0.757666,0.5214730737834202,0.14790949731547176,0.8275918002229495,0.04369402534656397,0.03125295931252747,0.4476993308875086,0.9576731009702854,0.6388670764520604,0
0.870836,0.73713,0.0467603,0.2637909534152456,0.9064373244037046,0.22590843528144178,0.4699778015703724,0.82408787373606,0.4355334038370554,0.3197723149820324,0.47335835460390185,0
0.826014,0.450482,0.784878,0.7713059372949821,0.5805739241094653,0.5081888226422403,0.8447192341843439,0.4048380232847024,0.9055636225205725,0.3690950336259142,0.30475063647597445,0
0.298576,0.662762,0.779319,0.5134163463000687,0.47328145368614827,0.10613312386943119,0.8464600576669867,0.9903765497464545,0.2740448413085954,0.2640190532874811,0.24066173813634906,0
0.532493,0.0366297,0.278021,0.896891359098106,0.856214118759015,0.8189293105615917,0.6451685360017313,0.6548910778206761,0.18268174710461338,0.19332354368779214,0.36184651383094646,0
0.157208,0.158206,0.509643,0.8009264831090966,0.03461569409391063,0.8041312213170257,0.3770217998809864,0.7848009751315255,0.07785976004042094,0.3672640891894384,0.48564281100245343,0
0.349385,0.968743,0.942029,0.7475734566948409,0.048711892177333516,0.8370074327765794,0.05991393811381318,0.5669827938159103,0.047137245685443974,0.9666341223775825,0.37576750821140736,0
0.61863,0.426939,0.0600497,0.0975848373812005,0.20732605183976838,0.5283149781581914,0.9127749677335999,0.22852415498802836,0.5485543470169857,0.08340649456844917,0.06942187556153401,0
0.874541,0.489339,0.45585,0.898332425764433,0.05042110433046376,0.17862100103220113,0.4715983209904393,0.21463813755892758,0.6741355433963611,0.48562120902607464,0.200449387650802,0
0.0898407,0.261997,0.878072,0.1940934040311928,0.8082788663827016,0.26987646676493116,0.9220620117617934,0.4839142624253596,0.7218097058153391,0.5940225045531631,0.9638373430097458,0
0.22749,0.484546,0.842039,0.092171492914493,0.16969325696764848,0.9573502191619845,0.3710241791969875,0.22458813546924628,0.32599162641094015,0.1944096457363822,0.9507632616067639,0
0.847647,0.770528,0.891225,0.42696825650939096,0.6576116854886843,0.7574534341933119,0.9565744269592437,0.9705408039427107,0.17131438859134018,0.9020571256970489,0.5936176900210283,0
0.911733,0.273853,0.843319,0.978031708504869,0.0223487076390263,0.9427968124250361,0.43111291577086597,0.4094074818281144,0.17846464301336284,0.9669390866831933,0.491436976060754,0
0.523256,0.278815,0.333444,0.09600034639181376,0.3036874697740348,0.30711650794553114,0.5654293210521618,0.3149405781268193,0.27077556941958136,0.07424480494523877,0.5050849107651483,0
0.387366,0.64477,0.640594,0.205897750408234,0.9040492413482328,0.4188801334267612,0.6250043421320007,0.6285869008149702,0.48496591754110474,0.5070761409274803,0.17343828299197905,0
0.286003,0.450295,0.218275,0.8941411702184431,0.17520281175587127,0.7417951578912186,0.9129947342459693,0.6414199425632403,0.1309333062870488,0.9861614343122856,0.7952756334907266,0
0.736921,0.564027,0.250517,0.5462200903300025,0.3507588826627902,0.7510992849835668,0.6150789715430192,0.22248082972662786,0.4954397500541329,0.4288023904166721,0.5887749763866368,0
0.790102,0.321001,0.3752,0.8017227463196245,0.5569469468240672,0.2615634656455088,0.17088881800307298,0.9802100339717971,0.35430296569649833,0.9951857449736515,0.2867828424622674,0
0.966517,0.920682,0.359906,0.27230909097508993,0.25728510899405843,0.09380621926081467,0.24294574718281092,0.2809720378856023,0.5041935246778501,0.993146134923739,0.12249852486056678,0
0.558005,0.948375,0.493503,0.7710899359450908,0.17124247322153074,0.09860932403541744,0.356681972430302,0.022628436974435062,0.27537742190874737,0.07976186189202483,0.6579306300776302,0
0.434047,0.693266,0.594204,0.5644065777980787,0.1162452185391466,0.5054134603270491,0.5009864766571811,0.8252891347879472,0.004587289331400846,0.23576959732127079,0.5560278566936827,0
0.824464,0.217861,0.510701,0.8046427825677962,0.3602875965730341,0.5851700639279563,0.28613607042839306,0.32938513553934345,0.2609881876667066,0.7068560683546734,0.26318042630787875,0
0.308351,0.100505,0.549166,0.10390119259730934,0.7395230617965803,0.9219608840256792,0.23406173846761735,0.09995352246170974,0.15956279701714693,0.9305044244120394,0.42432935105058234,0
0.365956,0.964965,0.812691,0.35851045174685825,0.5861096559554133,0.6736488812690197,0.5703790563189294,0.2875822490190769,0.8408632404203442,0.9409146008855108,0.3240464187799017,0
0.414207,0.326097,0.483682,0.3812575515774219,0.7187899111675485,0.6922380095771719,0.7280309466688184,0.24212257934479864,0.7341132948058972,0.11209897743579511,0.9244916100972389,0
0.234913,0.615901,0.116148,0.7453253659824591,0.37785195460020393,0.6622562627741347,0.45512225483247404,0.12045310051552638,0.08261414636825137,0.8993653774605916,0.6325384351879645,0
0.17106,0.283305,0.705335,0.37642012433470684,0.28963638607725173,0.8815047218468012,0.2109642046701764,0.8447956396847355,0.8758479785328482,0.9875219781103728,0.3690923955893852,0
0.511262,0.500983,0.0866796,0.2680841999712319,0.945921127715898,0.08219980067648924,0.42926505085126787,0.01412918831619192,0.12245063442316606,0.5042587430318197,0.2089871288458931,0
0.480193,0.520242,0.428573,0.8644739369677908,0.16860756766859808,0.15065584574168267,0.24374021112304067,0.19740660349757777,0.9517113105811369,0.6175327825576883,0.08490429692451595,0
0.65401,0.66778,0.626516,0.7459599447534333,0.30943165464097955,0.9344529381568938,0.3767288935221683,0.930428683896863,0.8117456863379269,0.1966953862835017,0.04986314293283256,0
0.361025,0.178434,0.554468,0.14614904180457056,0.41767036769339516,0.03400138747027359,0.05809944806666345,0.5598603590134366,0.8814412624428414,0.052990394520326944,0.2784331639538882,0
0.844102,0.0263332,0.654884,0.7146847189058576,0.24160043233124184,0.4613845670734029,0.28320680940191545,0.44699448213829707,0.4529859376095443,0.39699001305165105,0.7072244868140665,0
0.764437,0.459066,0.37043,0.7092428605387887,0.609751600527249,0.528483514041182,0.4789905649045588,0.7610078368447047,0.6723096506803528,0.8669505217174327,0.09352580469733063,0
0.324353,0.0388228,0.213196,0.24866409841616033,0.8506092012862433,0.666421434078608,0.5743853866732455,0.004450453753599426,0.3693944074886599,0.3056169264493722,0.9260463545248792,0
0.42453,0.62931,0.674727,0.1962606222194766,0.4569390546906311,0.3513007436475496,0.8758992483670922,0.40384105295904305,0.8681628425006294,0.19795372051744708,0.47842932987553566,0
0.367668,0.580179,0.188136,0.7803678119388349,0.33564570496507296,0.9360726565953355,0.483703234813047,0.38458377936411736,0.37043680611531005,0.22811941994256046,0.5513124858111406,0
0.956402,0.748808,0.820868,0.2614006690249483,0.1479418305829916,0.09758673793858441,0.03943361192736505,0.6503640892063943,0.15195139939608626,0.20443389858691197,0.9205908459231448,0
0.332231,0.761244,0.921972,0.9363832949119787,0.6548601007778464,0.039703829051248474,0.37445354144278664,0.8722952667597721,0.04197780895646552,0.4530614711264387,0.4069468730254442,0
0.728544,0.205594,0.473945,0.889586366647892,0.5440691487362302,0.1678419979888779,0.5953341875660559,0.29122863752850026,0.9922365983884546,0.8701360537649475,0.3968737987600578,0
0.0137845,0.193787,0.644378,0.9567132762472065,0.044301800605195174,0.648844771225945,0.16723833116893339,0.5181115490483679,0.6467954092528617,0.1411375251429633,0.2210533740129792,0
0.769746,0.626081,0.691214,0.33499587392266095,0.6649179745143811,0.6147386121831274,0.21777740024120718,0.27403091696983606,0.920221048044037,0.992756249759521,0.8050907060902396,0
0.872565,0.910644,0.301667,0.8750865224349714,0.06652171754311742,0.13369141054793465,0.4108943100125724,0.07893238935425717,0.48270091125714776,0.7303405800710572,0.15011492074526267,0
0.581359,0.944754,0.323685,0.26984134972099405,0.5569439353143623,0.9718965229337087,0.5230789775086708,0.8169981391635964,0.43609141686854447,0.7966123774719077,0.0978168347357562,0
0.757514,0.846905,0.980559,0.6198381639536228,0.09812065148989157,0.8519300388092463,0.12952627218232082,0.2913124802480762,0.11299822307326246,0.8940087114496671,0.8456878273065439,0
0.269,0.764552,0.990077,0.3068324463252604,0.03821934378883751,0.8166338048550607,0.841061192284153,0.9283764012724451,0.2547231949849421,0.4980395911570755,0.5144961219467981,0
0.0491135,0.898095,0.0829523,0.4568711136824696,0.05755370868918086,0.6927944193728156,0.09561884491299177,0.9066386019326955,0.5406052063686835,0.7177790310097191,0.9009774941666716,0
0.694822,0.545602,0.538787,0.8699473491635662,0.058783713202079535,0.7362280666989529,0.14278861474615034,0.6633135677066921,0.05202035445924802,0.9226977419711655,0.5437949610337384,0
0.429904,0.957758,0.257202,0.4258038325406175,0.7870394818362136,0.785384805433635,0.214666569944711,0.9925337957743238,0.5928646063201326,0.9662535586048218,0.7719628791726182,0
0.836657,0.957878,0.87233,0.8232806724239833,0.8570738910158432,0.8015476178543821,0.7636227115511209,0.5909315883789739,0.28850790302384577,0.527549002279921,0.5363447820696744,0
0.779659,0.830243,0.741675,0.01528296662257711,0.7480263143017323,0.22680828697040878,0.8751368654430108,0.8983246932851551,0.061444015484081516,0.9729066571396789,0.8022852397648998,0
0.589302,0.617139,0.701829,0.3539621278853555,0.11493172204018953,0.1311120613737422,0.9093896321564149,0.1701975513910745,0.7388081122205385,0.023476398432220713,0.5654821370329726,0
0.297817,0.716299,0.340222,0.1588675523249703,0.5473397691070011,0.5944867452290428,0.4529075472055788,0.8173649564576629,0.8122613773069861,0.15533591105457045,0.8110843153668841,0
0.305031,0.188434,0.0820048,0.5821908041434647,0.5789597244070305,0.9976050989002274,0.8205176746881376,0.720128448417073,0.6371872460489749,0.11662792658209131,0.41099692559114354,0
0.606907,0.339381,0.373085,0.3313143401493227,0.37970839695128344,0.5491232063210302,0.1551636075298216,0.9667913676534164,0.1963762941658287,0.22975714308292994,0.025166522433533456,0
0.667016,0.73279,0.625105,0.6162865459949801,0.6472133459989399,0.9410844103358122,0.4907143035085484,0.7179661899093412,0.770763797435293,0.6770123036139186,0.35339763378668065,0
0.732201,0.0615043,0.171051,0.4354819080414707,0.10990151241516899,0.9001077006099583,0.27777703676379795,0.21707896660544246,0.14107088890426245,0.4329735787361608,0.7929275021313849,0
0.178535,0.164276,0.038035,0.7423429355381393,0.5299429366200925,0.40320545465549384,0.5444733665204038,0.42931807478012574,0.5251116902399191,0.15707646695687505,0.15403528312842396,0
0.50363,0.210029,0.33054,0.7173498745954908,0.703244887354186,0.21490870927441774,0.33633227423317713,0.827496243625328,0.3751176857774009,0.7218076850255842,0.5657517148737784,0
0.915098,0.721166,0.562814,0.73428194943394,0.9115298102733304,0.9210167594974608,0.029385148943003814,0.37424545872413106,0.834971837310171,0.2362747666458095,0.48223972856363595,0
0.902595,0.796704,0.276462,0.04142901492447104,0.3887026191331232,0.5666166961059435,0.01604736012561825,0.42760980970874674,0.15167208993823844,0.16377760131563102,0.06954607232454435,0
0.240395,0.563431,0.670445,0.3165323457697783,0.05794956502235771,0.6752600019547235,0.22404582740027246,0.16762704758477187,0.08015723682190401,0.17030607139942344,0.2640905640517609,0
0.918721,0.197127,0.459776,0.6783521685953898,0.4697186771976385,0.34593602652966293,0.7878112475738059,0.750304776918754,0.07697715032195929,0.38478218743442894,0.466263401297894,0
0.192355,0.700251,0.411225,0.11528615092102001,0.35385454506008585,0.25277189802778544,0.6297804483898689,0.5537298962167467,0.4142344815970579,0.47458936742787994,0.7641416200400019,0
0.784151,0.862155,0.980749,0.5293043746023647,0.49175806637843456,0.3642265472412437,0.5237653516649452,0.7048485971091345,0.2809873734506392,0.501256702741638,0.37164784814428975,0
0.96743,0.00491683,0.489829,0.7219686817305968,0.7352164187901579,0.5540554275500948,0.867633692207694,0.611468799181104,0.587468572437373,0.2938585629080439,0.1779016581795103,0
0.324554,0.546792,0.449558,0.7064308069119558,0.8996662290929619,0.758617862018893,0.6323072111759325,0.04753703237090712,0.8422819782425371,0.6059513511805686,0.09049536180633733,0
0.0578485,0.114648,0.8276,0.6899890266485436,0.6932680991639857,0.4721405398720304,0.545530818019173,0.27066755095171136,0.05774229283551735,0.598127823180803,0.415655342186398,0
0.00912974,0.630491,0.494322,0.39211480557584766,0.34291589524744837,0.20421911032711793,0.09688983268697826,0.7837321129953526,0.20779950216313625,0.8481842766484252,0.8591784072849484,0
0.595636,0.256902,0.238377,0.31266427528750784,0.8873883385922239,0.8515614038174522,0.39372151122924126,0.5918964896667214,0.32061162127608955,0.48738215944590946,0.379024463198647,0
0.802749,0.781479,0.0801617,0.8012813019688142,0.24460756332970923,0.7403906051741356,0.7572439394637062,0.49673088675174537,0.08785039017644192,0.18184898206041622,0.766452463739351,0
0.229534,0.419291,0.956432,0.4624194303963991,0.5439405305667894,0.779160332158006,0.0411339973601188,0.19603831581698394,0.6416170369887428,0.893688998772881,0.6814070960457715,0
0.449579,0.856938,0.435263,0.10587459079636707,0.3807054265261923,0.8523988433399411,0.9093378265710774,0.41738306648744883,0.51245837323453,0.6567095755266997,0.6547678738002437,0
0.900546,0.777759,0.159276,0.7392256896702685,0.09446180072083965,0.22579947270298273,0.12891674497665195,0.18763454428171988,0.1461916680520352,0.29694141144292685,0.99406608483333,0
0.824006,0.419287,0.788525,0.43290762086271595,0.9815731232626199,0.42679801234311066,0.07787791646320708,0.8486985697169659,0.5649836742319031,0.3371340678763879,0.5423311003567052,0
0.240899,0.943775,0.755765,0.3813874060018133,0.5571216862537706,0.645016837442975,0.9355997020486048,0.9682190650589123,0.7481261152129017,0.04734017645222144,0.3018628887991519,0
0.390485,0.560386,0.316812,0.860980094034109,0.029911666722169383,0.6405527607503086,0.9568469665544984,0.8431827475753746,0.855068669924582,0.35049076662715983,0.5547743986426533,0
0.526894,0.296295,0.375476,0.4833463437671468,0.4407945364826046,0.09503181612968148,0.9667256617393092,0.7262783070139351,0.41294174755653,0.12867628619867288,0.5683491284391496,0
0.339298,0.0686141,0.585389,0.2484764767573665,0.5894555014056961,0.6502626376194328,0.1518955761653764,0.47310662658125735,0.3094297412434872,0.5781963876721632,0.755543535183702,0
0.275715,0.917153,0.482613,0.7857236686741479,0.7943464519654914,0.33237868918137103,0.20354633696757485,0.9394953204400462,0.7349310985708477,0.8420856018849514,0.3356141560302697,0
0.798829,0.200756,0.44879,0.2947989756245828,0.10056509880285935,0.944939769908405,0.8398597873161592,0.8650731485092569,0.9357878264529766,0.3363053850064873,0.8418725458044624,0
0.253328,0.500493,0.890282,0.18949028442283333,0.73175623977166,0.8303148309134472,0.5894122724089427,0.3739067761907908,0.2480411280601117,0.456191010991459,0.9743820698736647,0
0.777076,0.115127,0.604882,0.2656672484447732,0.058223600446421164,0.8783305957384948,0.2217120316729979,0.9385438444096798,0.5240748537659736,0.943895874711746,0.7949466370026957,0
0.698204,0.103257,0.425188,0.6340946884204741,0.8248804731398613,0.3757729976953552,0.27709469768224826,0.052773292960074936,0.5212012284794822,0.8895679241867935,0.4361841699271354,0
0.366139,0.479575,0.571355,0.7272736263201541,0.7929963749823487,0.28114834087358165,0.24139355311374788,0.4535814712209063,0.5611359289927964,0.2979605856302536,0.48170612116545775,0
0.875668,0.794294,0.222168,0.0303335629139867,0.9479540309649535,0.8806228348566787,0.1854957951324464,0.47846146008089263,0.9237231568386749,0.1549012905114513,0.6039221875613207,0
0.129092,0.323332,0.387013,0.657353996914229,0.9155916758613949,0.25721405313437384,0.5585719269621013,0.14366279263175386,0.2190804749708396,0.3889398674710225,0.131699451139911,0
0.509765,0.133081,0.395164,0.34807343680581326,0.2010975259503901,0.7175056569529763,0.09985931193691311,0.11294434733287173,0.607467877156108,0.7296315145361966,0.04784173655735813,0
0.599817,0.460177,0.303501,0.855114618150061,0.8772789420138704,0.46794518459678824,0.03523070478002133,0.5265042009445026,0.7671296021596384,0.14305707677196922,0.378622408965127,0
0.386659,0.570355,0.935071,0.09545358025739858,0.8018433074594119,0.044921130731014225,0.5269291158919972,0.9194042556609459,0.16366133526213844,0.7786865714588953,0.14633998751693822,0
0.27247,0.669413,0.881608,0.5229869774437313,0.5364906610179583,0.28775047130127884,0.1389512066810037,0.12333581107744274,0.26820489083421917,0.9890347961747618,0.9822560268492488,0
0.0151092,0.486864,0.234655,0.28382395599619226,0.39268349527073176,0.04960310709667903,0.3665878612573267,0.7889679239649259,0.7965498157866328,0.5101260915866698,0.5647633606653651,0
0.457927,0.377182,0.256919,0.3053939747624357,0.9273436354488851,0.5720443940278512,0.7882563328104336,0.28029918760656947,0.08310670931665431,0.5128188771829605,0.9514880477756598,0
0.00594046,0.151736,0.203197,0.19320341896678805,0.5278237878756583,0.28299984844492176,0.3687761011821631,0.6919564939948994,0.6740663873317053,0.7889091155746686,0.768398163666832,0
0.206365,0.649482,0.40837,0.7338890678537391,0.5502889517768522,0.3957112938090136,0.8397792633184491,0.4299136158467852,0.28660152614073675,0.13217748491595305,0.8924336294916854,0
0.890638,0.409678,0.803126,0.779778738426649,0.9511546239190087,0.6412376457604898,0.766426777260114,0.6012310482544617,0.9020342980875611,0.7479789625570302,0.2101573141579287,0
0.606486,0.986644,0.970292,0.2174006257400657,0.27423046466760825,0.6798171627454255,0.5131523927175794,0.7883624207228179,0.504738075060837,0.6513542707234223,0.07930016917244742,0
0.0399257,0.891932,0.795187,0.7702956618629355,0.40577050529891345,0.2304778743110787,0.8390799401632137,0.07033510823483924,0.9933785220856725,0.26486216969917875,0.03777551645120958,0
0.338167,0.946174,0.748923,0.9832957174362278,0.662718521319351,0.5096668061682332,0.7726789359337709,0.519404502956393,0.9982617060260649,0.9184102417195655,0.10571591593149776,0
0.746184,0.497707,0.72698,0.2963896649622332,0.3836515242343175,0.7392182319162464,0.6181029602188399,0.7436977417240646,0.1966838980159049,0.9942148754293421,0.21058666328177034,0
0.867629,0.962773,0.863992,0.1704469590973925,0.7435906454591031,0.7615737133792521,0.49298074628501976,0.7886789695409856,0.09135246160040156,0.46217470346048817,0.2671346709742656,0
0.930809,0.352582,0.325056,0.23828984019296018,0.34492798549244696,0.020199690371693446,0.0036209489847913723,0.7034760019207391,0.38368412745340774,0.056737677933236585,0.5018771908146452,0
0.119038,0.449401,0.81666,0.5735605933738418,0.4088020008165918,0.41926119866809297,0.010035737508822362,0.650741472564419,0.23920630745583193,0.6577592293030424,0.4602561080778086,0
0.146932,0.597201,0.990916,0.7372420438624973,0.5240100655893408,0.534553147308444,0.5180313474108323,0.43095569357106944,0.11773058359622435,0.42069769710006033,0.12291989411302817,0
0.408218,0.148106,0.326452,0.5778672750047529,0.8697003651160455,0.9640849994279134,0.3429973280677615,0.8697234515545669,0.872025166361616,0.19368650709857083,0.1121460256323511,0
0.574729,0.760416,0.504659,0.8116596390152148,0.822987382170166,0.648153654832709,0.8838808213120506,0.0917820600061735,0.48911000136139493,0.922922313499167,0.5189337468714648,0
0.655706,0.211086,0.12962,0.31137810570878444,0.753369514272963,0.3799235448560002,0.9992443005057059,0.48905071586442994,0.5206435545572909,0.8942646600040108,0.1497031979633533,0
0.0141607,0.265123,0.0819676,0.1993225225155678,0.16655709456132028,0.28593652173234196,0.37026185481710927,0.041886306277833185,0.4737826530355298,0.3724249089033149,0.3773452927076456,0
0.575349,0.244374,0.118995,0.6848336809773373,0.6683487469888644,0.28726406775075153,0.9125140873810714,0.6533562811854542,0.3097138046562192,0.27371644944701856,0.8655486284269213,0
0.673192,0.384991,0.261878,0.11398932433521614,0.3682920120044225,0.5886532771640263,0.3624609088518693,0.8923134938660254,0.13169803423425108,0.9024817642548922,0.7843066375416715,0
0.790812,0.450282,0.578075,0.00906380670952478,0.23262422492608115,0.1184263071955044,0.7320833638693145,0.566530319648621,0.11885634535454093,0.5769935872152391,0.4632494393911982,0
0.809431,0.772834,0.455156,0.9748879476571416,0.5440932177704025,0.09630829430143684,0.388263228561033,0.33947881681548575,0.43040391559835467,0.305829706184377,0.4912904304058251,0
0.448411,0.233513,0.245435,0.49476987261881733,0.028172451079424565,0.6620670392236719,0.468591760451746,0.36968535125421864,0.5381755250248919,0.3737038065716317,0.28854674696635807,0
0.635739,0.179341,0.63702,0.0930120187784369,0.8041262768141121,0.9144179243424229,0.49792955727168065,0.023903810924685742,0.5692227823213495,0.3385908267209853,0.9352311418850808,0
0.0956293,0.430034,0.756308,0.7856661939631371,0.3047073003560338,0.04862872976700827,0.9751440256707079,0.32827819987548545,0.505587051789653,0.2720287005336379,0.8370322468576613,0
0.994255,0.336319,0.149053,0.8240919393762641,0.1923729645429868,0.8499702153892004,0.4771386495300918,0.563725559226139,0.3063008548289451,0.940672708272453,0.7203976501237394,0
0.374453,0.744048,0.66784,0.12893171009319337,0.5420931584849318,0.4154978668966859,0.594222666865898,0.7260860202048153,0.37811758687453056,0.2098737753435066,0.07086652535773452,0
0.216279,0.13598,0.123316,0.5764631688958267,0.16927615859653533,0.6704817823294847,0.48069854096856157,0.9713703133613297,0.8468991389480208,0.9557868909290188,0.0320575300805056,0
0.226325,0.100931,0.738631,0.18325960232000715,0.5759317325079463,0.5246724135591118,0.3847139978898453,0.19020421478667693,0.3340602794737565,0.15376705845650462,0.30196870710194545,0
0.873029,0.445134,0.249966,0.5176599973425656,0.36877251785834286,0.25107890216555306,0.9825259831147137,0.8944517563800775,0.07406148514205457,0.637242817977983,0.31822316389914773,0
0.25897,0.138531,0.07395,0.9678741898948791,0.8334068993110183,0.4528288908979683,0.5312912461094088,0.44303159025563954,0.21858308967164553,0.4810409609377464,0.4992219881359634,0
0.465745,0.777202,0.721233,0.7255606846466646,0.5893148783158156,0.36726709767893706,0.908856538271438,0.7692059209457653,0.7501015540471541,0.05751706891256414,0.13940855153978438,0
0.799757,0.283018,0.491075,0.113626378453906,0.9673017260388241,0.41605636221666353,0.37046380681062374,0.9968079295239147,0.4230422131778072,0.6520709146192621,0.8719797914329854,0
0.107087,0.275983,0.878741,0.8813088497739545,0.8738532781690482,0.6898122350593472,0.06198552855647521,0.4558740429997239,0.3907412626004605,0.21539134652189607,0.5654022385060089,0
0.769196,0.0634156,0.800325,0.5213730431585647,0.9701504347931701,0.9846222209960561,0.3537734650106191,0.4811498331655574,0.5704869719227279,0.5535293206046343,0.42599950908553363,0
0.779298,0.0144227,0.185613,0.9453806035501321,0.6075856192211329,0.278791687362818,0.7326209880976946,0.8699242370319408,0.40841159431264895,0.6352010120656845,0.18030237902900892,0
0.910506,0.75657,0.787509,0.7420213490572241,0.6819608747308978,0.20576662322609685,0.8765734093740518,0.8493234336660667,0.67028513017845,0.4509709702858774,0.4682864966195538,0
0.327758,0.8258,0.482731,0.48737203012036745,0.7616428230113051,0.6546789145873126,0.5083692466118737,0.7705684294096978,0.8051184542983926,0.877237189497526,0.7580514036476774,0
0.989655,0.953547,0.895414,0.26372848146995265,0.9111444538792675,0.2302245395578537,0.6611247339241841,0.521385841842188,0.5240198875586667,0.30509136810398774,0.6374522155297057,0
0.35118,0.0664663,0.373602,0.817795635118289,0.5423922888128232,0.24979507960797587,0.9557785268882667,0.36859858391569567,0.5807268924601794,0.07953475447644298,0.44807859467125355,0
0.372879,0.606482,0.254067,0.3997064292659883,0.9046506469294482,0.06777216820539123,0.0022075561035199698,0.44661661038267053,0.3921502914348628,0.3760691416464407,0.581494639974274,0
0.381089,0.615839,0.469925,0.9738579128735468,0.3523765537409277,0.24923261732194169,0.3074425161653149,0.5333942252582701,0.4604474836858524,0.9000960054056832,0.9483371954720732,0
0.365238,0.758538,0.747654,0.34235831983620424,0.10093672279607246,0.5028713888945566,0.6118355571464383,0.7788743224809647,0.35782721953225427,0.681004584636473,0.9789045998343251,0
0.502797,0.0580639,0.973544,0.4292312198527479,0.028751531717122858,0.6944207099178906,0.042292344708169116,0.1724439045849977,0.6843164808034179,0.15768318000739423,0.5283211185869618,0
0.887112,0.152435,0.00751638,0.8740028363613234,0.752911238487835,0.21657500625631276,0.8618313811615059,0.8384184770316775,0.28237183095668983,0.5626348033448527,0.7350086204792283,0
0.670698,0.306522,0.869754,0.8469609470315039,0.6254279346475342,0.1710457862763669,0.7552706355337031,0.9293918202394521,0.49299692273451734,0.43832826387339596,0.4306686312871152,0
0.937197,0.306473,0.206299,0.5550371648120762,0.3270126599451759,0.0721423941450764,0.34783148086187843,0.981668700601472,0.10578137217751116,0.7322920714504919,0.3340191306621362,0
0.382415,0.461318,0.293601,0.45951640080763523,0.2606401435468473,0.2245271548022132,0.7373803712330937,0.7679867110075167,0.3962195325200806,0.9836229470322629,0.9546162550498954,0
0.427129,0.669568,0.837185,0.6381687898977836,0.9238425950680814,0.11406982767450646,0.5757421057294123,0.14793289864594938,0.40647709462643333,0.25177524086472924,0.5198424752500365,0
0.801777,0.948664,0.476977,0.3910215375848821,0.12984116724165373,0.6985910131903377,0.6888372718466864,0.26834914205546934,0.8029413030514543,0.8239369728824336,0.9061670889241639,0
0.181135,0.949455,0.359827,0.35219636789269815,0.631238193841423,0.600681525837277,0.30175317230646437,0.267705978647254,0.13687730707009904,0.9939914389366064,0.810481872339936,0
0.945014,0.375015,0.906077,0.5108310471543168,0.44761205950610783,0.9867694759367374,0.44150268729284825,0.8084815185751578,0.2692483491600528,0.6380385237639605,0.6280034540172289,0
0.97892,0.218581,0.358924,0.6539261741583869,0.3310709947349495,0.6410439590758404,0.8149212097948274,0.7196774935373397,0.49787281772012504,0.3356069802361328,0.028955365236823627,0
0.601377,0.678137,0.297296,0.14887229763511245,0.4415634296018546,0.511054866733099,0.29372381707188033,0.44045695009239716,0.7019297698760323,0.7887901084961094,0.48104379391277463,0
0.99886,0.763038,0.203229,0.008032710907157847,0.25691840030254476,0.8211236057363276,0.14860328748396678,0.6507267760014651,0.3259663424427569,0.6114204772529651,0.6122339982866392,0
0.889873,0.23709,0.331096,0.33314544279727354,0.056569674591961716,0.6881506846648223,0.24314981494886978,0.694531338484408,0.4572239141522113,0.9758070622747274,0.17366234188857277,0
0.246702,0.35091,0.442605,0.3536995741163824,0.2415044610222391,0.27471254289759073,0.5815276683362198,0.8879503559814584,0.6893951534110565,0.7499762937043505,0.4134077992388484,0
0.540414,0.657605,0.515965,0.16915775499433616,0.47852549942680456,0.8043015352876646,0.5879054765947133,0.43935048303354773,0.5185739932879403,0.08833397976227009,0.055112928658512916,0
0.200462,0.774179,0.0877964,0.3982403802947623,0.7191929760134379,0.5099966446066078,0.33249156241552114,0.17507612369075753,0.9530478220388914,0.44855921368927487,0.4785859795905233,0
0.0770574,0.458615,0.262578,0.6511385373293228,0.0787670713871983,0.24628331979145668,0.5080618352093682,0.2982265996279423,0.5857538066938548,0.6391308948473093,0.343333015076539,0
0.433372,0.308898,0.178241,0.12346929499381265,0.938957199658926,0.24917868274754684,0.6727183898424312,0.81267391615203,0.3183908309584418,0.9853389956337691,0.6636538945996363,0
0.412849,0.872438,0.338428,0.3997284525796133,0.19939195584717084,0.15194706483823117,0.9931736566266576,0.08261220347382203,0.8138102486971832,0.09218610796426441,0.5139711446907123,0
0.788554,0.756248,0.793716,0.43046982362430797,0.14064123406940265,0.5680853143149907,0.9559988785225878,0.4366516058805463,0.3808402438649543,0.5292248101593721,0.22683743089029929,0
0.562537,0.474695,0.110784,0.23502511208031696,0.488080016740996,0.051123127461436324,0.11451681837137728,0.17527380668486126,0.4624038028958498,0.7529666133709358,0.18160510601342494,0
0.708755,0.912472,0.943029,0.9887191812323657,0.24454575297909698,0.05395089905701478,0.26546167409196375,0.8998864474469651,0.03198728821737251,0.5630066529664108,0.6343637946464254,0
0.748569,0.811626,0.0736353,0.12712032338888601,0.771185498090181,0.9854278906732236,0.17681545627213646,0.8506792561112808,0.8243548465786817,0.9644436922291035,0.35507850884639003,0
0.469609,0.700329,0.1572,0.46978204044450544,0.9997557051807581,0.5117616146176795,0.9485552184891456,0.4828322536015611,0.4445136949411491,0.27630846101516215,0.5543929879932965,0
0.719488,0.196813,0.48903,0.9220812158707282,0.7840553213083302,0.18960908701353696,0.4861566931097099,0.3939040743487494,0.6736939004961192,0.48686731637599134,0.013769050748737133,0
0.442487,0.406543,0.802635,0.8124208277805476,0.599482506509891,0.46474745371872483,0.637072257058945,0.14579558844898077,0.33936128483925554,0.14517925049691005,0.16562534675173735,0
0.118923,0.0939249,0.649736,0.9911710697375711,0.2310702007427956,0.9315119023037622,0.7091393327205648,0.3604302786108906,0.6266477013128919,0.9276167605736082,0.2893425499903569,0
0.560863,0.404317,0.702197,0.10514873367886957,0.4627366279875934,0.4152166845913815,0.20300937373816563,0.38489894639139544,0.8596888980991564,0.3708204274755339,0.41068486704158724,0
0.369656,0.98745,0.196717,0.09791557999025158,0.47393569503092225,0.38845654462387647,0.6845338713159581,0.6642410501951418,0.3909205754769395,0.1702333241409153,0.9302472735587907,0
0.808235,0.665558,0.611562,0.27147898587391694,0.8134997015649857,0.7327102192825573,0.06491031970546879,0.6458435090483141,0.4789796407881258,0.32280490767119974,0.238116362605317,0
0.117753,0.141734,0.255801,0.7565775268971968,0.944138775856052,0.33930353388053824,0.24194710673630904,0.07963157935821563,0.8925660559281785,0.912866734055886,0.05508468718417481,0
0.125353,0.829604,0.626142,0.17406523291209774,0.00307028192828962,0.3099079333324588,0.28578082226748003,0.8105039949430393,0.5371432110171812,0.8438362770118798,0.20428474402044527,0
0.586537,0.273165,0.845243,0.9501079700481384,0.31265776710661275,0.9668595923414876,0.6495611738422684,0.6627261591047835,0.3477657785560466,0.972611268812375,0.6649664634711953,0
0.494645,0.826031,0.153528,0.5915754932380004,0.6917042271312888,0.46287270936417635,0.5667671956794587,0.680269052203748,0.4620764400912317,0.17490020593023492,0.13770908668184745,0
0.105135,0.139436,0.114289,0.5832748595189698,0.9957551282649704,0.46023203662985024,0.5168676451695172,0.090378431906183,0.6478813041826574,0.3906694474255473,0.25702169409665854,0
0.0893314,0.182905,0.645595,0.37472925907157173,0.968667136057164,0.4840987485286302,0.9029463164005327,0.7797681884097353,0.8840372724141792,0.5055360339788791,0.3676748453300488,0
0.989486,0.275565,0.49562,0.3190478689150862,0.5381925511249311,0.9326913799783754,0.8778149993554383,0.6060361111136284,0.046674935603982615,0.49438623866223486,0.3786450391443893,0
0.190047,0.391531,0.413841,0.019874909878938918,0.10999710229113036,0.7003079745572508,0.05580615277500378,0.1188095778913616,0.17508140301608321,0.5033768461696349,0.5684622488995588,0
0.634773,0.740175,0.113535,0.32412023290547476,0.1800500476455692,0.9281184103350656,0.7913133724818295,0.1889041566158839,0.4541797523136665,0.2893541895804105,0.0694807612197964,0
0.909205,0.671148,0.668906,0.49482239103751735,0.8788746528481777,0.9006127471981719,0.07577780483515106,0.6019124883204834,0.15035874125669935,0.5670918329545667,0.22967313575956172,0
0.296566,0.126308,0.0941786,0.19605922544417442,0.033989565197341975,0.818684399912698,0.52251619414164,0.30936282500230194,0.07827115017121178,0.4130991359952514,0.7435225413673878,0
0.368415,0.358968,0.329502,0.1091795036627633,0.689801322455075,0.8558748086191952,0.21762660713797255,0.9990590808206927,0.7993701694321791,0.6618129558525462,0.8284679027247185,0
0.0568358,0.478021,0.508454,0.5031198680814458,0.8983364534453344,0.23595045863188757,0.32892094428791885,0.8296708945141748,0.24359419382024705,0.48620769131721586,0.35316678887611674,0
0.240041,0.742602,0.498901,0.9842761167705203,0.08512601109754414,0.6529477467202637,0.5794303022358203,0.8404733247162584,0.5349818307741072,0.9203741653234997,0.6094561597888277,0
0.500642,0.695143,0.53226,0.9206395475972957,0.042893566231842706,0.6681593365707137,0.21263679559726945,0.9589255399343068,0.8589669348735237,0.03233837046157784,0.20335707932355662,0
0.99139,0.915867,0.893516,0.20041257599754114,0.4398634202835955,0.14102816045309607,0.15022114327079206,0.6088294916690815,0.30263500210049343,0.9257052575136713,0.13548213715164026,0
0.913628,0.196057,0.456062,0.044954354904180094,0.6419024760305768,0.394320161192675,0.9874187584604873,0.9672028009960377,0.7493769923339619,0.18896726137151754,0.36014528293767334,0
0.992089,0.419428,0.920673,0.09914882622793175,0.7217516057305541,0.3846659933532748,0.4365188147155443,0.7580506949779755,0.783805091026764,0.33911884320790064,0.2911813305901697,0
0.868514,0.698206,0.353479,0.3769685056621659,0.11815254281339638,0.578448848682603,0.7430262000505261,0.5113242233752177,0.6239668115719235,0.332141936985902,0.0358880869150463,0
0.774836,0.705937,0.369023,0.4422109956591169,0.12599876738534221,0.5584424140891967,0.4311740219978919,0.6108816918197871,0.8475244353999153,0.9551466547947989,0.629885024773615,0
0.102354,0.281577,0.349967,0.1624239158841464,0.7061332017716067,0.39710676194697947,0.22128644263840958,0.7959349421712425,0.19967351332364036,0.6522649480283814,0.8589249292843185,0
0.170042,0.206631,0.661315,0.05366503028742731,0.6749949534566162,0.4906465038417147,0.7481257093052951,0.2232163194946316,0.9682227549943814,0.48120642594678464,0.3598749078238196,0
0.612169,0.263912,0.383481,0.25649739341139377,0.7678866284877891,0.4485720077386527,0.825019849346967,0.6608931096386265,0.13858865444486412,0.03934426431069493,0.11812998732982438,0
0.0402491,0.739101,0.214387,0.28808024136141763,0.8324440451535564,0.6522655252273192,0.10618374484092619,0.6808552469838411,0.24982546133672645,0.6888810143544696,0.7207312638592186,0
0.153717,0.295918,0.798529,0.9668032589255569,0.27193310555686945,0.9849849289631021,0.45825909116244923,0.6665997739152987,0.5303525671684829,0.01646872633493568,0.3989673991499053,0
0.293303,0.550545,0.0551768,0.7223412358938438,0.40404255400065847,0.5694398833322867,0.6960491966738996,0.5152218314977601,0.23124779678092888,0.5852540660537582,0.8009720785180533,0
0.353967,0.85872,0.366985,0.4895557083455049,0.6742911675654102,0.9187116963847798,0.540545906570454,0.521783981890338,0.3850753750089696,0.8569315573196484,0.2670167688937617,0
0.194661,0.401273,0.547557,0.6209358275041179,0.3524695187725818,0.3229823434510435,0.2223470341512258,0.5798997743365312,0.597245618791631,0.5874083875565751,0.35756416661301893,0
0.51252,0.0586741,0.433361,0.2526021751572656,0.9454789219639737,0.9072709912801618,0.9564854570593925,0.6858452928510396,0.5184863475918338,0.2460215500920594,0.19552329077762498,0
0.862376,0.046356,0.467289,0.6490665777527782,0.5829337597326847,0.015504000541709195,0.9484950044898168,0.3026154123742997,0.22940270830066767,0.1001134739226065,0.8183937639091698,0
0.697658,0.854991,0.429532,0.9475328273184526,0.7278278187626983,0.0749162862373478,0.07414860901040243,0.842654790311201,0.23880817641497054,0.3807069757112713,0.31972944491221456,0
0.0429454,0.101813,0.0485267,0.7227586153028079,0.09920662011944059,0.9437364154147635,0.9253999140329924,0.5962170948961125,0.706012614500997,0.4152331563638473,0.2547133358976854,0
0.161844,0.176532,0.300809,0.4408790572730227,0.9054131573993947,0.1053802839375827,0.03747361086062384,0.11856756273064883,0.23713895532964346,0.2991948612918407,0.9912036711394124,0
0.931771,0.547993,0.947966,0.8535664807346516,0.4769468910889282,0.43668190916920446,0.8094017423877832,0.4497361953477411,0.9608692543777619,0.7392123750367955,0.4686050318315642,0
0.353103,0.645031,0.31047,0.7224170454434531,0.7815458430620116,0.48963822233612087,0.4786122779400779,0.229665328187998,0.7440294360718777,0.2067381985503961,0.28364305242162136,0
0.340802,0.270519,0.871542,0.35305529388567425,0.9950880888907985,0.12958117969224014,0.5487928958926169,0.7266209544952031,0.0019295527499085807,0.022361283389723652,0.14235287352625636,0
0.919889,0.849682,0.376188,0.8509224609701812,0.23871538804274883,0.19093027816903096,0.014217775673038613,0.4853412189428721,0.831059623406727,0.17491975286546113,0.3650714097575507,0
0.0854478,0.113706,0.464316,0.359556354711175,0.16162138730516362,0.9629185713745381,0.38862270412019073,0.11084487580340874,0.36017424466451853,0.05000438706185717,0.44709429132789646,0
0.356792,0.952864,0.672199,0.8009548165748764,0.05405031749737366,0.8344647234286475,0.9589947248340338,0.33334634376082106,0.8640579894063881,0.48251325630403785,0.9223023865432547,0
0.824317,0.303223,0.719394,0.9239656982344884,0.4152807665894831,0.3083409489256246,0.6246243262631636,0.799711783088975,0.09055165408239485,0.20108033108418233,0.3040919662363861,0
0.981912,0.919799,0.230277,0.7401907243694544,0.3613016233427482,0.5567818140134414,0.41854235808506435,0.4132453077444297,0.8291621694169892,0.03472823572432382,0.05233580523097603,0
0.995487,0.784692,0.802283,0.3154488021364198,0.10790027334406527,0.1446394975227948,0.6521574013829204,0.19120572099550492,0.6982335662121986,0.1799079855990393,0.0990125762235079,0
0.230159,0.299142,0.821011,0.8743087540932891,0.7462601995060614,0.6009975161319078,0.8989374810955808,0.15171454237530968,0.9909251470747746,0.10025500246438546,0.6209324836756893,0
0.903805,0.762062,0.823246,0.7083634329019379,0.9193016650156335,0.7199515789004911,0.10357159192505139,0.522873230471391,0.7972664846373497,0.7176809640314425,0.7664413991328223,0
0.861837,0.090705,0.285628,0.5461592252423414,0.746594542131238,0.7662130778077553,0.006709542640137345,0.13483615201360033,0.1263432240600194,0.835664908928401,0.6860474353152318,0
0.834196,0.609743,0.700654,0.41806476274528814,0.5496894926098551,0.5174564831971901,0.3387386660686612,0.39174700286147923,0.7783227249665103,0.12134109160639317,0.48191454422889946,0
0.154415,0.662321,0.178782,0.43838650075845464,0.3063714308724713,0.44410963599147757,0.34664447654561603,0.8351110976736424,0.07417782051725541,0.7944846369969623,0.468027159164651,0
0.958512,0.504054,0.322452,0.3060232701770137,0.29960779923488134,0.26031021745988303,0.28027304681189114,0.06333443734465527,0.48453855271104107,0.7176859926174646,0.4775254358502248,0
0.501436,0.0258318,0.626991,0.17249939761350985,0.18715795340871177,0.1108132189742892,0.8300041056516696,0.14393188940739166,0.512653076738528,0.41238627868940725,0.8531901899999158,0
0.456627,0.0226787,0.482794,0.9594331134916781,0.7313515962170091,0.1500317631320366,0.0969850052591088,0.7045935029338191,0.11800907297118313,0.7409344448306423,0.9199955213857066,0
0.880189,0.525192,0.23336,0.41011528606572145,0.6887319743813163,0.9535395836970662,0.7842190040252728,0.8819452682633535,0.1054053549930487,0.22104192767013597,0.6995420910581861,0
0.809436,0.264983,0.89592,0.39675772895632067,0.14786646193531428,0.8821764495789763,0.7128747668620135,0.219864894252208,0.004052537036827397,0.8868483640962315,0.13881480030671378,0
0.511272,0.247,0.409966,0.6574055994022017,0.5461088968020461,0.23113754666622943,0.5880246112241484,0.9220110590772674,0.8236233453720039,0.9761721008918455,0.5931039933256299,0
0.874012,0.687614,0.831155,0.48065015419771995,0.37377778859346744,0.014894783558233038,0.0838253169966684,0.48427722008200025,0.0593709245678391,0.080072378623253,0.05191468155097545,0
0.582769,0.271485,0.23928,0.07740300448743753,0.7256623454231547,0.5201609862339386,0.9471471113492378,0.8753761140400018,0.9941410860423586,0.628207749963026,0.7221890389693285,0
0.246533,0.624251,0.453015,0.12754331527659923,0.2640108233199484,0.19290033625635494,0.3626168715418887,0.8349528609831779,0.6735647170823245,0.9064529337688089,0.5809102704649923,0
0.947925,0.990425,0.463972,0.44174192518242106,0.13980897580635,0.508940640836451,0.06353626569261539,0.6844829834020524,0.6188050687940481,0.45014363167730287,0.5330397146418681,0
0.795163,0.645183,0.0142781,0.9069308994962483,0.18453091495515495,0.7179130850378119,0.805386169239534,0.8735057246131553,0.9585695682985746,0.05479853788132105,0.3467104284353423,0
0.903791,0.420537,0.0193967,0.5433421065096535,0.6397624057505082,0.3221092016148108,0.8987092114176249,0.47400012979846917,0.745365064352711,0.061306938502645125,0.9931055011435997,0
0.132523,0.764427,0.0377458,0.7804032371606808,0.6737985976966719,0.11158569201285007,0.5926628754743929,0.9552988108479844,0.11683255651573099,0.5775569481889029,0.023001939378045955,0
0.737012,0.153476,0.363024,0.6850373168192667,0.27930181323001047,0.017592148655687145,0.13461587805054143,0.6485850350832991,0.31044122120748674,0.4066968536716491,0.1934911051358611,0
0.165572,0.025784,0.858201,0.346703091279302,0.40798579156492787,0.8285412759546953,0.4090618008141501,0.7262500581620098,0.5468976084471292,0.5988634069342925,0.8990465614865062,0
0.156756,0.374145,0.071237,0.7545303578905215,0.7078198054566133,0.35530952343215993,0.030863131205292604,0.8751773928334915,0.6041970466462848,0.2524121269527019,0.68568416053683,0
0.458605,0.294739,0.672038,0.978086397839473,0.47114364048015756,0.9902210660956112,0.15055403987541605,0.4678577336029074,0.0732867259162967,0.823060439452764,0.7053990111221052,0
0.450871,0.346841,0.678279,0.06929947904951683,0.7831927347860307,0.9758840386796223,0.8334071353794937,0.3148677082656607,0.7307187558237077,0.38991904852899106,0.39101056047491045,0
0.722923,0.60787,0.758067,0.510690376559001,0.2847133126204263,0.843441754897635,0.5348691486302022,0.6115275166967598,0.004296173573377193,0.327507960750679,0.15331639792458185,0
0.0200678,0.160511,0.158143,0.9009903019266953,0.5550098785482483,0.37736870880817497,0.19080201269293973,0.6761440545601985,0.6098766141309655,0.2024631210423895,0.25742798378483633,0
0.0699669,0.893763,0.795919,0.05301808584321288,0.12294949054226678,0.10719438422270988,0.992376169946207,0.25682153038548705,0.8385756937553714,0.27659364413523035,0.3965751056517468,0
0.132967,0.680527,0.202057,0.8842121628386669,0.9184955257445538,0.5646984141866808,0.6463791192396384,0.0869324733000365,0.5487117912994703,0.34933893833662033,0.864605788551232,0
0.69973,0.0638924,0.677266,0.17947901635505614,0.5947178497167458,0.6273595029349786,0.14989597726847537,0.3839319420941011,0.3910606876676791,0.009765306019234754,0.4783356823175885,0
0.885142,0.354458,0.372514,0.28660524638110774,0.43548819605235445,0.5691599597116155,0.1456364099526486,0.0770335927307011,0.8114198240339967,0.3703569028595638,0.42544352326388357,0
0.565081,0.139803,0.935276,0.5781554557340869,0.8798943336276154,0.7379988661894767,0.30454759057526737,0.20689643729576013,0.23422409785920262,0.26311250078113557,0.7865896967629512,0
0.826564,0.00941592,0.000357973,0.9922861490768908,0.16293733059042337,0.9986224093895815,0.22953831259461466,0.16011170865421143,0.3629443075448844,0.15210441687312282,0.9288932173208981,0
0.322877,0.186858,0.178437,0.20663007000615596,0.9578602708068009,0.7100579283660925,0.5161751201763999,0.07515891860225965,0.9943908143335617,0.635920483688016,0.4888237754982685,0
0.490519,0.736529,0.614071,0.6548456742232592,0.538793860782453,0.9997465319884729,0.05920523389797605,0.4762499708228284,0.6670554564634358,0.06187394129702084,0.8883880671064793,0
0.978394,0.619604,0.718835,0.8651314798683932,0.5868017015936611,0.9072616742492521,0.20011153330709774,0.02165766690363402,0.8682298791358102,0.6730947926283751,0.5265853465869572,0
0.371069,0.867866,0.300707,0.6723288001721315,0.36734124569818205,0.03248129405060618,0.8955180424096318,0.33075542941930824,0.6180995352021266,0.11838443795045472,0.8037683805449236,0
0.616332,0.668802,0.292922,0.6567732253653765,0.5025057288635624,0.6216025542049459,0.22763171442496166,0.11956165557014775,0.5412897052515289,0.06187898565958605,0.47361033190158,0
0.162323,0.928702,0.706807,0.13226308191797076,0.3345811437772075,0.8489266700708423,0.6034477291609665,0.35173713539693663,0.657567211712318,0.561825678340538,0.8665644419030173,0
0.329029,0.952818,0.89973,0.9258184102820117,0.8557592735648462,0.9494748110087404,0.6517784448466862,0.21387506398325096,0.18888036617850124,0.5166683041448229,0.6096967684731013,0
0.443104,0.577777,0.529604,0.3675115519564588,0.6707124099180685,0.4583166156964553,0.9090443510165805,0.1796565945962827,0.22986061402814406,0.3410263468535837,0.8020126836008098,0
0.935051,0.910678,0.354319,0.8005945856586554,0.7215926322413557,0.8507119185675132,0.09937883956042459,0.28356646819007525,0.15301535311377823,0.6377711339261006,0.5166254492261511,0
0.237661,0.860651,0.270333,0.09572300671116085,0.697287445916685,0.35481294545553577,0.987107075315121,0.87441582460563,0.40211646884642127,0.08142407612445879,0.8285130209344639,0
0.428196,0.441243,0.434674,0.3405121035906067,0.34976072407839487,0.8566530129955395,0.5806636714466404,0.9880500660343698,0.25609520308178735,0.6591561296319145,0.2876862006484512,0
0.16747,0.037196,0.58854,0.46437574577043017,0.18979768109618222,0.7948309113320547,0.5224790852718006,0.24199661918728832,0.03716295281490878,0.5008222366019615,0.2984070848073308,0
0.419317,0.792314,0.611138,0.5685339634559258,0.2944601971769025,0.9605764780787903,0.98649286516973,0.9898892816234216,0.5811169333239968,0.7414895919962574,0.05369244329179734,0
0.395831,0.4241,0.610073,0.8952628589738113,0.7838675670365984,0.1909291052544797,0.1515849435915394,0.9754344171086716,0.7356889877253153,0.26293847508113233,0.6155813122614052,0
0.626804,0.582894,0.303501,0.2122156395602065,0.7993771688139104,0.8237096786100121,0.6691772301252156,0.02975123058437823,0.9307902576309107,0.9193216363706769,0.718956090888708,0
0.441955,0.425473,0.493387,0.35812017413287645,0.13401333369110535,0.8837639353214306,0.16226749782420602,0.7454452959842399,0.23814161457469862,0.10964839052877373,0.6112822236740475,0
0.230793,0.591689,0.478602,0.8357304547278295,0.532536525342661,0.5884138144631746,0.5142153599247932,0.9066384617034723,0.15989272840973157,0.2095698241172964,0.9901357066067326,0
0.222066,0.556978,0.551273,0.31630466212092323,0.53155878545544,2.645047095983788e-05,0.29474755346439196,0.5334093190712691,0.698604849262293,0.07989454635515347,0.8958138208581521,0
0.515747,0.100324,0.778783,0.76571997598117,0.6726437294586357,0.4903910214323811,0.3231953001509801,0.22259751757828494,0.6246975782810421,0.9683009851385079,0.5743451065874149,0
0.304861,0.60647,0.327293,0.7800464998266236,0.29722277959814103,0.6672757005403621,0.7472750282843165,0.8085316141321346,0.6865129861954913,0.2519794235743795,0.08234044620145653,0
0.63266,0.194746,0.0975127,0.30696867318289733,0.34149720850835963,0.3236367486373517,0.15504094081420638,0.6505701268053583,0.42215487780766126,0.18345030703238363,0.07369412582967727,0
0.42398,0.553828,0.428089,0.026346032650608975,0.5799895489502288,0.13219539554404747,0.8393196418010701,0.39165709885676747,0.41885073430189024,0.3670668726777261,0.711637565960111,0
0.199809,0.573706,0.491189,0.21274972875810083,0.6477092051514276,0.5148761190201934,0.27904991571924553,0.006630209227032391,0.0754217373017706,0.23180043992572463,0.6245358022912794,0
0.730081,0.905653,0.584762,0.6806986512744503,0.034714613192003196,0.8414112918202016,0.9454132242660062,0.7349858980127586,0.9104534045766584,0.21539105921232216,0.33871105768776677,0
0.121258,0.1195,0.517976,0.15062148612561232,0.15725233350084145,0.5131971963275218,0.5561100339319839,0.8074032579785018,0.5893665505744441,0.0011112012136249572,0.795218997849404,0
0.490144,0.961188,0.574998,0.08484702889768914,0.525696639531881,0.35478195131022205,0.16668989005937052,0.16460329772032156,0.6615559335653811,0.3536468831293975,0.6142656773165783,0
0.309388,0.379581,0.39014,0.3257197188589749,0.9996863428711021,0.7280598777302296,0.7190119632266522,0.6492057262070423,0.6538783211299333,0.8254271004469427,0.9160620527759438,0
0.525804,0.384142,0.161343,0.948135391477411,0.6294861634447384,0.9122534700921946,0.3055445978577618,0.1532989808352706,0.47871841912791857,0.6798671597132699,0.30600133250038986,0
0.367719,0.540008,0.318634,0.6690293700905032,0.540315272161908,0.40321007643525353,0.10191800908804327,0.327450061931822,0.28443234925405203,0.15085387513655668,0.012087184431501474,0
0.986073,0.620206,0.236181,0.2561124903573071,0.0753233859372685,0.4265398227025393,0.80522841671873,0.02790300535170731,0.626927270928127,0.27400572968403303,0.3860183246524389,0
0.721354,0.788085,0.626654,0.9668949370306776,0.2374653118292298,0.9437603709890898,0.03806945171189513,0.23222390488284017,0.9169075060121001,0.675154785355253,0.16704934423300888,0
0.0131163,0.858915,0.700854,0.3646987152733835,0.4016302174669685,0.5731540901148957,0.8036906712080217,0.30272207723361577,0.5979987528898644,0.48940569850137305,0.7024298406877016,0
0.443788,0.644796,0.980669,0.7013083257511213,0.7649252062256486,0.028240626203997476,0.7919306834262451,0.3821881676106972,0.9969320468081226,0.7739125372822706,0.27395596818641654,0
0.122374,0.444296,0.0019996,0.016023781374210455,0.9655031146178019,0.6679703530993528,0.014558951442616541,0.4612507592274163,0.7335309672099638,0.038489965389036485,0.0723374348195791,0
0.282276,0.621213,0.338721,0.3387891021396384,0.7977035860004039,0.8689697860235627,0.9435621082828749,0.1798300885849059,0.5221498064954965,0.7129822482340573,0.7452613232837657,0
0.70282,0.0212447,0.71606,0.3560155560624959,0.5014309691303827,0.32942581302000673,0.8423748797621493,0.28068885347811123,0.2741392735788164,0.23600415815378306,0.15222544310971664,0
0.99226,0.117998,0.455022,0.16391509378878777,0.9175271871525198,0.9211252346128829,0.09485285583835124,0.44152417258749754,0.9929410260016919,0.017888303008664397,0.3439497266407583,0
0.184353,0.344625,0.751739,0.3152553506309044,0.7141643737661296,0.8505000042380424,0.3241871288742555,0.5303226825679462,0.9174041157408083,0.6901437331129207,0.9803347400810976,0
0.0868677,0.413137,0.198466,0.08962821857427328,0.7833448750940378,0.6783606087415351,0.079150939881942,0.12281475749585913,0.08944409830690947,0.9889927143741676,0.0061515581256008645,0
0.71528,0.804801,0.799424,0.7320928184549268,0.29074187817103214,0.18403709393116197,0.047995833377545205,0.8129257652603508,0.7712547670898822,0.4558780482175755,0.3911034028962834,0
0.761487,0.966521,0.357605,0.23202961833545233,0.08832598774836542,0.9449792294685049,0.6626031590094169,0.48482356845992314,0.43949176200957596,0.8395719843588291,0.7790043210501616,0
0.0978217,0.365159,0.789759,0.30185884602173707,0.5534374232876255,0.6373457385495758,0.7681375139372997,0.08726830752656956,0.11263103668500818,0.3245282034731598,0.4287366544628637,0
0.906537,0.116012,0.581013,0.7274470478902966,0.8217670931856728,0.6051950014059785,0.738651802326417,0.8539214362690601,0.4242830117497288,0.05355719402722525,0.23864619738363713,0
0.500531,0.0422779,0.522576,0.402692504895911,0.3367000538323085,0.9165994106051252,0.2560795860460412,0.8922757527653726,0.9312983222989298,0.394679186766136,0.9975662511095014,0
0.404913,0.119099,0.289168,0.3325896783561314,0.06558178333756359,0.04966547842204272,0.044147449325520394,0.39485637692273645,0.30585850557979377,0.7568677816670902,0.4967574244749807,0
0.0223841,0.883162,0.928459,0.19687487051542263,0.5556197948861893,0.3558378510804948,0.7734133848312548,0.6191879712807277,0.3245430841236181,0.5065796617190597,0.22432665222458814,0
0.703961,0.870504,0.0805907,0.2533759460976933,0.16669598052111056,0.3663269883133362,0.02880985735469166,0.32333106471490136,0.6015262639022814,0.9211033652223987,0.1883180506080293,0
0.925614,0.738372,0.955362,0.5407304603106085,0.4503638210959392,0.11251755372772188,0.9461249949228298,0.38003038635289044,0.12179101666192194,0.1311566233995518,0.653015857662872,0
0.0966532,0.338701,0.264412,0.10538712893588531,0.2884252797886737,0.8543465176707524,0.7032507824122531,0.27374527160988527,0.4516210439400399,0.34489060989273146,0.27169574794226226,0
0.84567,0.53848,0.825952,0.3348865484697733,0.32134027636838436,0.304124358363974,0.004910002693881643,0.4138233818536069,0.7764264800500426,0.8052178437533701,0.4104893632432177,0
0.248134,0.503573,0.369972,0.6282136174226265,0.1830832401608533,0.5838264687500381,0.9288778031320557,0.17208464767927523,0.9425375329257674,0.5245728550333582,0.30134357893763764,0
0.773487,0.462814,0.521122,0.30678969212659435,0.8952039525688827,0.1898816009781762,0.6019275915924842,0.7252434304668169,0.8680149959370488,0.9021519053406621,0.7627087248220874,0
0.32604,0.773245,0.930981,0.5579513008395139,0.29026553473996064,0.2589957087711072,0.7685151635508785,0.1697033851215104,0.019683095699031594,0.4272309088269116,0.8177205473574019,0
0.718805,0.0408985,0.918309,0.5403316226032928,0.32097584345161256,0.14477789851323664,0.7825508061100813,0.5858963191787034,0.9639672244763232,0.8721161548129996,0.6758245704662037,0
0.270685,0.255046,0.661817,0.4957050916830372,0.6990730587716951,0.20140318635648358,0.8276603953749976,0.9605095042773608,0.15985112518082756,0.8039627345852131,0.1205264996932528,0
0.522887,0.337175,0.531885,0.9942239123022234,0.7795936618089809,0.7365900172394749,0.710789725230517,0.15432933166851415,0.7750941932405463,0.9267501256362307,0.6915014155125975,0
0.997796,0.535246,0.61738,0.6783520212760196,0.8021594176270039,0.21465018362385446,0.4494339358648075,0.7895761299172149,0.5909161125041795,0.11120343188348825,0.9636754411951209,0
0.978107,0.88107,0.894339,0.7856570557871307,0.049228689656309,0.5797126537639441,0.5957210339755671,0.26175521656414547,0.6499040141824383,0.5679624057933748,0.8358596417528399,0
0.410722,0.781955,0.168585,0.3056200409774201,0.29264346851763934,0.6152937538211151,0.007797918289329742,0.6193990870050176,0.5121250992074603,0.6709130060437086,0.48369333429584105,0
0.190344,0.432389,0.837511,0.3662219132888185,0.4242816740313371,0.2346235811053431,0.037006111059927016,0.6567845043254641,0.25494523703570793,0.3615749485658575,0.028512167947625233,0
0.516972,0.772465,0.645456,0.4115302073535051,0.8585422455347055,0.6923251308206982,0.8375707242258178,0.6254601858330637,0.15414970120865645,0.9304073872111511,0.9274926246768269,0
0.578401,0.245826,0.303041,0.5031502811113593,0.4093411403763064,0.4537579077583712,0.9611586345574339,0.1051830106944085,0.6899731099573864,0.16963499835704277,0.6182601428000842,0
0.0860343,0.992562,0.402183,0.7202628427492057,0.7093617779971,0.8559330680714311,0.699660643452134,0.5863947017072633,0.9052216766013976,0.12689661681803022,0.8556711004899501,0
0.362905,0.611374,0.682947,0.07690911058577155,0.21469398564951925,0.3160036421254455,0.11582759847097268,0.4649080570595787,0.5090376992667232,0.4082001291128031,0.014641964197431467,0
0.0128575,0.851914,0.325889,0.029371808417382517,0.3068997301571875,0.3150089657385773,0.5670155032991869,0.9525238180021135,0.6538755998441089,0.025079312726058567,0.9497704235119396,0
0.391318,0.668818,0.627589,0.027531441623422803,0.4691942926956746,0.5350250747030543,0.44156324485429876,0.4474926862659734,0.9874971245285034,0.6336263114729204,0.49061111976779204,0
0.0292324,0.451904,0.13281,0.5276076336396315,0.425160964470372,0.07338510219283279,0.6783869616800972,0.7697213850244612,0.6111513988748608,0.8745071860675295,0.4389375507573764,0
0.0409477,0.615658,0.938419,0.22133784782262955,0.26498785696196026,0.5333786435456943,0.7317417193812109,0.3116002935108714,0.5012039418707848,0.008476444120978477,0.41069410656266747,0
0.934294,0.221023,0.593715,0.7783222995135198,0.7953638918652353,0.31101707408297763,0.5234167308392585,0.8566293835348169,0.7053240228125423,0.3271108342566803,0.3526860880859546,0
0.754219,0.484836,0.931659,0.8956183961362381,0.43019496022083936,0.2919661567303673,0.765693713592839,0.767676204392123,0.4306719692374259,0.1655688159285229,0.32741846768680505,0
0.336149,0.443345,0.613121,0.7715380712139311,0.6976348915806906,0.7263829847461316,0.1495310206229853,0.8805608897591973,0.6504939806730189,0.9439114301144597,0.706262556186953,0
0.862195,0.601156,0.173907,0.18042045819674934,0.6806903384733572,0.4060263074800152,0.6574923119023547,0.16153088424600914,0.597688084579602,0.3571057594708953,0.9947899626916273,0
0.407832,0.784159,0.976974,0.11819329811105939,0.8668882193852078,0.11555958808644107,0.1035414637244324,0.6775495570565035,0.311684322654167,0.0035729784237540363,0.19706217490907152,0
0.582442,0.400307,0.0202665,0.5408274144192289,0.6955117547208737,0.45575225756137927,0.6272871004275931,0.9314235795561125,0.15991235805832715,0.34577757922942354,0.013225811293215206,0
0.710277,0.71627,0.840011,0.804054439001791,0.8416137617232056,0.25119899717484173,0.21510850077940202,0.9715169487847171,0.7629975060957095,0.968769119580609,0.9305923679701584,0
0.867356,0.142968,0.651048,0.5129766496426515,0.5948683469174468,0.013896268402763035,0.4999024990752694,0.15707624377850105,0.683861870009475,0.9932542893123208,0.45443267437926216,0
0.51435,0.901205,0.088566,0.9602555778084108,0.15532114930261853,0.32228758236003097,0.49205500344113307,0.4539571924488931,0.2542332851152712,0.9002007057948614,0.7398144318141022,0
0.254928,0.139614,0.35354,0.798964713151044,0.4708629688774162,0.7746567340148696,0.20891329239506107,0.943379529495256,0.11190128131783705,0.266966047494414,0.4583051658623002,0
0.0428164,0.18323,0.290269,0.06479332784181357,0.7236543115377152,0.5074236612604585,0.35750183417874337,0.44091325720491925,0.7780229579069342,0.560616097828248,0.5506330311096512,0
0.480949,0.640549,0.746726,0.8666609536375841,0.09190796617383434,0.9982187585456683,0.19354899886255028,0.8044121856353852,0.18331451543752608,0.8221310474415747,0.8712641225249386,0
0.830341,0.397937,0.824628,0.6516568222677873,0.3474493094594867,0.20776463090378583,0.8948018964493382,0.8398472068322478,0.7489005919144597,0.3837642751776835,0.5934935081197883,0
0.660265,0.420259,0.712875,0.43462759433193066,0.8676987705885048,0.36931862820383143,0.5938478713154084,0.28934819203901374,0.6652945799158017,0.28199225168729114,0.8839297601359933,0
0.356459,0.519489,0.643098,0.6243156653923951,0.36791158720202244,0.5332572696448126,0.39266791311405513,0.9028948199572802,0.4216512454608874,0.15092592699886853,0.8793812754114091,0
0.463248,0.9234,0.881369,0.15335023593930397,0.2599372662870131,0.9094581709064082,0.12462337086928676,0.9092815132781777,0.9484768739283891,0.1427571183200672,0.3663898959206435,0
0.56534,0.905508,0.099554,0.005891077888848684,0.27085643502437995,0.20146323810919042,0.04589778605818062,0.5849096949227233,0.0755762916066004,0.4670401358698434,0.17585399650549982,0
0.040909,0.489385,0.709012,0.6000105450147342,0.4901987106782064,0.9785477354279837,0.002725344772478766,0.015527600311855516,0.3337278397019712,0.4870504881276363,0.004246604896140371,0
0.44782,0.667408,0.453872,0.9183768192571568,0.7090827048802884,0.3630316992667154,0.8375284938452185,0.24427549467951748,0.7849459459770195,0.2328525311702122,0.112140464253357,0
0.49583,0.965566,0.964001,0.2785354087971913,0.44206525684454867,0.07769960292990952,0.9085680747578965,0.5698363131572058,0.4785253733408622,0.6197913622137343,0.5116011148316899,0
0.571819,0.907596,0.0770953,0.9258959158165379,0.569189475190441,0.33918317584487656,0.2903802931422452,0.30707813165551334,0.015619941586350938,0.7728625198317617,0.9937769193923742,0
0.125999,0.206938,0.614318,0.36522942380496004,0.3793954356292003,0.5550851990907175,0.975823665176843,0.8084912802752557,0.7680881300827419,0.5328621380650042,0.13059043211280075,0
0.695489,0.545021,0.828455,0.5489901045610208,0.8471708756100729,0.9235681974982751,0.2541468600526837,0.7568016597932039,0.6531206905602401,0.059469391779703784,0.6087007541826497,0
0.908164,0.919011,0.182512,0.9541750366129026,0.6189475997146394,0.7171396729908923,0.09199479033458335,0.8684929974247746,0.2379803115686827,0.050540275544222024,0.6940562016891069,0
0.620377,0.667417,0.219979,0.23817472080885305,0.43148551978160876,0.7699155330607221,0.017196693616648884,0.015212122401333183,0.22422475145691423,0.45341132491534697,0.35533797441836323,0
0.0105537,0.570291,0.0299776,0.891669848733711,0.8599782285749756,0.21768672713537418,0.2133103095169575,0.08961352787327781,0.40831177195608326,0.38802587698432633,0.9862434117816948,0
0.537312,0.924708,0.671428,0.7988804013029002,0.595123543551937,0.9296903491070627,0.5586194635970841,0.8751044149706554,0.6070291539689185,0.3893578188443003,0.5097292373453423,0
0.059686,0.0471431,0.64289,0.9249582511112058,0.5937656585461107,0.826789230640267,0.8234516348799548,0.27245711204656065,0.7112978721391495,0.1756586953663163,0.5141239714883638,0
0.129817,0.690787,0.99982,0.9474516166090984,0.6662901620986397,0.45137431174097675,0.46347255786000285,0.011805864404809019,0.08026654922911991,0.8682164319774405,0.7396707432234902,0
0.0679632,0.572392,0.505318,0.8808720485730072,0.23443604026929588,0.4752602639259227,0.45305990481428193,0.18703953331433743,0.7464227996144136,0.20960989250904416,0.030177803524561786,0
0.0625363,0.0904045,0.647308,0.7363100621372709,0.7241311906472371,0.3942998394886943,0.12070112948350831,0.5708152724418959,0.6871112433512077,0.9626097937223245,0.7046975726063306,0
0.643883,0.628414,0.611029,0.04305226255511474,0.36402657049836895,0.8907766936701748,0.4585915153130461,0.11417631660214189,0.2815752456389665,0.05967562497272394,0.5484912098375984,0
0.074602,0.123174,0.129677,0.1760065265211489,0.29945718607681737,0.5350002220522607,0.28967995786625,0.8485821342960908,0.472132563016903,0.5358024788089738,0.36224347626649067,0
0.105016,0.0978063,0.212773,0.9576434477425964,0.12803741348443065,0.5814297347791726,0.22231300444590396,0.9980238088426716,0.17484164084026754,0.13218391033373478,0.36509944235552705,0
0.184826,0.841131,0.250709,0.6166346338627866,0.635813854480333,0.4043786012546071,0.6414911934752976,0.7924966493145722,0.829998280538056,0.0257800575791306,0.09485946352969166,0
0.870386,0.975626,0.635475,0.7369359667141107,0.3507820677191693,0.0653792834273762,0.38606208345708637,0.2051872016976083,0.25555645324699217,0.496640462989724,0.27178762622085073,0
0.913534,0.904941,0.719892,0.547209724667214,0.6658060167425336,0.8253383156573981,0.7752865832799716,0.6188194300548114,0.06023879349935646,0.3787884192556418,0.20102262756411982,0
0.950019,0.962874,0.0592965,0.3835177954444926,0.5359750856324935,0.8345379446231722,0.5385215879395515,0.8662856701575231,0.6789177501197385,0.46173872869597243,0.5080735771440209,0
0.555541,0.0100642,0.275582,0.25159553277945623,0.5030050992927791,0.9810342069904326,0.3734225895042087,0.1752115597057501,0.4355985845590099,0.03278200414695709,0.5819131080755412,0
0.159796,0.520992,0.563627,0.11218660708431039,0.3803401277428745,0.998482125437807,0.11766141903318694,0.5316310326634078,0.2708025678259335,0.012153954740869,0.059638331995159555,0
0.992909,0.155869,0.752386,0.8122970375075823,0.9096621631489075,0.37214248987994203,0.960241699809626,0.638184288298198,0.5384670390897028,0.15624433296850437,0.2941102515539039,0
0.655161,0.268909,0.453754,0.20239402545288054,0.5938605094602702,0.25302588453089025,0.4104025629417992,0.8926476269666284,0.350933881039303,0.8357096252487555,0.6591053216762609,0
0.00970384,0.471335,0.99851,0.010566935434185076,0.20010012467387317,0.08524514741870581,0.8410130375865565,0.785025635217811,0.42173872170840554,0.8846502277659631,0.10521641739605203,0
0.814984,0.513589,0.826404,0.1610249618696621,0.8691751911995873,0.8344066664751901,0.7839796909603981,0.8255850177781167,0.4697490289572692,0.5987746770973296,0.4018662243569464,0
0.171038,0.0231254,0.829736,0.921689018476469,0.9793630036139301,0.6633688454013911,0.727995261483452,0.4550756544229656,0.12374817707223973,0.11931023616528413,0.7141412780428728,0
0.678583,0.579021,0.22989,0.1758160721537243,0.5423307877417811,0.1859887124030406,0.544013910316921,0.020473867176779126,0.27787439682628157,0.66611007592732,0.6389435581363774,0
0.098234,0.655294,0.83635,0.057145949045749544,0.7610116450523773,0.04385215371681139,0.8122716544949166,0.7614827422179219,0.12865473565974483,0.9010961099907123,0.9092613638528483,0
0.632467,0.499972,0.510592,0.9694608803784986,0.9791699429926146,0.16332349691079018,0.5271932103094193,0.2150459449309019,0.1721413115606103,0.7027189902161616,0.27885024787666846,0
0.132085,0.610883,0.815292,0.4949772203739071,0.8274144877108239,0.9082872608488359,0.4371583923367591,0.18214555721497316,0.9675502026217038,0.8003828150086051,0.8877074968477979,0
0.458724,0.464876,0.685177,0.702103014406242,0.18467536088433,0.8164759030933986,0.10593847566338532,0.3758319011327569,0.4453571507587478,0.4976583844792063,0.6106070980257521,0
0.509607,0.665401,0.441457,0.28741119372507407,0.24366285552530553,0.6752554099755258,0.7339196636782327,0.3831278557682781,0.3855642763566455,0.056876197590535194,0.5763477952850056,0
0.71807,0.0675696,0.801616,0.05596282481408643,0.7732087659421351,0.2863094549168025,0.9410099011871058,0.907718105859784,0.11041446315379722,0.43164605689792346,0.8119159199950461,0
0.545736,0.979217,0.943444,0.47527269117052806,0.44562691616575056,0.07226459148294218,0.7607597105099079,0.9277396381795799,0.3830130329430217,0.9926172328582193,0.608127891683156,0
0.106613,0.161343,0.185745,0.20401670727439092,0.0891722088764918,0.8271283900360842,0.5552137355586122,0.18796318869760054,0.9551166790839357,0.44735031797314795,0.44663049404312005,0
0.70443,0.948838,0.79186,0.28861596667368916,0.9238118738777158,0.9140377719812325,0.027600314170384777,0.16404031889028658,0.0932724642232311,0.9756487029875165,0.10384278004596381,0
0.861622,0.653232,0.734517,0.24823314667683893,0.6421340247953633,0.9573501202555725,0.9994441112183284,0.8243358511546836,0.28705512909271114,0.6763611343492285,0.9377391255553066,0
0.472123,0.0281663,0.370934,0.28054703471521514,0.7123643638395142,0.9764112125511532,0.14277385429864164,0.7791011434032502,0.5518958238498182,0.9348028331989523,0.14597682253603683,0
0.908687,0.17338,0.514761,0.17117069784704597,0.5708956301557543,0.22809481294552958,0.6830942490764323,0.2438498897362068,0.1906984555967618,0.3233817143563035,0.8027222807669577,0
0.331483,0.115573,0.999932,0.32063802022821297,0.5425958001756326,0.6299304383800609,0.854090623037041,0.6299300200699183,0.34073071877952366,0.21284267032717075,0.1685441011363259,0
0.804631,0.80684,0.693752,0.22856266789000357,0.897254013975169,0.4735381812972369,0.9230274698509789,0.13817794027223684,0.03180012978954261,0.45395431355516314,0.8281883096435253,0
0.0925094,0.203096,0.258596,0.47928379700481094,0.11919323716418617,0.33823905517753305,0.44500134168548466,0.5625360925851569,0.266630430134851,0.16772573832227844,0.7809482672798488,0
0.575371,0.00628956,0.923423,0.06435755499279772,0.7725629821979584,0.35411027466230705,0.657926021731314,0.35131019953560505,0.5859899834069705,0.1809061793218858,0.7104735900404028,0
0.339664,0.408242,0.278718,0.36272730233250683,0.17969615631310665,0.3016849349764029,0.9253896642000065,0.7644099351602872,0.6239911287762239,0.8077080319646134,0.6968152770209837,0
0.0606627,0.57514,0.344091,0.21719763856964913,0.28019506542578876,0.7507122488536909,0.9081699459289927,0.646427056335194,0.775420594954978,0.3622179579738424,0.5256196851522952,0
0.396218,0.812021,0.0378757,0.611949545024814,0.16730103416797826,0.11645999456228073,0.37494743485722326,0.5098204438231259,0.37641484828875726,0.564090843377921,0.563054354015312,0
0.795652,0.840193,0.356891,0.6926585076872209,0.7368396900664805,0.1580916689874886,0.21244449401127308,0.9287258961980929,0.6792200852115095,0.6594420942217561,0.4487551090809323,0
0.694729,0.713818,0.794654,0.9181050964172605,0.5484530655588713,0.7280118083853159,0.6428420104780227,0.1476266198966868,0.26788437823485933,0.1777726070287179,0.7462134195882203,0
0.687951,0.478619,0.230331,0.8779607234158887,0.24878996075959936,0.3474680002917845,0.4048523777199291,0.6113031197962796,0.4618284930960619,0.13835384798528538,0.17727673641342612,0
0.100526,0.636188,0.919549,0.2506165070428902,0.012635584617177842,0.3652023936917841,0.8878187245614352,0.1151105198303396,0.7297095515678048,0.4538007492567663,0.026263074986048296,0
0.505896,0.0916616,0.358178,0.9045946034494398,0.5893268713816082,0.01329123466646065,0.9877092438221411,0.589596223708155,0.09681549552394231,0.4963529919726968,0.36220770050360696,0
0.222565,0.0776664,0.320153,0.11321786598424277,0.6432155914004467,0.75700415212737,0.9039048215577744,0.47380914656359163,0.4090451043293357,0.7096696794937071,0.1476908520937188,0
0.494326,0.410884,0.962558,0.11704413056262963,0.538536065963569,0.8308523406233362,0.29384837802979835,0.4001011903879137,0.8877310993750757,0.12015531679404567,0.3088433078272297,0
0.0974051,0.853004,0.256645,0.1447743678948492,0.19340031992202322,0.7350084004053743,0.3741795891159453,0.13758603262006763,0.42862939219302354,0.7225184260258826,0.5795711596110688,0
0.177481,0.846142,0.846735,0.22750989326657467,0.18003938167704603,0.599076723487062,0.36585184122315684,0.25477389269729,0.45203463685082224,0.9558154821552975,0.17742486290082116,0
0.9735,0.865929,0.547672,0.830676878195858,0.5574777949398614,0.9170197438937987,0.333828455199494,0.2624483927248217,0.016808229092260096,0.985226129370203,0.7582985509307362,0
0.611986,0.13418,5.71e-05,0.10494445353005732,0.3245889531027121,0.2716832241303485,0.6352994705411841,0.9853643289379331,0.8930168499277122,0.039666432023552134,0.9774374157628326,0
0.680106,0.845955,0.565089,0.6987079315988947,0.07575411631600093,0.29957485023108066,0.6044551614277749,0.3897630299966782,0.4769246442753714,0.7130240311315497,0.9603867766487333,0
0.432003,0.097336,0.0800838,0.8445084594972566,0.8709311218330695,0.9706818113475925,0.36866002596000946,0.4477014551684092,0.044795715361119925,0.3694201903905684,0.3636844834188149,0
0.198366,0.942102,0.303395,0.4394760843191434,0.5286603053399017,0.6707973259651328,0.515292586643863,0.354175877963812,0.9980084459979378,0.2707783114261678,0.229624296595333,0
0.609475,0.486659,0.589126,0.7419145749890155,0.5648511192532848,0.7021821174432785,0.9916496661945959,0.6700468089496825,0.4655009018241989,0.4717326620966734,0.9422943633643808,0
0.822043,0.629268,0.741199,0.3545990521995386,0.2423459907848423,0.9297209614882798,0.2335512211824009,0.9089731081535531,0.6326129354181749,0.1331434255676489,0.9581134347826568,0
0.948753,0.384068,0.250636,0.13527462685411507,0.17323032773812297,0.7707961993443012,0.5474021519116019,0.5240321269879865,0.07734272854901059,0.0734800364529915,0.45614518889725786,0
0.281986,0.131518,0.415513,0.5375173746195989,0.4991173123997915,0.2738100319038411,0.8246539773924476,0.6617845062877367,0.6964954983247408,0.12038921024682092,0.7845862068446557,0
0.315403,0.989069,0.410595,0.5287432794745341,0.1376998865878284,0.08639301790905818,0.6634485465363681,0.7804576538867947,0.974127189256058,0.9525694034533454,0.34168684078646505,0
0.775093,0.605046,0.874041,0.1874291589100544,0.8243026874677425,0.8013873817161902,0.9184149998272855,0.5629799905143016,0.6178890772826543,0.9562578560585633,0.8943961603706735,0
0.21526,0.608267,0.0694329,0.3492388735088955,0.3553599992925096,0.6603059143649848,0.6556970126755903,0.6604215834926679,0.7353984902641644,0.12241633643114858,0.2731292078321802,0
0.950772,0.480941,0.658057,0.8745088421315685,0.07428903682571242,0.6049668819356001,0.42404361347552144,0.9934145412444054,0.9490726128835035,0.597197840487675,0.6414572033687753,0
0.177043,0.944757,0.198949,0.6218157277473795,0.45709893048285555,0.2665262027466003,0.2312679773940708,0.6693164819367644,0.36318979811195884,0.8280165934994842,0.36303351862177435,0
0.186325,0.546098,0.53372,0.7986869194725719,0.5217962515277824,0.6900503057843561,0.05262061802859075,0.44364210807504223,0.8215371617963797,0.46272645018334024,0.169477646144644,0
0.450578,0.683388,0.426928,0.9402947210971534,0.8811701238770664,0.25998804305729484,0.10167824720167751,0.6143651583935923,0.7957825939751619,0.7566069797973595,0.915972768190166,0
0.587173,0.251641,0.561948,0.3539327092005624,0.13017300601903903,0.4164664184073007,0.13559857928788965,0.4618444529061285,0.39898031424762115,0.9149121962472089,0.6001642897231214,0
0.240861,0.993245,0.73795,0.3028796227411342,0.977388001014992,0.47752320349100486,0.3101109529197579,0.5486535609075535,0.10486662384398282,0.716826782225773,0.38997907794300335,0
0.0600684,0.766599,0.196782,0.25440047374720376,0.4116711011185942,0.11431098043483856,0.10716148731474218,0.6448274565343436,0.1626525275900701,0.7644214855915821,0.1554111755328088,0
0.499762,0.881444,0.490499,0.07161930576662467,0.04886489788024695,0.5054463652872315,0.6534398581296135,0.795401883729759,0.8109545068285402,0.5114315372657213,0.14407266762536586,0
0.295911,0.569616,0.312993,0.7097322584928693,0.05725116383737494,0.2975495314943847,0.49397400753850507,0.991426002439815,0.4239477503881297,0.14022240681594933,0.504889899858114,0
0.0539963,0.202009,0.683479,0.7203665153899467,0.7694477007620222,0.0015227889717603915,0.9317120358892745,0.3811735514048673,0.7292112219474386,0.3821549470667476,0.975165244464736,0
0.0217052,0.722593,0.641845,0.9588845245172669,0.33888059876054455,0.433158563937868,0.6287574463797608,0.21908349576722408,0.1861493991685368,0.6106108017416989,0.45920740369698476,0
0.638067,0.796465,0.950938,0.7387135267554273,0.7703415337091485,0.25089606595407554,0.01956979301832018,0.5071137214723932,0.03255017963481477,0.4539241723912446,0.90655175538632,0
0.398009,0.286931,0.841313,0.8993250605732609,0.7341943838447224,0.7951820021887601,0.5977902439603363,0.5142815179992879,0.3875868830259531,0.09855167236644014,0.4052856180849279,0
0.888338,0.383167,0.0630601,0.9890762181877457,0.41744572197977203,0.7154457309634464,0.4016352150762037,0.8602046505507845,0.5432324975944286,0.014644586752974642,0.700921804056906,0
0.0733217,0.951796,0.478844,0.6256240492737144,0.9371642630446826,0.8998471923225915,0.44014091946611933,0.03709578930935198,0.28687928376185734,0.40537457601177396,0.2063133060805855,0
0.750675,0.246974,0.226736,0.9378299643351586,0.3273574250485044,0.8098544410648854,0.9185838710613572,0.2416199700030296,0.6711421136778413,0.29907075655650195,0.17377141322538736,0
0.623422,0.958518,0.244472,0.10284110781939348,0.557645417511167,0.5214598259672872,0.01611771150142438,0.22438296051293727,0.4507353787926799,0.7873243483024294,0.3355596322532881,0
0.483737,0.293187,0.737828,0.41115711628596496,0.3333433218509335,0.4903165457280637,0.5605455967810532,0.43819107111902256,0.5274242716843194,0.7401247835405639,0.7410732488904671,0
0.0186384,0.603397,0.152455,0.42202735542877434,0.9516359055678666,0.32988407932492825,0.4260532763314776,0.8075343948741899,0.28264289781854723,0.9790245110892205,0.7779623084310076,0
0.968274,0.0213352,0.29621,0.7056073004871762,0.49612018148822434,0.6904398819782533,0.6280576381057081,0.4690794635814829,0.5191929627263687,0.8818582012595635,0.5109295199354063,0
0.448051,0.218975,0.120557,0.8143676236432912,0.3645180957184678,0.9482728534449997,0.9035527930228533,0.7544749582797123,0.4133826490607331,0.42299725886895145,0.4106892496889636,0
0.905255,0.527959,0.755497,0.04181119812113565,0.8311784696496836,0.06570344787171356,0.44746798226939244,0.011684526517087734,0.17099842121309494,0.9299613173674979,0.6458587751943176,0
0.921845,0.469068,0.644627,0.6804509061701395,0.3599356741408264,0.9798600413261976,0.3898929566504218,0.9364308667993407,0.4999942074465009,0.7017210889059123,0.7978420898247154,0
0.475398,0.495655,0.0831533,0.1638598064547504,0.45777803369196945,0.786936027453371,0.6294035499817356,0.3207561353856726,0.8341315766008378,0.2128814719132187,0.4102040222221538,0
0.714733,0.0476751,0.25761,0.6147876882020399,0.8685058970299355,0.2702713141526436,0.22893803061770002,0.8675290753960857,0.4823505219629267,0.7184357130091774,0.9404493153125998,0
0.381697,0.2479,0.275447,0.8481613281627474,0.27096047117057964,0.08380708730977171,0.8799765551684404,0.4937393898492223,0.44161011602992417,0.6327153341360604,0.339253186391972,0
0.845218,0.661071,0.974951,0.2963470853529816,0.04678452750160944,0.2877143512894448,0.7728664328121979,0.7975977045297812,0.12112486722895122,0.84170763461329,0.9086018281964835,0
0.285682,0.989459,0.461102,0.7893210801884019,0.938287930398603,0.6020415706384231,0.08087313113318739,0.5197711286687262,0.09487863297904686,0.5165661663164459,0.9996732019521533,0
0.000598134,0.966337,0.519166,0.2855343347435937,0.05147399188148816,0.6851538740738934,0.894678181287962,0.11888019468513211,0.5133308682544507,0.4417883641983591,0.08547376103922832,0
0.0188224,0.765534,0.497151,0.597352860072132,0.29696784370287765,0.32299669487003735,0.07154137578091346,0.31456461497570953,0.26477692577482026,0.853346487070096,0.31766951679927735,0
0.973741,0.00641185,0.414984,0.4632076761939877,0.9109281811296362,0.5692710795163685,0.6690079690040222,0.21016934940006693,0.09531112633559591,0.036123300211347464,0.281533092729778,0
0.449816,0.481435,0.563069,0.4243921653492875,0.8179252301967895,0.9030264613167004,0.032670401240845304,0.5343703373976862,0.5374267000268406,0.7370050118170264,0.11511290237156524,0
0.677401,0.633672,0.0658459,0.45628181350432917,0.33738657517786075,0.5889230440241449,0.24021469123765837,0.317590425145892,0.5483265008051295,0.3992743431144401,0.20217794536874356,0
0.799931,0.580185,0.892785,0.23705472104948733,0.6116518236029604,0.4880884848180844,0.8845696557077034,0.38585549819277454,0.1164095021529653,0.588212864405382,0.7866447232895318,0
0.41831,0.0611494,0.969484,0.7020740601294585,0.26083535526862933,0.7688261818386047,0.49219460448531493,0.603006008777164,0.15852228973444804,0.12163547112266937,0.16981093265106417,0
0.565302,0.494989,0.145687,0.17392904385658936,0.739691053383267,0.673029032897768,0.2518636527459669,0.8726942802648222,0.6555746532747116,0.14066201689546343,0.4002463793055897,0
0.460969,0.333986,0.190819,0.7357747343611704,0.038068559818626,0.9162389420685423,0.4168406610739859,0.2778442475881704,0.3190179811055649,0.1543389102030558,0.4688010807635168,0
0.147503,0.652109,0.640556,0.07519053385352237,0.06523392691815988,0.8100961267896166,0.754053858914145,0.9559499578899076,0.6770405804292748,0.35865637387669835,0.8153021046392563,0
0.126251,0.979136,0.181785,0.8720956176604863,0.15362240320591614,0.9531298447088519,0.5087556560794477,0.8226871362200366,0.45960597713248263,0.9534980205837849,0.8467814812668637,0
0.964507,0.636811,0.826629,0.3129439677559328,0.8777098516700518,0.06285347268592356,0.7036231601409249,0.7690417179726577,0.2560186724911845,0.07880191386869118,0.46529077094401605,0
0.586916,0.732053,0.749846,0.3548014007214372,0.4076995852981482,0.340697979779074,0.6145912896582633,0.7810398481171209,0.24477980563315105,0.8984254381536548,0.6160332135409237,0
0.730361,0.744378,0.817744,0.35014203162927104,0.9242928272285263,0.7248670813754715,0.42111110596376167,0.5437186869196768,0.24337422784080465,0.7700188979474839,0.24928189200232653,0
0.59948,0.487111,0.161879,0.47332082971284195,0.6209248534738352,0.32363180936795655,0.22699541595877248,0.6240192595853626,0.809532172483213,0.5213580857491174,0.3136280768736507,0
0.425227,0.28368,0.518494,0.3966780262119468,0.44416015826114097,0.19888320415542116,0.0528014164597822,0.8371099248723765,0.31567407322568464,0.29050644404678005,0.14512647239305398,0
0.879999,0.951037,0.209144,0.39036995295360577,0.015702928151528406,0.18344707947163663,0.06820285450566077,0.5550377873407081,0.6252413404984453,0.13983747436571292,0.8121831778633847,0
0.978667,0.11983,0.967009,0.5435727338065877,0.02383720080442342,0.9120885789847487,0.6118885374549194,0.9657535534694892,0.6505398535767005,0.6855932140162428,0.8314855868599058,0
0.504257,0.974875,0.0557847,0.3913823930998732,0.15763151108615414,0.5131469130805267,0.7499778528678293,0.06201600866030221,0.9370114500869782,0.5450703538461095,0.4445389104059192,0
0.266902,0.162763,0.857434,0.32633413036471715,0.5711075384765092,0.2608764156397083,0.34587211678427543,0.5776441709394031,0.15639382504519206,0.1314473745428022,0.6503113479677447,0
0.623644,0.473953,0.787591,0.3208319584577376,0.38606852333540254,0.27006902262878596,0.9960090261990296,0.6177001975246225,0.7306177759696749,0.6732180103100223,0.5841099850071841,0
0.590868,0.0290704,0.655613,0.13312287287932434,0.18374161443298664,0.8781566187599318,0.11224340848427594,0.0923936865014271,0.16567823253598046,0.7328645495120469,0.365913800264553,0
0.776508,0.366446,0.0370608,0.6239834858618365,0.3751162163627467,0.2896075789723621,0.9246921819459827,0.018184873851411543,0.290609629409876,0.02414520766444428,0.02691128586826408,0
0.840983,0.254885,0.765921,0.8608007243217742,0.13417636019877466,0.6473938293360334,0.8466339625010441,0.4590098955005726,0.6739862663493565,0.8326628075149776,0.9285588515555434,0
0.676002,0.756577,0.652123,0.3596138752891693,0.07797947889009582,0.8795764771590944,0.5433889224358147,0.9370273657436587,0.9188056152987326,0.7878533440286638,0.7932064476050538,0
0.968458,0.452278,0.64889,0.9227406578099544,0.7418481667135767,0.5909672763935527,0.12651171023085395,0.21716173294948526,0.7682705241030828,0.31003756686482853,0.5535302998805163,0
0.804406,0.516072,0.540994,0.18074648809288674,0.18154646618307368,0.08530422565533125,0.4813531088596137,0.9562928568942162,0.4602887977513528,0.30263705973992894,0.7063858888425926,0
0.505271,0.312,0.00129738,0.8877968037521896,0.492548935942136,0.29519314080742154,0.01843540224539253,0.3164677849038089,0.3434843589732204,0.5174385847442883,0.3708239589610248,0
0.0326539,0.439972,0.0514742,0.18163654628312897,0.1813387447453244,0.48337232748151093,0.14690847464712098,0.8189093360610429,0.4070131551350086,0.07149540714071168,0.011217640169321474,0
0.141757,0.822793,0.0948122,0.06652248596914856,0.891894457477394,0.40466223930660294,0.670214223457783,0.29389455804413633,0.21835221889836742,0.4807790274264824,0.5259351785850644,0
0.573496,0.501699,0.536544,0.6251948434875212,0.8111376445706115,0.6119658719223425,0.2425655122605217,0.20501927748939985,0.30918275277979157,0.519082357467439,0.6396324772484727,0
0.483264,0.859214,0.98923,0.7981799696324294,0.8585196441466907,0.9380340545937567,0.36953757597645276,0.3980981321275706,0.8923831538035092,0.7167465901215954,0.09302452978963227,0
0.489343,0.0670096,0.105726,0.8976610741358098,0.1302732488134285,0.11974503008800907,0.9812261910201414,0.6222442242039973,0.6330940731663244,0.45780466994731284,0.7214380416304613,0
0.107597,0.746384,0.428615,0.0950502030753948,0.7578151864671265,0.24168764874889448,0.5167262824254845,0.6085923933268231,0.5461660661404553,0.36055224758817306,0.9993823597750772,0
0.954166,0.357181,0.469453,0.41204015337020694,0.2334257514629925,0.48236074642505267,0.8765746371570549,0.8885271208166204,0.7245350814332282,0.8261374015691194,0.7781192580191333,0
0.579052,0.435289,0.897619,0.8628615800643744,0.9620451218702509,0.14675805661346542,0.25125846498896476,0.7456554064521668,0.011784345731995494,0.22896562345383997,0.23604237532079586,0
0.11794,0.627294,0.466122,0.015599146135584663,0.7480735571268768,0.07014816428511639,0.6932169249496015,0.17238832295837392,0.8195753618956456,0.9727035707651052,0.4628468054702781,0
0.202212,0.490822,0.552143,0.574677285772315,0.31807796435598923,0.006088322174683025,0.22737760112079208,0.01543331368934997,0.13971531201280007,0.7092015294546807,0.8966989545846982,0
0.308554,0.591806,0.363116,0.3656581428441483,0.9444653176247716,0.2181707785662006,0.6118871930330245,0.5133360650756417,0.07394304928749118,0.8160481040208815,0.4970599986951988,0
0.558688,0.897262,0.604863,0.7631002567290486,0.3346038847026582,0.13656801410271857,0.05983141107683965,0.8575369326479573,0.9812119274410345,0.655841719081893,0.015472846993708766,0
0.514446,0.700701,0.527021,0.9055398325503915,0.524136998092803,0.8216910830494106,0.23170761463844125,0.1384438042383067,0.0749504767620135,0.6099490031049039,0.7447762056913173,0
0.903287,0.63186,0.703388,0.20149899767109436,0.2201690813021835,0.9303355717588973,0.9120154362228571,0.7583749387218208,0.5282998935978338,0.28821024419890584,0.3933058901358296,0
0.302929,0.749661,0.854682,0.7847405617573764,0.7846778684286274,0.22474844486359835,0.35572932388624134,0.11008502735939518,0.9533831448739942,0.5249260978948778,0.23309352749817613,0
0.367407,0.305372,0.399048,0.6330991893818068,0.29583119025442406,0.4557263440042505,0.09304034810854367,0.19344766668721547,0.1391203492632328,0.6061571601551747,0.4107711303101538,0
0.710091,0.547836,0.412217,0.24365875181997476,0.9299160308658866,0.6937013657192507,0.3252980992272648,0.4675933365302197,0.34694399753707106,0.6513238817945745,0.39821061246484735,0
0.377132,0.251831,0.523391,0.01545808847325858,0.7425092013728067,0.4082020862640281,0.016075214219768097,0.9441411604617693,0.1664816651072467,0.3189313892900374,0.12695194814588107,0
0.787789,0.329239,0.517121,0.07529270736450577,0.8190903766327896,0.4343100850091366,0.8010414821443724,0.6611484137303819,0.24085970584122984,0.1291850905891817,0.16312553004569574,0
0.959903,0.441423,0.21337,0.7945028692129649,0.3424623151002546,0.13351331019389656,0.19794114257188877,0.2679110821427876,0.35281265661103245,0.29602188787187866,0.9737818835177672,0
0.928469,0.0468745,0.720538,0.10450047917640282,0.578739768433014,0.007916195130706072,0.3817990012034701,0.2544691016505529,0.8136964476590146,0.8428047022269914,0.1333806014293224,0
0.852576,0.465514,0.350445,0.7205559653216127,0.9141354386989229,0.45807864739921667,0.7388349178997905,0.4507179688187777,0.7170454805303212,0.8508268967508635,0.7198796008138505,0
0.203899,0.542409,0.190286,0.4722731907111547,0.6554453398290039,0.42834315850401516,0.13946270501181524,0.41257995564460603,0.26218318582664657,0.03044157185846952,0.3781457689905494,0
0.844037,0.671428,0.369041,0.02022934065143478,0.6209310084380999,0.7411311887919395,0.07573835118836292,0.5122516534111683,0.3243184015874663,0.48772191946581867,0.539575486900812,0
0.117752,0.725701,0.44699,0.6522077315653587,0.0028306218185365495,0.09759068681319472,0.4417235368269212,0.14880982190783854,0.2617108217292452,0.5232334416092367,0.9584973706068391,0
0.0643651,0.436348,0.160002,0.6665123059773773,0.36092013192133665,0.22394608269171723,0.3714769485747925,0.990473833658589,0.7735028891490137,0.8093243690251088,0.03853482358977578,0
0.587779,0.677422,0.653786,0.8594540524434718,0.6256845992398593,0.8510506598976636,0.3155192679887703,0.22967291549685465,0.8112048164556933,0.5781412748727499,0.43696208557512795,0
0.926949,0.213156,0.930579,0.3755515525911164,0.8910473862428625,0.3899948029819451,0.49769562858931327,0.3328084303387022,0.4798208093451679,0.5885111766484744,0.12272180018170953,0
0.154035,0.345555,0.588852,0.7361165443482669,0.830271977243872,0.29452968655488343,0.35423766730284734,0.896410664084807,0.5181516504089824,0.07196844856377294,0.05842823394632912,0
0.226481,0.00786216,0.741736,0.04136654848113863,0.08846348366048862,0.7203464905209858,0.7125679626041033,0.7722814026021517,0.5983084249045806,0.17779450164615684,0.6247620911240935,0
0.580855,0.638595,0.432068,0.4892377250462042,0.38202330295624165,0.23018799381966948,0.8153455452530918,0.9049942114279483,0.13268252783996493,0.3939744643667755,0.1550681604960341,0
0.591169,0.0292932,0.259648,0.32938609873533,0.5535833286395403,0.6826143334687358,0.6559658218371903,0.9618431171566093,0.04231380980855415,0.5813039748578898,0.6555040412010662,0
0.488278,0.101471,0.491108,0.4465485167873915,0.2858114418293186,0.38230330875938257,0.7577841892419622,0.20058571993449126,0.11361700593941915,0.03591917152090407,0.9056404962321505,0
0.29063,0.345834,0.31618,0.0018454363579811783,0.5098353925298811,0.8808510839390239,0.3885770578200384,0.3776107848427571,0.6572780981345914,0.8730077626973919,0.669634778182871,0
0.135955,0.570585,0.859833,0.33974715660800325,0.6365181904856889,0.6462694660203168,0.9918402045395099,0.888722379617715,0.409140043177462,0.4615405893048413,0.4810277059563245,0
0.285991,0.452171,0.4217,0.008806040734264386,0.34552381598627446,0.44859964844429023,0.6173586875966977,0.7124488613525717,0.7362217166472624,0.9936024184528549,0.9818624867545328,0
0.655344,0.794025,0.81935,0.22122619663124077,0.8461193524718926,0.552563455559385,0.8054113395957895,0.21609298236710484,0.1302342256955208,0.8474862905862807,0.20198723445909117,0
0.246892,0.723251,0.47999,0.03659395443797153,0.1417103374584443,0.5784002293349806,0.36098133759928275,0.6251641573152218,0.6197024009870535,0.2585496434539857,0.7906254309507885,0
0.90297,0.201945,0.45771,0.5847217015086766,0.8787567284181901,0.9348460474341614,0.42202944720115954,0.38838931152631184,0.9942010558864456,0.40705878687526353,0.8079000287586696,0
0.199243,0.218611,0.103269,0.24886608472095706,0.12308938797607183,0.11524161369849018,0.8492302723346642,0.6643298739734522,0.9727714027208083,0.5633704203096122,0.9185489973636564,0
0.761732,0.558888,0.304585,0.22049468350651957,0.4765203493832525,0.887576132152211,0.7832290564975216,0.48693355796212257,0.4739220616263825,0.5233816214965679,0.9571150629889995,0
0.421513,0.611908,0.00314813,0.1339755507447481,0.21967015350317143,0.03253311806522807,0.5504284294273413,0.25986784597679846,0.6175709327826427,0.44500621699260556,0.5203080501071646,0
0.649278,0.634636,0.800148,0.1728339765873218,0.4857895757003273,0.730856914266286,0.5772851876652348,0.16177427583154036,0.36915377809756167,0.20868493908446017,0.3263506047782293,0
0.664563,0.111862,0.344866,0.4858439608971886,0.3007018817169548,0.4120994681241401,0.8004386788747001,0.7552748017003929,0.18227821445117898,0.4071841327975889,0.5546767891723828,0
0.772619,0.412607,0.763861,0.5093377535156353,0.9471878783810653,0.519730606854265,0.22178664066962728,0.6500772256532353,0.9516984433591787,0.48442494019987037,0.2560312924316245,0
0.719668,0.322225,0.93988,0.42571124430091234,0.7599350536147181,0.09981435694857121,0.3612240378269814,0.3635262324812647,0.12378881406148412,0.1496155702735369,0.16362280686288855,0
0.913734,0.0963079,0.197448,0.8211879661905578,0.3235892185426288,0.9952224323955637,0.1436251344119427,0.5922218661327451,0.8090345986216532,0.5524332059126104,0.9921558561204971,0
0.981243,0.677805,0.00233705,0.9130117379803844,0.9335517783102854,0.5084148535233813,0.10222408832534213,0.47626408830736267,0.19652771800953917,0.7558538462686195,0.7235004353495208,0
0.00495317,0.966227,0.840897,0.90688080058638,0.5112459185860565,0.2368430565820746,0.30610997235585446,0.7438771633780672,0.6387171460892256,0.00491335026526496,0.23957687374712688,0
0.506735,0.479626,0.848446,0.4899222888810889,0.48675928851967953,0.07860025536169057,0.3297821474236704,0.4102292710086862,0.16255755692436502,0.2306488861210636,0.7111727112475038,0
0.336344,0.602874,0.881565,0.13497950301248507,0.2194107691085566,0.09944360804281938,0.5037822442988343,0.6535768218609311,0.7491969925941734,0.9070088459254981,0.11037360809762575,0
0.884228,0.106895,0.595208,0.9157072170926058,0.8299387322977925,0.2221278675895586,0.1587439927959695,0.21724920073655507,0.03423461405216699,0.04020042771920562,0.3892759348016105,0
0.7493,0.888757,0.956307,0.28136985143278526,0.2864257727296845,0.4609421719970226,0.16616173771679166,0.5755562247297558,0.8689305591663906,0.1739556699574495,0.7881583442683726,0
0.887602,0.986183,0.7185,0.04524242698370595,0.24342911824402025,0.4388513189157339,0.13116896192560956,0.03336979767195636,0.572830364369992,0.8632149058179933,0.8635274116776651,0
0.476605,0.35196,0.872375,0.39661784856338056,0.2660138635102208,0.4021567690130534,0.5700548013803723,0.029137238759233575,0.19086879968206938,0.05651202764580987,0.19626117462790982,0
0.341707,0.00126728,0.369834,0.8383121085860061,0.22449236480846302,0.9384396763301597,0.7672863578938905,0.04075931352697515,0.42996264926133587,0.5275798058314988,0.15254871116518665,0
0.858694,0.770176,0.928868,0.08767359755593207,0.4628958041553989,0.11843158274880206,0.3360200483051764,0.13721937040034282,0.76085611809551,0.8403325165774368,0.36949289269002483,0
0.956475,0.806902,0.788009,0.8268542552660745,0.6926037708236868,0.30159102249224257,0.755599082165524,0.2087577147094849,0.9254960617463813,0.17957652944835056,0.9557197688788327,0
0.206504,0.894265,0.120882,0.8933888684060303,0.6680505567214858,0.4360826310666053,0.49412014112549496,0.6698438623556405,0.4911869997321332,0.6947980869747834,0.012321997305499321,0
0.00204827,0.324243,0.643855,0.35035978657884737,0.9339563347571719,0.9571519105438698,0.13403621890863604,0.5199786119507421,0.6119409086827126,0.6173734350094783,0.5346678163019394,0
0.599518,0.873294,0.995776,0.17590648585612223,0.6228853242003414,0.7939028589866973,0.5586380018140429,0.5184440307314145,0.9523617471412757,0.8338639353613132,0.9359597007523317,0
0.685822,0.87938,0.588631,0.20411319584404253,0.04684914170219534,0.47920934838245544,0.9479697837478933,0.4415640450882775,0.2987362317573282,0.14481325914892562,0.8706689910633981,0
0.0104007,0.980364,0.863894,0.2358502095388112,0.5118775098139617,0.39826340714214026,0.6153662463881179,0.675913456110247,0.4975668412665447,0.5456022128004846,0.625111619353772,0
0.0203795,0.85036,0.0612306,0.7268780051437829,0.64230014142614,0.8487837586676515,0.8653516138674103,0.15370888540831718,0.21793968646527095,0.5998132207064362,0.8106197851450183,0
0.120867,0.294277,0.685979,0.36537891020577884,0.926772364099567,0.13751867266008588,0.04384739316106767,0.3667629265624158,0.5151255769260314,0.5307399159209572,0.9816873398806819,0
0.39781,0.784069,0.817417,0.009372358687492977,0.9216111273629121,0.15579780739840943,0.3645934700495258,0.05114078990944393,0.13362994695600827,0.3909434424007582,0.95725435937295,0
0.361826,0.334734,0.787991,0.32824205109628934,0.8345779660803946,0.14679799069008603,0.8488575521916794,0.7703093026382737,0.3713442675483575,0.6538811456201146,0.5247487849246771,0
0.211538,0.188018,0.388339,0.9545392754635592,0.44279135698884564,0.04110777098052254,0.5099641888339493,0.8367282990345737,0.7833868773792778,0.914187580042839,0.4689986472066532,0
0.800318,0.426256,0.398353,0.08933380295708082,0.6629887849211565,0.5378260608529769,0.44192335106808833,0.3985414763168934,0.1922852219631358,0.513573755551879,0.535366524622978,0
0.719911,0.0621503,0.506281,0.028262439074132617,0.3253787645760784,0.6970103367740585,0.9622604418353603,0.636173267604142,0.13478390064356116,0.03617691829578373,0.46470917012061375,0
0.191507,0.20623,0.668514,0.29708213628781766,0.01614821175115977,0.3206292516182122,0.6717326358934248,0.3026865307584665,0.5569835815202998,0.3876877550661523,0.2417872881312252,0
0.27906,0.270808,0.144887,0.274890069595383,0.5598581367670773,0.4626663162419258,0.8723400679990436,0.336164157125986,0.44642120446308187,0.13615280215766556,0.4179097495594478,0
0.122729,0.477027,0.114607,0.2069036297835194,0.4085285173488412,0.6218699305388179,0.7810035235552415,0.07403116955881062,0.9133652233806027,0.5290067552348005,0.4478525846860181,0
0.932468,0.433241,0.196086,0.27935148025493073,0.8456744371076107,0.9753483373605493,0.491502799801356,0.9814547079121771,0.294967221516214,0.03987172817176854,0.23294768845873115,0
0.773699,0.233346,0.622557,0.10820157423777754,0.7624358252201999,0.8875274559647459,0.9740862996042393,0.22818504591661815,0.037817818676514126,0.07976792204026084,0.45509011267005206,0
0.0217688,0.741358,0.271694,0.194144712798623,0.18836225073610968,0.9323598127822718,0.32167125315858835,0.3675430623971272,0.9023298837578365,0.4466258853410713,0.010083693985228681,0
0.97378,0.502248,0.490828,0.5223531914062016,0.861569140781368,0.9719747532981708,0.684766296279314,0.02612892443091719,0.4333682474028565,0.3555525366666693,0.17076693914555052,0
0.143477,0.771748,0.65074,0.47342366720242923,0.5135158807236723,0.20697871385563327,0.5771099332195914,0.5961205029822613,0.27032090943093945,0.21459847188801184,0.36657596143082005,0
0.89786,0.151486,0.166592,0.3021351999325864,0.5546795464635036,0.1498144137568097,0.48218649428557514,0.7302906856362726,0.8561867345322998,0.42492590284530085,0.4152223689529523,0
0.917614,0.0638036,0.38315,0.37866219265692136,0.8074856139805731,0.7447013997678864,0.41785182465886506,0.8737669233948582,0.46437488501723545,0.0637780027970195,0.052882173357227336,0
0.532373,0.836458,0.474305,0.8895686220573725,0.6579394154653987,0.21330332986034983,0.35296587281698577,0.07720822096747881,0.24533705265152683,0.21112489721422845,0.9132596398852437,0
0.607847,0.846553,0.0343001,0.4011616672837781,0.7093378323986611,0.27379982617084786,0.8662616264653739,0.12522520025390615,0.7426475397228051,0.5280774810853083,0.07106550152837843,0
0.265613,0.975468,0.493964,0.3449229861401306,0.4502150599019453,0.5876404885996037,0.40171728151252806,0.9840359516625857,0.26680825833597355,0.5153701416504675,0.4990039143871744,0
0.810045,0.475161,0.987121,0.9307814565195831,0.3902332087442585,0.1296622456023262,0.4444889560493802,0.3397206826113377,0.4818041852026762,0.9511164477232273,0.589253197124038,0
0.748555,0.526265,0.482825,0.9216798669382016,0.38086888771404814,0.14755286963575964,0.20563474027023232,0.1753304352275652,0.5346984599747822,0.9041974058131756,0.7641297243479936,0
0.1871,0.233488,0.370895,0.5655627643359167,0.15489998002933125,0.9569871778152288,0.2660842101540428,0.2982845901732819,0.47850941333464836,0.47418158351534556,0.05985554601535348,0
0.761238,0.190394,0.051805,0.3725921423682166,0.40149263494248877,0.12074086609183521,0.15925938352041435,0.08137494973238357,0.8521699285179505,0.022619230535476098,0.31870474606034027,0
0.791232,0.0465936,0.540334,0.44719351464352575,0.7977310133029573,0.9533522088910444,0.060444225419648445,0.998736910829283,0.6206612104416733,0.18683181817896388,0.5693520100693763,0
0.541192,0.968538,0.258584,0.35097315357704617,0.02503949585629539,0.895990617909459,0.14790672167775953,0.6531994645420794,0.8689846644954997,0.138275513537772,0.8961384409269925,0
0.722866,0.865519,0.69786,0.8515052580297828,0.5117241807369709,0.3103714381851186,0.895830576173988,0.8309885903820938,0.04189519831795052,0.6000641813658067,0.4063924257876198,0
0.737105,0.963912,0.789291,0.49780967177309443,0.13246040538195492,0.9102450159987692,0.7070184902436819,0.04365575934760302,0.7766986901915909,0.501512371665039,0.5519883530286069,0
0.989101,0.493874,0.863396,0.21869888387708103,0.9365743044132168,0.4232552615794759,0.02651947993546655,0.902282658919014,0.43717281068305147,0.5207489770240685,0.6474212123730497,0
0.858548,0.240879,0.511158,0.3682415159473037,0.5718752378021894,0.38587727328763455,0.06803974984223005,0.14266544348606336,0.33389599634965816,0.40599362427016594,0.08922382297516551,0
0.38451,0.704922,0.275812,0.8435277624444315,0.5215432379942192,0.1497794643364777,0.10306000036641672,0.16237167451364876,0.6381005041545945,0.5966760498122935,0.8483327018358208,0
0.179776,0.598317,0.730021,0.40656346016414313,0.36095406333993807,0.8544468674789139,0.9923040942251921,0.5688490175664729,0.7725889911470204,0.2837877103964861,0.9651273384838743,0
0.255907,0.82057,0.396452,0.7568795013660108,0.7033418137762361,0.977136452617475,0.7785682156394319,0.9592686838393473,0.989520646202897,0.7230897282204266,0.014665602514715714,0
0.053997,0.876006,0.933754,0.27004049106119443,0.2821603509240299,0.8370632620169983,0.21614680373053097,0.20810724227103428,0.6405547513188831,0.6162154985707227,0.08287878338928312,0
0.618517,0.490658,0.938781,0.7538046753600255,0.10827771058801139,0.3041777705115267,0.37158814857505373,0.7175844516450608,0.5597336357870274,0.8994903533002998,0.020562452944880127,0
0.571113,0.126815,0.572864,0.8249947894266538,0.7368159855953295,0.9255140712767177,0.8274285332753626,0.2122481401172822,0.26994204398538524,0.40382537990897693,0.6711985219784478,0
0.644003,0.062613,0.0232729,0.5757622558199055,0.23519554914367324,0.7022191371633314,0.5393296172238156,0.984458112887908,0.8758089722161332,0.02269195150309322,0.9003029477100445,0
0.248357,0.104295,0.701178,0.5071447108749251,0.3359123196576722,0.6092844627287312,0.29765008693125794,0.11943289640708021,0.7404179930486117,0.6052733119428169,0.6419916059085795,0
0.55458,0.339563,0.54061,0.10432856763389331,0.39767418132957255,0.7753839004382691,0.8345765745315599,0.25653518508936124,0.9004260220651967,0.9449228952214729,0.9796489823521951,0
0.22168,0.738746,0.301932,0.16183342138430523,0.4389290542103308,0.6816212264042429,0.0498317237127085,0.614414041862948,0.7850016065864034,0.9205267528594798,0.12882768589398497,0
0.692742,0.0408501,0.827022,0.16476947919531448,0.5736538976825233,0.7731836035596609,0.4610195183035084,0.016139444987527396,0.7377892842810657,0.6410730226998463,0.7121637002365006,0
0.512292,0.882239,0.0202466,0.6891172850384265,0.4403023300501193,0.2503795555742412,0.9357512694757123,0.3539419112174119,0.3857835651228202,0.07377366885754111,0.6359137571290562,0
0.850057,0.741213,0.102831,0.46374188871071653,0.48952880857642134,0.25358700663773415,0.4064575979998297,0.3377293577011017,0.007410179506678105,0.5568036638506705,0.4537999404570088,0
0.667941,0.317379,0.663474,0.3447781911911053,0.08913659057821244,0.5070235278801238,0.28492123642720424,0.688327841707173,0.6547387125351026,0.761735274689427,0.6862995452082207,0
0.576962,0.127724,0.622967,0.07988709202395039,0.9462902593940017,0.45783023762540564,0.49638696788089365,0.8314139302390129,0.6034958079460156,0.24939531533782922,0.38053892050533444,0
0.510761,0.586167,0.134605,0.7803469664011597,0.7054293988473528,0.06244837467715969,0.9756453876176303,0.045805906187783574,0.09135041872832306,0.5481328816884901,0.93890824209404,0
0.329117,0.684223,0.800378,0.037361892691720744,0.0716774595117422,0.3507060391826078,0.5835944082809721,0.3018701385705851,0.8866743032398016,0.6492921822090872,0.8575749607327665,0
0.524022,0.87401,0.393204,0.527460398060352,0.7821154843577063,0.8847463181537766,0.17477341444738548,0.03711338223037375,0.26971773574205793,0.4965841049027766,0.44887084277692024,0
0.954059,0.151057,0.509467,0.04998699717001531,0.9352881259433954,0.4705374563801942,0.22552768924778233,0.5001336668898414,0.08713505291643708,0.9433204507821821,0.27012734871140953,0
0.332717,0.811513,0.613425,0.5189627023587187,0.03758534646477829,0.16662919581523516,0.25658095218442134,0.3686321273951003,0.31657257498403024,0.9394648201122026,0.5544822303346297,0
0.103606,0.959193,0.175833,0.589310983906481,0.019572211402783646,0.5197694692788464,0.5422590029278048,0.6387181651313194,0.2960529557035978,0.5066245145715969,0.9788928445062054,0
0.643768,0.755871,0.221637,0.8199818930575876,0.20103368234303187,0.12930803542208524,0.18185380932991324,0.5064616013149982,0.6381321887265642,0.11802195187976061,0.6172484528428375,0
0.250018,0.0445538,0.915358,0.2598187924688765,0.7924658622822003,0.38383596259836406,0.1907416024108225,0.452108284473947,0.8885040421945969,0.923036615916818,0.9376818278305197,0
0.380959,0.744212,0.0518224,0.9634867803532818,0.6557652267891443,0.610047692375936,0.4891830642629733,0.08178232034375643,0.6333472482406796,0.5265192804935321,0.6746857800450411,0
0.466681,0.195296,0.77544,0.9843732615381003,0.23596819014954418,0.7703942530271898,0.019434838176232705,0.4698062841786813,0.9021004032546138,0.7268380230012541,0.39632712596547814,0
0.0570415,0.744645,0.589077,0.10463928448756987,0.700228490501581,0.3634423431286362,0.27045049354445616,0.7563221921202483,0.07780863324097986,0.8739070425148888,0.7132047565621125,0
0.235445,0.110497,0.735568,0.10438796861633381,0.5664922820752991,0.5734507161966724,0.9175223496639549,0.06139293648990518,0.9196374740753627,0.46939504193626236,0.07025693014717116,0
0.638984,0.51255,0.051258,0.10692648356044387,0.7703904770908594,0.9941589223404255,0.9701896424366403,0.08840682277914935,0.12704834807944465,0.09796849106091132,0.060495169040042485,0
0.904484,0.670122,0.810565,0.3345984573229489,0.4623966860600397,0.6636239092821988,0.16919596967294392,0.5675939294614358,0.0715558611749928,0.5394308447036182,0.776370577859566,0
0.420109,0.208153,0.229302,0.7501505836362984,0.2918522643064535,0.5797316218734131,0.039079529507485056,0.2686079611193295,0.4543975983622479,0.7882288163154402,0.15742993355036905,0
0.13606,0.48149,0.532876,0.7822480763640173,0.2176542775850182,0.6749383726938609,0.38610288819347116,0.26220048773601123,0.22359157089311998,0.30961250190661505,0.09625832598610995,0
0.255414,0.46951,0.648828,0.15966818769240465,0.45658299838951777,0.6639965473058451,0.20352220046277525,0.7123650482858136,0.8489686920698147,0.6969824592569327,0.9225668973620522,0
0.361558,0.0743811,0.0104823,0.31075890425961816,0.24568138264725736,0.7578744034365262,0.366327037156583,0.9844264296927288,0.09540029991973664,0.88595761187046,0.0800111085165941,0
0.48477,0.340745,0.06725,0.10249329514370353,0.37665242894961437,0.9136225436262272,0.26725055042662516,0.44630835940541325,0.9037658175371627,0.8151916598106139,0.8963610295273928,0
0.507734,0.798152,0.447126,0.4319753909404741,0.2357134671562816,0.17921512275488372,0.009650532880082552,0.47163954977943845,0.5547606663531633,0.7700538541347597,0.9818809401370227,0
0.00565284,0.666461,0.14032,0.5163953755747178,0.7237098140097711,0.295753852014776,0.36683413767850925,0.48274054825378687,0.8692059486023684,0.364520107590526,0.9314726377452897,0
0.067937,0.0748341,0.82469,0.015618144702392756,0.3086315776027746,0.8904098177563871,0.9034475641508231,0.42485955587039126,0.20814574285614207,0.8947930591171543,0.6683340489426297,0
0.712868,0.857772,0.378237,0.3023007772635886,0.6179500870557743,0.3576959358528713,0.24780197532514214,0.906843454235975,0.21185156361505997,0.4906366083598701,0.6545151264667913,0
0.47791,0.298467,0.25811,0.4508690806524611,0.9701233480084178,0.4802649929198004,0.9416460874818082,0.3201895064764012,0.6675753452165457,0.32002159479097503,0.9305577694778637,0
0.790103,0.762053,0.455023,0.5647191153380087,0.9789438383839245,0.5905669816100668,0.854462476525008,0.5964196797596689,0.30286866398921863,0.7763100815001426,0.9317469475025283,0
0.0447528,0.982415,0.818112,0.3080282348825333,0.525564255817254,0.9909790379035097,0.2509938923655579,0.1909875420905085,0.893126452729496,0.9610239210897668,0.3987504645254665,0
0.80689,0.785659,0.703564,0.9332840302944568,0.7839545021454418,0.7307404788237378,0.709583431510347,0.1654526855084073,0.4310994125748516,0.9281703992299127,0.29039810368445484,0
0.241551,0.528867,0.968439,0.036175616203602545,0.9889542846532999,0.7028959989294599,0.6633808026131334,0.9670396640624451,0.10787106224471421,0.8046488816604449,0.3387464225336475,0
0.315892,0.153237,0.149435,0.9409266292221332,0.22704512534515164,0.7139746505595475,0.29685600092856335,0.09117064023442945,0.6968358393990413,0.8644611867479788,0.20826773776725904,0
0.964975,0.052256,0.977555,0.5305069788586319,0.5206252501988742,0.056949976019418425,0.5505497092777655,0.1068017861466265,0.9415322829955344,0.42558353351460665,0.22547648100640638,0
0.805595,0.810034,0.360805,0.38242751442343825,0.49079624960778834,0.7587768040699872,0.6931068320173723,0.9051740107328978,0.7689267993161438,0.5945530087114246,0.6735128351257952,0
0.4132,0.12098,0.640994,0.06045334701140781,0.5107782642268807,0.4838634792395543,0.6780848750984112,0.8772401175894755,0.26245774195335203,0.19990893477882576,0.6213459825703301,0
0.563586,0.340458,0.497733,0.41924494723860284,0.8518043556255382,0.010890838055428564,0.22738395514989906,0.07844402293397756,0.5971303903245094,0.5747961206047807,0.7025412886784328,0
0.580271,0.794028,0.694127,0.6353259246574964,0.4845143531816274,0.9107585195940263,0.018796016924816916,0.15561959008024384,0.23645571969358326,0.36806154577880335,0.14849711493007,0
0.0145735,0.968255,0.449398,0.48139544546104285,0.2965952543738113,0.2584475495169356,0.541678182233108,0.8501816948601476,0.7498578884997251,0.946311561757208,0.6607487094274123,0
0.724449,0.461882,0.984385,0.08906868710545968,0.758552848042086,0.8698299913360332,0.3248644293782844,0.5545253296004224,0.5346735684631447,0.9908832685625928,0.8072771175843733,0
0.562904,0.0526826,0.671896,0.7547195652668007,0.0621885525629694,0.31386310716436716,0.8517526516896602,0.7925795759022667,0.27482048280592486,0.1711300762414676,0.2996862926150661,0
0.0168726,0.202587,0.119823,0.5539024402781719,0.011085562633588175,0.17521690512459576,0.23956085982958542,0.24541694907754408,0.4189767179696995,0.6040638744246984,0.5683927473970541,0
0.461285,0.866722,0.378191,0.8098980148851246,0.2196861176031737,0.9861971114389181,0.33310352806053456,0.7178179927020543,0.6836371433160642,0.00909307873141274,0.345624417916206,0
0.849546,0.347238,0.131,0.11584105945666945,0.2005264374743414,0.42541895945758934,0.6999188256354372,0.14239458184989795,0.9423110076733494,0.14126059143459635,0.8334167689452533,0
0.564784,0.800897,0.272849,0.0687968383989559,0.3577299047366085,0.0025795175126351877,0.060605810167913665,0.9512576764191614,0.16305215276728058,0.8426799372537374,0.037877674117251625,0
0.0851895,0.500128,0.117324,0.7248651173480557,0.8379928800634225,0.45710404891360656,0.7273010125029511,0.5945353906150774,0.9259093429507307,0.008159790056727623,0.27998707320036975,0
0.634665,0.494503,0.147862,0.6700854968064112,0.007930116846538993,0.22762787927613048,0.366071504270001,0.09508429329866375,0.7819784716818191,0.7834370972297082,0.4269489996344944,0
0.806784,0.620273,0.106864,0.0045807634965524535,0.2339064884377512,0.7119945064752683,0.30627030146380807,0.4279186896679118,0.6901161957141856,0.07005340155235318,0.24482856034407363,0
0.495987,0.626199,0.442524,0.053799892688845,0.06165603692458188,0.10933697843545354,0.5535272431996682,0.7417525576179491,0.5590350797772894,0.2746574936654089,0.6716231179756402,0
0.391438,0.95342,0.0647721,0.26108563583276223,0.24896261266112407,0.22633082335176646,0.2448089716912809,0.6218933713327753,0.1992790305970581,0.578790641079894,0.10674501550801119,0
0.890539,0.629024,0.846129,0.07550989137966313,0.2576700298672756,0.0947218499086726,0.412332426978678,0.9369844231078882,0.16874095981323334,0.9630907410454878,0.7314420229577974,0
0.369991,0.436457,0.921074,0.4527245134462047,0.18759736408481564,0.7416856561353504,0.5160576580888911,0.36033433625313815,0.2145689057016199,0.29296636826605826,0.19811785623900957,0
0.883458,0.420196,0.948181,0.18692136952550953,0.6110299215734701,0.039190996979531434,0.6805546520306256,0.915470175183922,0.08753488540684251,0.8696889745393055,0.588437291323816,0
0.645945,0.656744,0.760914,0.3721308310018191,0.26490234560197057,0.7710186046024519,0.12955615752810778,0.18351104685759023,0.5550023418443628,0.9582059620002528,0.5288982951875744,0
0.271928,0.682469,0.167787,0.7927720742102606,0.5405201485214887,0.41836501924101,0.3023453306577283,0.3823597152660838,0.9639387364137441,0.10183826728981249,0.6759661057249864,0
0.417357,0.772149,0.885025,0.28784279653665035,0.3928840285527566,0.799688361213229,0.013967822610392422,0.34871966790537035,0.7173094171549584,0.21622177540324417,0.389079938206214,0
0.427241,0.365072,0.274944,0.8140071019514431,0.7763960928964384,0.23089479572059912,0.29683328593701186,0.5775221348502215,0.22057653106310882,0.9460639012593506,0.16461020186184938,0
0.652488,0.0882777,0.753766,0.5824946157842015,0.1919677341679259,0.9781028339774254,0.2409017210057085,0.10466224528572021,0.8424308847152714,0.224340869502072,0.3882526752915565,0
0.351121,0.123975,0.787008,0.9974223458310113,0.0582436661491359,0.8667742581560475,0.20336829165488846,0.6445978577342433,0.3821988682304751,0.5774756759079701,0.22752313853507755,0
0.81301,0.530387,0.447151,0.3690383937126882,0.3275057602187379,0.8222674896952004,0.42382823569916717,0.1806983863474999,0.3579787700718693,0.054980747398198804,0.22067439500403674,0
0.443346,0.546661,0.227126,0.42784287567019275,0.7126628293760805,0.23212649179267353,0.29837979940628334,0.2389170872927462,0.9209787325269201,0.0994940179504128,0.7484690701521701,0
0.165954,0.41197,0.72561,0.8802421486628424,0.4861307766071381,0.33356675003949443,0.7481862478836231,0.12074685793157258,0.5182540104488788,0.9157848781172442,0.5705703805581436,0
0.588148,0.6969,0.290174,0.9642829822732573,0.4203954490355355,0.8017788310730036,0.7325404733828496,0.05613643545118696,0.8119693471037203,0.1516419709734662,0.7776523182331097,0
0.663505,0.5504,0.346175,0.8382443756755703,0.15177508645786908,0.001283505473417823,0.4105561811373898,0.6688361160503998,0.025883244539619765,0.09539126074100535,0.5698976559759882,0
0.273721,0.398948,0.457302,0.53017196941227,0.8228183950724844,0.5111289988182374,0.28867624596039376,0.8274220129509987,0.358653280534025,0.40536592673367655,0.017781317989642442,0
0.111035,0.237681,0.480726,0.035358864577684446,0.6370466324800989,0.2379369326935855,0.2833371935238448,0.4003762562124418,0.44790785851526893,0.49839231944914975,0.501756682367022,0
0.204941,0.00612343,0.249751,0.1942468448721838,0.7427676124017182,0.6508516724574669,0.9802684498330579,0.04265021389312584,0.9275012028195405,0.1532488442800729,0.5669115900039894,0
0.00430472,0.758,0.452868,0.23902662492018256,0.3585017662916413,0.4288821326923803,0.4074095652917953,0.8145201087564947,0.8967389260417897,0.12472586517528028,0.15671444096319753,0
0.923543,0.339603,0.894934,0.4092356591623342,0.7650308164028562,0.9910559143766688,0.45711567346969695,0.860718128128417,0.04251706539557709,0.6422863554777565,0.2314974923725862,0
0.661154,0.120368,0.456234,0.23498820631907813,0.33568228572140213,0.4223182593529051,0.6636277144040894,0.5457740021145533,0.13111370348286144,0.18974485692639265,0.8338625072017585,0
0.579773,0.510352,0.181172,0.7261003459773525,0.02543779156086179,0.06526770883566846,0.27463663678798467,0.17020703355979838,0.13091973357314568,0.9748022143436764,0.18145852205867563,0
0.772675,0.907518,0.104436,0.7891256571335095,0.7509900524095732,0.6325500993410411,0.9336847973708969,0.45353722928817986,0.805327561209417,0.47916844324276675,0.870809924640515,0
0.0123691,0.234911,0.211262,0.6861146732871137,0.8610484802400681,0.7629202370930745,0.8980386216983072,0.7688698208612933,0.14637524543907077,0.9745545170444911,0.6886108505136599,0
0.84251,0.89731,0.101632,0.5044277487797895,0.7344698799141989,0.0981586280186949,0.11118529166880509,0.729802792694307,0.2005670546045616,0.8526395461324722,0.288369555924489,0
0.103209,0.961352,0.295147,0.7871978012759305,0.962605925446964,0.2651987626684792,0.26236506536094195,0.6829137347409845,0.8280139365155649,0.18283934286101722,0.048493933188256566,0
0.419437,0.964921,0.713691,0.9357638247939999,0.21919688345742216,0.5569612926152697,0.5071090716865648,0.7290881351901811,0.25846163428034963,0.9236496762953695,0.4347622280895437,0
0.163147,0.404637,0.258378,0.5921424401422343,0.23063110424967714,0.8867352910836489,0.7659014008340136,0.029367208372000686,0.38238474674962875,0.9200554565641763,0.13322537280844893,0
0.720211,0.875503,0.524182,0.7621414783921064,0.44913516042341173,0.5401375630939923,0.37590008412148956,0.4514934658980231,0.2753262642303018,0.8356865325700419,0.5067463780553486,0
0.532355,0.187436,0.528834,0.8259955297341065,0.11195064307616764,0.276209783339151,0.9379744870563357,0.39318049532512434,0.9671420710689488,0.6905756630763407,0.9934422194355303,0
0.543664,0.315496,0.743179,0.3989014982857595,0.1465338579809401,0.46436051600606476,0.35915826766928804,0.6610850606313183,0.38519287926818324,0.7666750932462042,0.9757270697101795,0
0.171357,0.943112,0.179446,0.7795558914188372,0.43799838587619455,0.7859025172005544,0.4506294779286988,0.2505280282451251,0.3874242160339617,0.47150250715467656,0.7422412244623535,0
0.768914,0.405957,0.284899,0.47881054110077603,0.28412773811277003,0.6463400994494626,0.49185081293778565,0.8731927963978838,0.6265882964748116,0.6649026608621421,0.8798321479917682,0
0.408966,0.233722,0.62438,0.03894640467925414,0.772576681529923,0.9470838136324587,0.6219555030206954,0.8869796435058158,0.7544664419091103,0.8824368017931932,0.39585106724242125,0
0.32682,0.0944573,0.917989,0.5722003356342679,0.40834764071223084,0.46031506048099147,0.5537639863763602,0.4056674973403903,0.12974324857794461,0.38130592191034685,0.32696024539974966,0
0.337342,0.626737,0.471823,0.8905995593702574,0.2633352091572556,0.6953872923324583,0.42815575125222305,0.760026373287949,0.15850400951637045,0.4303033368745772,0.07158312084707141,0
0.765131,0.956285,0.44734,0.7115500674664437,0.3607683428818713,0.12402760558733084,0.38260074687991963,0.5770839964581492,0.10071638825383833,0.5733773070430044,0.9768152128441256,0
0.640395,0.0170464,0.507799,0.8554827048806125,0.1355371634171323,0.0018127502943557916,0.5214451833511795,0.5892229200890976,0.015594582179674576,0.17842528032287874,0.5179819243205984,0
0.355609,0.0280422,0.564965,0.9118265503566437,0.05112085436057434,0.20238089630894973,0.36173624993969655,0.032657687987051265,0.44591191796743934,0.7471430084567716,0.17743879903409543,0
0.7715,0.519137,0.360607,0.8564981138479336,0.6361608929541046,0.6862812289339302,0.05421511497768905,0.9649530037621228,0.7130675253226281,0.8743057302705416,0.28994728423478355,0
0.858118,0.0278913,0.957166,0.9728672475575995,0.3385690239267186,0.397945174154562,0.5890802722306219,0.48991947343049147,0.6753970127556758,0.031112885408470903,0.9309804262193647,0
0.99847,0.208894,0.812265,0.7603201511722559,0.21943645740161544,0.1530420177417091,0.7341687238400167,0.25296362215904056,0.45360963473486904,0.9192235504197482,0.8546123551916401,0
0.199854,0.0262634,0.824637,0.9383484876027235,0.26078939150315117,0.6020586671478132,0.21988577796626219,0.2287270719076282,0.5714879221659208,0.1637775801494885,0.09889408584093606,0
0.0300139,0.226638,0.118702,0.16812097718219432,0.46266908987401456,0.9656936810200973,0.4342689431086574,0.19611430047254674,0.9955764831057798,0.8923003417252546,0.22560651719565206,0
0.385652,0.191626,0.177074,0.6140975966205562,0.13160214800111225,0.9190562304249227,0.63420415423884,0.710314065516396,0.21942281468114377,0.21237270406123077,0.058824080450155525,0
0.98533,0.264506,0.66672,0.5231070119566477,0.06878283150524334,0.43580071596246295,0.3225538879731571,0.8119274504673402,0.43984400497846987,0.372418769533831,0.7045506645945049,0
0.131397,0.223308,0.909136,0.09005440794885011,0.0859311238900714,0.6075184813018196,0.1738141760419385,0.9733042324035036,0.4143305914253248,0.6911371022544973,0.6068887047931766,0
0.265202,0.236311,0.459672,0.6995892567683444,0.8513829304578171,0.1050994352350888,0.40819280793041246,0.6765561774631307,0.9171809181240258,0.7834141383680105,0.5669343955064663,0
0.364597,0.839938,0.166378,0.8697037754709632,0.9562541901484115,0.6595942554931399,0.1947474436598613,0.11117576640285942,0.2847095580380442,0.06480119232099035,0.30029160093867535,0
0.208828,0.719158,0.334237,0.11173625563984324,0.9485270655631762,0.4422676470903104,0.02717642116597596,0.4198836854611072,0.5509321302657291,0.37166698106949814,0.5935246742940782,0
0.895005,0.351468,0.657591,0.7592576824596324,0.21012612599608305,0.26256086608106954,0.6827146870787117,0.9493672919625181,0.536604702117446,0.12619216198969585,0.9810150613046917,0
0.00865092,0.758593,0.387089,0.08659122563900734,0.3223036631527507,0.5183333857031805,0.47485639110034783,0.02119458144887898,0.14705584684688533,0.23583499073250758,0.06064772258772999,0
0.377295,0.600422,0.808647,0.46035820913710135,0.19653992567723466,0.16173476739935,0.9124413198644646,0.5640181599370391,0.22992101135172882,0.001340087176272431,0.2796585264979359,0
0.362216,0.781404,0.607666,0.3919277089642582,0.08677871862917774,0.9498818075760266,0.8118312073023781,0.608714644366768,0.7746161516967596,0.004459650348981881,0.14049942245398672,0
0.969602,0.94007,0.0624358,0.14149488547229427,0.4222165608346944,0.9019432060939119,0.14934705759114786,0.6511515824018079,0.499501240418911,0.2891754572261117,0.043970587395541716,0
0.497924,0.352912,0.261374,0.6544686659670451,0.2751105311694091,0.5348319037871847,0.7641809499809126,0.8526562857680063,0.8721141623603282,0.007058111353280161,0.39243747347235425,0
0.126698,0.522952,0.620178,0.8479655689857742,0.02058276309360385,0.0013455933151378385,0.7365085506951203,0.028029964688484843,0.2582443176376389,0.7357395046153465,0.08707703126193356,0
0.919063,0.185238,0.147466,0.38288697487331,0.869360709065206,0.044568847333846584,0.6933465179824498,0.9180367546675523,0.8663269046663309,0.05310927434859647,0.3600093639482672,0
0.269383,0.32973,0.757401,0.32449074839792347,0.29872374076665686,0.7136185608539686,0.25948773313941875,0.9102562946371048,0.6804190796871015,0.838719517038912,0.9681215011996708,0
0.0317024,0.428579,0.741577,0.2114712113070999,0.6312223355105555,0.8896884532024277,0.19941479478631208,0.8073560681783033,0.3575049864659481,0.5698278375987635,0.3649056371590039,0
0.18811,0.360185,0.466942,0.7635218084914738,0.9090743575588157,0.3084342027542053,0.8792323268978172,0.5593139560070784,0.8325715461010353,0.7387386611342678,0.4982987661622996,0
0.337289,0.395452,0.944909,0.20771653247081712,0.6333917102229184,0.9639958484719353,0.12325483879581178,0.22867920968596955,0.1605503283551164,0.9416525821505275,0.013571263016886936,0
0.445142,0.408763,0.331959,0.5392008002943072,0.3532092385675403,0.36026999314946995,0.8599984352897673,0.1008440684301457,0.18289028492655057,0.9898032820299226,0.13928982933688439,0
0.538457,0.559748,0.371581,0.41634507638591756,0.5973106446597325,0.19326228259920963,0.2585892967265161,0.6655883716029508,0.221403186608913,0.4321889089644372,0.45559679768582184,0
0.245126,0.400566,0.162546,0.2671116487637951,0.7536337564760756,0.09008153557129939,0.0013031283244577807,0.545509823276153,0.3691912596929958,0.8051383867565649,0.7392897628131234,0
0.56521,0.879063,0.501446,0.7932482214075807,0.676068630744084,0.08071092318748818,0.29585318058899945,0.32330567371459573,0.3012203711393431,0.7227248668751373,0.5101176022337425,0
0.556873,0.134018,0.787982,0.360949998069949,0.40312373582566774,0.07983929348786789,0.932165598898967,0.6192348150907397,0.06243354596252815,0.8658094659613041,0.2251960831124724,0
0.386727,0.741976,0.15088,0.5741117336233509,0.019779448714073333,0.7300502566726196,0.5754163819121664,0.4669439036522891,0.3080382852443502,0.557997107939339,0.44122671114431267,0
0.273104,0.197664,0.18362,0.5768971722547338,0.5811864307419012,0.07602534963947893,0.7926496909478787,0.9528608657023464,0.8993228074208622,0.20635278178435934,0.6174963127726086,0
0.903923,0.906004,0.99238,0.6615223873459416,0.3251421968495076,0.024361318810834143,0.9745091467469655,0.5170492481591707,0.7108256543848407,0.9176563746174423,0.3784931138976432,0
0.833764,0.661024,0.112421,0.831160893637046,0.5218682638565006,0.19131678726445867,0.974495368439512,0.9164857511983128,0.0743940540101139,0.025182958301945724,0.5055062783644105,0
0.389323,0.0428263,0.499484,0.17554396781496762,0.7160992341502281,0.45004732334786546,0.09263958833467811,0.5225022871086156,0.8051167293559586,0.5097327467409238,0.9048232270253797,0
0.995641,0.154984,0.425195,0.7830141080821805,0.9033877616198493,0.49570538107793294,0.11925337757951426,0.22285909080680355,0.8501965016377363,0.81202998339241,0.12031594119689848,0
0.297322,0.479315,0.912267,0.1873874766764112,0.5619089738022706,0.7888247220396108,0.5488951214699631,0.5888780426873566,0.7539870060531525,0.9829309040728231,0.019499736022924097,0
0.936145,0.443029,0.294024,0.927169409131432,0.7180010666822894,0.27974335108316395,0.1594425678030097,0.10994133525900984,0.6755539989042139,0.2713291470003172,0.5421055350937212,0
0.0695794,0.0883458,0.68154,0.32233167761167125,0.4814684796527403,0.7603449117353617,0.22044235013405344,0.4176579061625255,0.08672102040478191,0.1266206135235528,0.02895119396277246,0
0.368059,0.678617,0.914859,0.1183826305564667,0.8654047238293118,0.9371430118068906,0.3618196074698521,0.08862811467520226,0.29949705007680827,0.8003884363344184,0.07011035720064984,0
0.183605,0.632984,0.434797,0.29338823280101456,0.10063162536206094,0.7307010327860994,0.38737674224315644,0.5509833510132285,0.21392742816235577,0.00873638052864023,0.8330121046342455,0
0.739091,0.177334,0.761215,0.021220609366508936,0.4134966530130585,0.5917394027424194,0.6498766423128098,0.6354652330486115,0.8902407563803623,0.6008338931896897,0.5458593650413863,0
0.0974177,0.993859,0.376706,0.41840159612890104,0.640869196419181,0.9622643367699361,0.6027244644336845,0.516148013356224,0.4015427347793611,0.23135108127498694,0.7924022260839961,0
0.576038,0.580275,0.832666,0.45976799179617744,0.907753466927511,0.38459705612118344,0.3760262487455426,0.3209709023580746,0.1704336653455042,0.7478898492922624,0.6071626764202643,0
0.487201,0.698065,0.837253,0.7977016844309127,0.06365944753268704,0.2110473785347855,0.6562488162159047,0.9754367868273313,0.6112557398639149,0.8191620092248124,0.5031245793047051,0
0.306865,0.488994,0.120239,0.39622665159494197,0.13441683437740615,0.36062070017993897,0.37306791943007844,0.3161821696601059,0.22370490469208515,0.22751437024990295,0.14492227611909803,0
0.570545,0.438325,0.61287,0.803184331993682,0.07068052521516799,0.08570382254317477,0.8066176496522242,0.32058425195178253,0.4921012586131892,0.9741750216712046,0.4737313219178646,0
0.925847,0.6014,0.650564,0.3903023151774915,0.5512882868702982,0.32994451220763277,0.7533503169979416,0.07498045350157045,0.7212598166706563,0.2223319139561012,0.028875667573041053,0
0.791415,0.807743,0.886834,0.33092014053886887,0.35488498164174564,0.22938522742277068,0.7659110926986028,0.8790851426381767,0.040376381298144914,0.07945330938236239,0.038292232491352496,0
0.79332,0.802112,0.79487,0.519220442564651,0.14918368916401914,0.49761489322024044,0.11462137257219618,0.18930394832074582,0.22504129930215555,0.0030857548843137295,0.7002290048072436,0
0.637535,0.828077,0.425951,0.8502168949388783,0.8080897371564152,0.7079163864554376,0.8305372801202996,0.8423282217916782,0.7483747684398198,0.962515797389058,0.06692150855283707,0
0.253285,0.508002,0.051185,0.6506973540637043,0.12516996269624958,0.3664268837954884,0.9813367320540533,0.9537249874965261,0.30387754880234885,0.6924228430574182,0.17050357066396826,0
0.390426,0.0819684,0.532993,0.06599090877711855,0.6277959133447084,0.05858650768345486,0.24032930774484984,0.6723235435740906,0.25910764568021427,0.08473557226288642,0.9826742963060758,0
0.3422,0.81024,0.138213,0.6594308750105649,0.7583356862212014,0.2752978559274267,0.09869418837290866,0.0607129441755635,0.2706207907247157,0.33722620424774996,0.6621168394389683,0
0.132753,0.863794,0.166731,0.16193561398408873,0.5834097619896008,0.7083402477855336,0.9297185211631981,0.9937889089386788,0.9808410707084905,0.7637059897678087,0.20820808448975825,0
0.908594,0.770343,0.836454,0.9323260485280639,0.23235022734037314,0.44303593076574266,0.6027938735868503,0.1966570916243836,0.32088402892739887,0.5662622445289864,0.314347203546091,0
0.752081,0.653973,0.737889,0.31154679330324486,0.05524433703178111,0.23967426392350588,0.021804389232344068,0.1783314860439449,0.7918204009499425,0.37942149161872707,0.6270709254269309,0
0.263846,0.219081,0.339524,0.09914294976229576,0.2595227135657696,0.25958308307870326,0.5819413707557992,0.28121273298848526,0.8337356166754141,0.2636230660821324,0.03172595863543026,0
0.137731,0.264367,0.402208,0.3492032699916521,0.6897720200333217,0.4058598147299215,0.19068986087704842,0.8206761663957404,0.2536531684657988,0.3369498838135341,0.7919489842443955,0
0.661295,0.658236,0.851199,0.5873368287453561,0.5397909607049045,0.36004331625631736,0.18454149326790137,0.673913802675761,0.8787695733871962,0.5677448051015591,0.03727507311450684,0
0.954703,0.135461,0.869786,0.9002270689964841,0.6628562500031238,0.5936537221014612,0.4332182939718653,0.8334022814178119,0.10018812707179048,0.26661331523848186,0.8258719622670303,0
0.406193,0.19321,0.879951,0.3384241923653334,0.768126616430374,0.7949666141972113,0.15122817867888894,0.3280898881352313,0.16282738390726137,0.8048229524708089,0.6450326764310288,0
0.0913537,0.0973453,0.477959,0.643232489872465,0.3280470511200162,0.604691552968697,0.9622445481631388,0.13737526679831336,0.06525998394108534,0.01794586049525304,0.23368073293672642,0
0.797955,0.83994,0.0696916,0.35011075557193083,0.9128931286919647,0.6376214487433238,0.40893476310093535,0.15833663622964578,0.3565113200638984,0.19252150260568057,0.38692995723342205,0
0.213034,0.785109,0.0169221,0.9397108286269409,0.7192083361116822,0.6325849372212025,0.9945538745583326,0.973882432123289,0.05674601306678739,0.29953985197276833,0.4567898651403294,0
0.527919,0.936931,0.905677,0.005367649214189418,0.7716004736282187,0.4683795084828216,0.9537776946505536,0.951668073362929,0.6247627182794603,0.1874338641898845,0.8489572543145255,0
0.555484,0.786982,0.433581,0.2283511377621551,0.5260192128960923,0.8702444943992838,0.7950084904657908,0.006033706214337742,0.6471129909091697,0.34584895643941804,0.4873034544462501,0
0.403093,0.630862,0.20219,0.8903387173136612,0.8917936011408504,0.21969842112202564,0.9117644936666501,0.622995480410587,0.8504023328664819,0.7960502992479761,0.6758657092757636,0
0.548796,0.676073,0.509339,0.8466037845909877,0.6267696549600639,0.38107322471342997,0.889214831192513,0.3840821430662028,0.7443733218739343,0.5007312796438681,0.3044354374860313,0
0.913882,0.617759,0.049291,0.30926102277005285,0.2781314429876337,0.6160825452968541,0.10477196972736846,0.20468226531270428,0.9778297764616414,0.6957337812395453,0.03821981521484341,0
0.488864,0.820722,0.557252,0.45025094080919126,0.9014063430382793,0.5133514692664203,0.35608167326815987,0.523145159369917,0.8368986507978827,0.6335873366990292,0.4223504363735181,0
0.0734707,0.679625,0.236728,0.0476389440939321,0.7748709302496029,0.9088347847235665,0.44683657404415833,0.5155966910442713,0.6179499153113565,0.44746577447298186,0.39563614077879716,0
0.655006,0.541717,0.192489,0.3743847640814708,0.9834829137296088,0.5093396704223032,0.8872158887941659,0.11835075492197977,0.4583914366200291,0.9540755089926816,0.750616908434209,0
0.4761,0.986322,0.413953,0.8631963580995521,0.3417609693564718,0.19487785603182783,0.26392363252842943,0.5797346210719968,0.4695278642795875,0.7039099827105715,0.4110408628922312,0
0.797434,0.841083,0.186706,0.21534222320089014,0.1113991936764801,0.39210707912677434,0.09825225884223843,0.7741086070378941,0.7379078886698676,0.6023401271863393,0.9407598014594759,0
0.733237,0.5578,0.235709,0.5678019655840703,0.19245249399420972,0.985844454234836,0.917667821824051,0.49294733129781654,0.07410427985789914,0.29905487044260703,0.54853939632164,0
0.762294,0.813437,0.830087,0.9375868916789465,0.47914073963976056,0.06070451825111545,0.795563706993579,0.20453480228099163,0.009362755197316663,0.10793664408317405,0.9570614464047669,0
0.169995,0.442382,0.473147,0.6209778670830904,0.9477670273584112,0.7756836315830032,0.39262038506231045,0.9022445257673,0.6126372960874296,0.5482880646023496,0.07989665865487394,0
0.592756,0.814282,0.718036,0.548145065046834,0.07614454507598589,0.14915665056621785,0.38759606855015183,0.9202764431361392,0.9246500085537889,0.5113356483546208,0.7427311857535254,0
0.515428,0.811499,0.938782,0.5467605131139222,0.12530874653333157,0.28251263222623646,0.560436004946825,0.9666304946853359,0.4294168019132103,0.0060636500388507875,0.23353582810059825,0
0.848545,0.10821,0.847512,0.4935139747912587,0.0855486182379489,0.38872348618732155,0.0852230383203213,0.16984310319644969,0.6455859708358562,0.15190976506911136,0.8234768797916856,0
0.97266,0.373951,0.9738,0.9481849505045068,0.5146029481052709,0.2741913311528603,0.7566884529721821,0.5876560154939974,0.15095935214437084,0.9386283052661798,0.5411582590303478,0
0.503003,0.416153,0.273296,0.5294110713177139,0.8527670096058835,0.12895918014219443,0.7827135094507789,0.575231909345714,0.906407736546755,0.6095984941088085,0.042728863441534704,0
0.937158,0.0861424,0.498713,0.9084659784665964,0.4306682956953789,0.5990129318076044,0.3769906385922096,0.7117821152619743,0.5045032145107999,0.7497872259843669,0.39267080503584706,0
0.396159,0.143758,0.305794,0.3441057478174062,0.5897193917016714,0.7703031947011407,0.3097786382858658,0.3827272370746625,0.011569377398573333,0.8463575377884712,0.5309475185726689,0
0.64886,0.582657,0.864148,0.37993152139980724,0.8347242735948017,0.20698309761532152,0.36522624933661985,0.7393764797178055,0.1676838216743527,0.41568330374193185,0.8631023368102833,0
0.215758,0.510656,0.252321,0.7891342598343407,0.3919245495003496,0.7056978042286541,0.6873668783240834,0.12303900169692283,0.4224988879897802,0.8533570587750584,0.6650722130675849,0
0.513822,0.919612,0.195904,0.1183590831721153,0.7807627164135298,0.9513823893165733,0.18644105288505786,0.7181990818430656,0.8512457766347725,0.7906982021813097,0.24432847306355154,0
0.446431,0.682764,0.03651,0.22896273764664654,0.8758476595300164,0.43635109141979567,0.26839279207138445,0.8957266807893999,0.1693965639970607,0.6069515047556678,0.33987472734735724,0
0.537202,0.777915,0.210994,0.5507814063358238,0.33974067727389945,0.4718157111112129,0.7626850446650785,0.105380843627074,0.32955090559623845,0.3248471216386889,0.8765821822088372,0
0.283488,0.441792,0.499705,0.8667608106536838,0.15943365340570115,0.08134089296097258,0.9597752145369784,0.20125521202891994,0.7835418793830695,0.5353623057053342,0.6432583931925522,0
0.0836584,0.355379,0.674197,0.8123945755278636,0.7407518390656428,0.12842410725035658,0.2908830886726952,0.9728306332664292,0.060101158448551684,0.06637644391405417,0.6512024714563451,0
0.327505,0.670445,0.708121,0.0032887188097933118,0.4997686554552234,0.9653904281109725,0.5745532893313227,0.5469561757783252,0.2374497624013704,0.3758124291041435,0.4778638967193918,0
0.0736389,0.0464951,0.794537,0.19823543486679907,0.0955303592747796,0.4195477668455836,0.7616354355862743,0.23019152747768634,0.9999056381848679,0.48947306951853875,0.8482366304633541,0
0.857529,0.875682,0.0477674,0.44997369361745776,0.2355319628669461,0.7046122672057364,0.7628927397216894,0.08151890617612456,0.9124289909421973,0.2225254283264827,0.24809401334734982,0
0.108984,0.219481,0.0348015,0.18808838403627348,0.6845044536485847,0.3448185396907233,0.8542279915523113,0.011506431842299825,0.32883385880382243,0.7810837847758093,0.3848325913821473,0
0.837339,0.627669,0.844891,0.4653585845911391,0.7288707916073518,0.2319211596590497,0.04464337761103354,0.8349873971501218,0.17410559789522473,0.705236840122282,0.7720332939005953,0
0.416657,0.000828843,0.9525,0.22811434608949044,0.019529251306885542,0.8893459038320709,0.7363103714506143,0.9728604720470663,0.7981206800092203,0.006204385963529124,0.20780973500580868,0
0.123267,0.659689,0.140529,0.7463250328288947,0.7831206437163968,0.8212392273114281,0.6710887338644586,0.04572484253979103,0.8087802199463898,0.7236972452914415,0.6667619004001174,0
0.105129,0.468821,0.669701,0.5225528789313384,0.051232620023810904,0.4048656846631733,0.11127320364344684,0.3354026637010923,0.5013127846300022,0.3803054064707031,0.47449429558155376,0
0.0892773,0.599331,0.512666,0.026079747134949205,0.34991005702231326,0.759932075392393,0.6771185937321388,0.11244740801744602,0.17611401172455898,0.7659979505078476,0.15917177764948454,0
0.517274,0.893939,0.528279,0.6454370110004557,0.8876720972439032,0.1133393630983256,0.3457040254918414,0.5310298352021015,0.7437978109990666,0.13894364267743542,0.02383804889818497,0
0.648256,0.8883,0.339184,0.30935854791190776,0.19780496835168848,0.31956770378385646,0.7452380313242452,0.0714884678748694,0.41263886268184147,0.872830534444637,0.7058323171175077,0
0.752127,0.610291,0.648647,0.0961919391147863,0.03657023363142864,0.3045246765479803,0.538627702544048,0.23368645855840253,0.9841242295005933,0.7048652907553178,0.4990821415404869,0
0.715165,0.399396,0.225614,0.7330161706461056,0.6456300500341479,0.5700542366921703,0.8697412316899416,0.42020097685724567,0.021276644467752903,0.030790070161412997,0.7825448612829069,0
0.190448,0.3231,0.808723,0.37814089389813,0.5011772961527982,0.5392077453442042,0.11148165521915865,0.6996483796011757,0.7523859139664959,0.7184105492304942,0.21757524429376884,0
0.908535,0.34358,0.0900762,0.10217937392505416,0.49837334700856917,0.3272599803221198,0.8010499702499212,0.9950277940333764,0.5250608060025538,0.923237184345553,0.8773542741026004,0
0.657111,0.639961,0.666699,0.10731718534275936,0.6576982885456238,0.671196384383709,0.8583468351902194,0.35803864192148516,0.5091502688445989,0.24502553878555478,0.21598982730816008,0
0.756476,0.513314,0.240484,0.37649836172958173,0.984681937947292,0.8042976630059155,0.36790284757064506,0.013899808287582527,0.6938883375732858,0.7065028634839352,0.9294216085603131,0
0.0805325,0.487064,0.824132,0.8106564299716068,0.7309932966110154,0.13913064113737872,0.6741294524235252,0.4010201832183127,0.9894542346023626,0.6488400636537571,0.9443942513871079,0
0.880404,0.208494,0.882376,0.5053248155792536,0.6466442576655278,0.016398228639678214,0.41923723101062393,0.18307741608136352,0.8729881612480117,0.23404160571125454,0.10949917217218563,0
0.755498,0.00977562,0.368812,0.6692623636537238,0.41075504000284424,0.6993667583754917,0.14953827960406374,0.20673711805695683,0.054743834187372054,0.6499919599737001,0.11202293665627727,0
0.741331,0.148473,0.587904,0.5861131607794547,0.9432984803300212,0.8633203742526253,0.6780734894914294,0.45957235139147956,0.12521047377881755,0.9015742733193525,0.3232695528577969,0
0.994007,0.118537,0.643316,0.48375066950922363,0.6209392758138008,0.14692149707754099,0.833515315304236,0.933686407951492,0.04250870190243694,0.24635853981992084,0.8679158703164949,0
0.651545,0.415716,0.512171,0.9519109027170494,0.14637207760561344,0.2929550457125847,0.3009008769887943,0.1722339399160926,0.8013417695700752,0.580893346359217,0.08253622206287159,0
0.924657,0.718948,0.384974,0.9071612679341438,0.6459863024822494,0.8528277070604551,0.9477066428887461,0.7391432919037155,0.5464706914640345,0.5962838801127979,0.20857012035586053,0
0.0752876,0.506482,0.16341,0.7423778344037082,0.9668490487263918,0.5259157673687919,0.9436084137914016,0.9799915935882126,0.8080954766046475,0.837813536333704,0.8806089252843564,0
0.504297,0.787162,0.50702,0.15584893570226832,0.8069715719414932,0.5774809711115237,0.8078838700209594,0.4707665462407229,0.8131774827368556,0.5493460720410915,0.15413562523276902,0
0.564251,0.908493,0.526761,0.3376064948839923,0.20879364289866575,0.5905290006772265,0.7156863924245921,0.4900804895247477,0.9540487168024148,0.44401336296962357,0.13842531370951627,0
0.102031,0.0930594,0.709001,0.994355135646848,0.0637127823970407,0.7588959061190863,0.3076813440710112,0.284280892004233,0.19499905177790144,0.05980171312548799,0.47127008250186087,0
0.693936,0.188869,0.855903,0.039480101003951606,0.6117895180172337,0.3814307496678706,0.9459397692406469,0.6193925152412958,0.01265049979831423,0.04272479558789288,0.5190022540118636,0
0.356932,0.907898,0.089735,0.15403195444187812,0.8238267879655815,0.26440828219619117,0.36374702565559236,0.40122986390626136,0.9460757826083321,0.1818040633674639,0.03447877358722551,0
0.924586,0.153936,0.469089,0.1814892508772331,0.4554877548060686,0.4828232026816638,0.9514881333300935,0.3521622586538059,0.48991963410445794,0.5016375777021381,0.08736314305252457,0
0.477512,0.172507,0.445999,0.5494724371704763,0.9089813412187274,0.9928369625257565,0.2412749217723804,0.010278628234262066,0.6060220640766998,0.9097702367623478,0.32940575436670894,0
0.70998,0.651703,0.841539,0.09605382743281621,0.2478432893261402,0.17498686528758034,0.5178347072675505,0.29156471267114015,0.7773570424517792,0.9011794780932648,0.543157828250926,0
0.343762,0.44173,0.508359,0.04104974799840033,0.6484207265709172,0.5009278577697432,0.7877870046022983,0.5801807224157728,0.05577092319980759,0.022076053689727648,0.3843176944731709,0
0.936023,0.397335,0.44539,0.418482383219299,0.3856124009833275,0.14533226496535534,0.31095406175606766,0.0686862242281222,0.5399930777994107,0.6462282878814118,0.30786445609260926,0
0.703348,0.821786,0.231517,0.7235218345279842,0.9089273335604814,0.54106639224645,0.0008115514685359537,0.5663519192127219,0.7618237672209399,0.4702321172737981,0.33972709860787975,0
0.608008,0.0648639,0.802011,0.12866642240237047,0.8500162363290599,0.5936995949509452,0.8452841411426216,0.3043554422418132,0.8072700418216806,0.6803824745371783,0.014276921882255711,0
0.531995,0.433259,0.161354,0.8950590120752516,0.28444787845696706,0.1898362464775093,0.07676186014811381,0.9583925076211807,0.9543404443384041,0.5772326290618374,0.9122859301865859,0
0.308008,0.797636,0.964538,0.9634012235013447,0.7832188199362855,0.07257057872364314,0.49729883989715673,0.7176774742965222,0.4434929695320373,0.8223317423267449,0.36159267193875644,0
0.429447,0.802553,0.317938,0.9120662065573233,0.4936850452548164,0.9925783850979853,0.564470098563319,0.6841779409416334,0.9812669240361716,0.6069932719623916,0.6773307011660417,0
0.014632,0.68838,0.344996,0.36603902453823367,0.48563836925408177,0.9391313607431604,0.3931902406963089,0.578674445365201,0.35507454415538586,0.02531506888393964,0.002368995542018082,0
0.0714432,0.482883,0.198059,0.9561369213061736,0.5048722234387918,0.11178647614238435,0.2640686461488344,0.44578489464520354,0.9595593801439694,0.5651741219758093,0.162506473365014,0
0.18433,0.892505,0.156981,0.7494460732622986,0.5435414371051482,0.1809139342640136,0.923342814298136,0.7736412251286761,0.24664470539284478,0.21248044381092424,0.4372730715215194,0
0.332614,0.65864,0.943378,0.3218606292813211,0.07363208141991318,0.3372463795319951,0.7771037700736173,0.3971335985920662,0.31360308610823684,0.20498855359513612,0.23791389298386567,0
0.615199,0.690483,0.39039,0.5746061568504488,0.16063735583265804,0.25766023919158676,0.9207316946500985,0.9967312283357056,0.9766495341837046,0.028651004135883618,0.2211999098360703,0
0.0398121,0.337007,0.608445,0.7146963561923477,0.39326592874475597,0.5100337991159427,0.7853499166641178,0.8015523944891523,0.8923990014285039,0.27628858770564946,0.2564580807673782,0
0.290364,0.943976,0.883431,0.5543457907100687,0.5277862581297912,0.5254100880706061,0.02391983885329818,0.6121807950117254,0.0722787301701312,0.5394330441739891,0.6391091752302217,0
0.529167,0.544417,0.892306,0.38735782771577354,0.9285792312167082,0.34648668654420167,0.060525827045289415,0.6518815391720086,0.004871882324283927,0.814734206518335,0.2864624787616168,0
0.862751,0.0484881,0.739689,0.4435347382131999,0.543442830994153,0.4453375432840181,0.2953158546491502,0.09966303305829893,0.07014328554858629,0.046587893535865454,0.26928370932615797,0
0.683921,0.631677,0.171747,0.974709750166016,0.7180020129471106,0.02777676184083422,0.9442246815912008,0.8058728911036279,0.3694832400621799,0.4285698298092303,0.9770627594240056,0
0.841295,0.984785,0.944314,0.19253407909324693,0.5869442237634661,0.5686553704351206,0.8908198744142805,0.25779165567471973,0.4691587514079152,0.47301305940543215,0.391291472644156,0
0.315258,0.214914,0.356788,0.17516878271885394,0.03807881374193656,0.9644543115631002,0.6918415487078946,0.3356822414261138,0.28847441142941777,0.03948592758083469,0.008534069931359634,0
0.48911,0.00237481,0.640466,0.5511345185892804,0.32480649519120375,0.8906283135667376,0.44818662178748137,0.31605549290155166,0.6948157637107455,0.5179745243235648,0.027976818029422867,0
0.971381,0.624038,0.000502053,0.35589328174376667,0.7812149798015965,0.11836473586887342,0.5530579351476164,0.6965390319988671,0.7569925462557847,0.6729694895076741,0.37286584622338537,0
0.0362897,0.677412,0.452823,0.6424813288464848,0.8839891975988693,0.7667476736121385,0.768042007854788,0.5567418772165132,0.8194867336107687,0.6820658683447519,0.7810786747249835,0
0.401015,0.584991,0.278425,0.7575600608157111,0.8412224114310257,0.28201877308260437,0.33620010761661645,0.8124284126948333,0.41939293643280207,0.32450718990625504,0.7088002179252794,0
0.787546,0.289243,0.488012,0.07857964352537761,0.08795354695448565,0.1109174502348157,0.3092198951913908,0.290162529995144,0.8110857416285259,0.5434527495502226,0.6542023678377119,0
0.0640011,0.469409,0.216323,0.8865554281310228,0.494625989804643,0.78261862845709,0.012939386972874334,0.302278656923923,0.23881351452257815,0.005919600321920848,0.4361065275647048,0
0.309165,0.0035328,0.336792,0.27222674844052297,0.3284859129390433,0.33073461717615693,0.3659024434313056,0.8134950783789002,0.5458377122698892,0.8833053986375585,0.8578177070341012,0
0.635699,0.275061,0.243957,0.9446970982918019,0.7232481831076495,0.5189996075549042,0.7541999485972457,0.5776617841002785,0.17285186747957682,0.2992939946649986,0.8781274197751033,0
0.294056,0.751601,0.138454,0.23787152212625717,0.9250759861225518,0.5907515908907189,0.6359082219898989,0.5453070127025565,0.7151159250235041,0.8611316895846864,0.4249463321621315,0
0.376833,0.274186,0.556348,0.4764593157154011,0.20290192891658165,0.7889732886548015,0.550683146452194,0.9347627488606911,0.2438941024900082,0.42403205744289063,0.7509429547167114,0
0.759026,0.896128,0.0837075,0.19453638319650357,0.25297333409817635,0.22292815195240345,0.7285660704046419,0.3590735856732802,0.23672585114268885,0.9952030577099067,0.42502591782116106,0
0.963284,0.784311,0.90672,0.584256013918973,0.7309963102788938,0.7815835254008636,0.9599762797276555,0.6311678149031181,0.40971797269469235,0.17704087906755206,0.9166356535700965,0
0.999124,0.66966,0.830501,0.7101719386149822,0.28409897106030246,0.5672041337151367,0.8897459329437631,0.17272398003601808,0.50616001032067,0.9988547836041495,0.1169761964176621,0
0.49547,0.0973311,0.955287,0.3587331048415461,0.659353735067164,0.8405404696533179,0.28841661369585214,0.22506081157094338,0.9103434523258891,0.8834538489715875,0.09134274577557133,0
0.861366,0.0195432,0.982216,0.9679098605828482,0.6300728288748304,0.47842622035779747,0.09988404487719771,0.041022037289712654,0.9405180607500512,0.4404494089914208,0.2628610777229484,0
0.41222,0.682209,0.48052,0.9747643600590069,0.3722946188690356,0.14045135841264245,0.6545981617878965,0.4842962708290727,0.6899448624056186,0.3899393951050443,0.004554539203002639,0
0.0204054,0.463103,0.786854,0.15577947312404772,0.9681355446419613,0.23004872741024462,0.5456342419147693,0.5150397168336689,0.24639501046873002,0.9245872508081127,0.3710088786883228,0
0.823612,0.154136,0.507138,0.2777229832481961,0.597168903138828,0.4650610621494181,0.7498192564088426,0.046309837350998806,0.8480296587116087,0.6966106211986527,0.7261401785018178,0
0.0995403,0.288246,0.782503,0.9948519857738715,0.619949835580927,0.9287501315218287,0.7203999173693628,0.3402084751819888,0.5074781803005575,0.5509196358793331,0.4796688938319058,0
0.0802434,0.970952,0.50551,0.6738905337963602,0.711976871613367,0.6151353784540108,0.37253793482484565,0.20087951347962996,0.4137259435005207,0.8733680473177549,0.9421804864413059,0
0.752074,0.995976,0.97325,0.12229101639899809,0.755383874007628,0.782057401508362,0.19147448018422908,0.9088012745108461,0.17056139488368627,0.3423470261715439,0.105653850166187,0
0.341902,0.36031,0.672336,0.9701260759606565,0.9832723325290729,0.948501411806473,0.26567071109271634,0.3433489748234362,0.24371712189379213,0.3493064521266809,0.6276934821726246,0
0.168871,0.421231,0.483802,0.3100868954835462,0.34197328860898546,0.8479994162830771,0.34075002571813295,0.3302979484390539,0.35895342186084167,0.9509187543946606,0.641826397125159,0
0.704789,0.452408,0.204831,0.4918628896962848,0.6827205068690038,0.8731384497739633,0.7332708708330153,0.8803262070557211,0.3798633294729382,0.8194615149903772,0.5994216000421974,0
0.668755,0.213702,0.687502,0.37624609866690917,0.9113929155158857,0.36120139770181947,0.006347645801785484,0.30333223493488215,0.7679691687352603,0.2313603333228741,0.2759601512779001,0
0.930941,0.754083,0.258839,0.8183913844132717,0.535383065076343,0.7415535772722084,0.7181606138711201,0.5737201632490001,0.1787461275484452,0.34449724892545586,0.019691522951620355,0
0.92297,0.868636,0.743874,0.21667583387615608,0.6962655131605892,0.9235481008067425,0.5027052646088066,0.41350719545331505,0.807301804298308,0.06970922713311756,0.3542317100331308,0
0.751091,0.112326,0.958357,0.34639635192676843,0.5607320608387174,0.40504822395896123,0.2674361600799672,0.3162071517531668,0.1862535519989934,0.14969101317422162,0.9638716453256972,0
0.0379155,0.967354,0.00841771,0.9703689625982822,0.909306171273791,0.9760216502769531,0.3884099363027188,0.36986165392547943,0.6095263250846951,0.30706899072325267,0.1322090881224247,0
0.983958,0.257808,0.0275624,0.49879504898016647,0.23027755526889715,0.3357552624673942,0.16253184147287192,0.24248895567671558,0.7839110132285796,0.4071352694365762,0.37185228458882813,0
0.958424,0.0672915,0.623167,0.9046073800973053,0.6997968961599165,0.011976360905937677,0.8251437557165521,0.9637208617518818,0.6775672521532129,0.8185331463586835,0.8003443990457701,0
0.352095,0.71291,0.822148,0.8677552240489264,0.10736606242413926,0.20010320955161753,0.9352630785433638,0.751874055567305,0.37509274246052693,0.7944169926550358,0.6536656470174667,0
0.918033,0.720305,0.203196,0.22317852194000376,0.6501780998285821,0.05135396455700991,0.2686090502781866,0.5192929141680195,0.32687297556197226,0.061394604451920576,0.17082867420936088,0
0.379808,0.244071,0.820952,0.0370033221999444,0.07599121157087452,0.9458195551887376,0.1336581307873269,0.6990815195335539,0.8335166177584923,0.46255867809098816,0.7011105908841483,0
0.295675,0.913985,0.253171,0.3661379646094425,0.025628925989391815,0.6215716038022736,0.2217723130666891,0.2435928287697917,0.7558139762713819,0.23350165388471567,0.054222325442442765,0
0.604826,0.635353,0.460143,0.042026174500844116,0.7514386947840069,0.9610440573954316,0.6586466351774894,0.4365417877176485,0.8880607997832209,0.5792385858526262,0.9831518494495154,0
0.671573,0.0784773,0.941462,0.8009176109271752,0.3365106762665293,0.4332193084282352,0.18044433258974413,0.7628258315786507,0.010782041953654398,0.39807390881342775,0.16087931210042528,0
0.661389,0.807177,0.815142,0.8356763351308831,0.012087325370946145,0.9654544193856414,0.8276586159032948,0.3797143337497305,0.9634798284175305,0.2510737183937608,0.2632141284570618,0
0.808562,0.055116,0.828526,0.39455995088635953,0.26956706965442867,0.12708358103929696,0.06610839112762801,0.09330618737025687,0.8423757663509301,0.8657596985080579,0.5988059934963945,0
0.98424,0.631084,0.153236,0.709070581430273,0.7757702254125257,0.20972928469444962,0.6684358774232332,0.7257614191842265,0.24161632020317858,0.7253435623102406,0.6050932571510749,0
0.279239,0.289545,0.236073,0.3743415860282121,0.046901617425367914,0.24161779859097443,0.6987264367917966,0.7836892437231412,0.6682689697484552,0.10374534940284041,0.4501572512916987,0
0.558846,0.908479,0.887179,0.1326524328031351,0.9121975794433136,0.8988254806900798,0.044546357151834415,0.28325779636604087,0.7052038218708,0.7960558203419047,0.9480310881972052,0
0.102455,0.529206,0.637087,0.07195139165359377,0.7151101683174381,0.26061149359024083,0.5221566026020033,0.45643294811499646,0.3901219407772216,0.043841657350222385,0.29713806834811896,0
0.154636,0.291153,0.769951,0.2044278826354594,0.07359550214625188,0.4289579422600682,0.4873574004901302,0.9702083381924198,0.5262015374582014,0.9751095819544137,0.2826112531477737,0
0.529551,0.679584,0.988754,0.6224829430469566,0.91473630244128,0.8036199645704528,0.12612264497278303,0.4938854569185147,0.024606899577557018,0.07458862211136885,0.16241134956695857,0
0.886469,0.359591,0.564735,0.8242410976487541,0.1688351229751991,0.10629003994976494,0.006943356717048488,0.2861814306194712,0.8593694677468469,0.7116856340339552,0.9347772121798609,0
0.332559,0.149107,0.779533,0.5393930633583334,0.223548907266215,0.6418187014633518,0.12048596193637195,0.5161114120400744,0.2600077054896369,0.08161636112327497,0.480927173193185,0
0.526499,0.415595,0.266184,0.1788493463097811,0.7189461671335413,0.8957644810133901,0.6938647382191365,0.4321963913854161,0.9126530994687903,0.7053270820520765,0.9664265774847125,0
0.496874,0.458422,0.597835,0.016814349122053818,0.02341518018534705,0.9841990279061876,0.04389304857439569,0.10407483710425025,0.5278054849693768,0.022954684275762638,0.8269486909883864,0
0.636356,0.174309,0.591459,0.47081524676112596,0.4631272672817639,0.8229511234263193,0.07200271185439255,0.08175542980345185,0.2799127240303654,0.1271879807503139,0.5335828966730142,0
0.803544,0.942601,0.705265,0.8688407776559844,0.5279752472756859,0.3326096902127069,0.45083184078865335,0.9834383827592905,0.05531440035757751,0.6214173627029985,0.45341096534285696,0
0.1687,0.919328,0.70744,0.4206194501791286,0.6306046126478049,0.48365226864331046,0.6440328686377513,0.5576859554039383,0.3215182307668282,0.37523411659520844,0.6281153958488822,0
0.97969,0.0572027,0.443036,0.4699598952547883,0.6438823637770448,0.5736156713351735,0.6395629025721773,0.8796994867476543,0.6876336059704409,0.26850957139209986,0.2511230460225352,0
0.58482,0.198075,0.660879,0.8011701846178709,0.015744695781198415,0.06139512183458229,0.19397565967305463,0.4055619175908237,0.7467384334322613,0.3991598095710487,0.8310637180764093,0
0.0843151,0.886703,0.666203,0.22355279061770217,0.3556888055795243,0.698679672811399,0.0542890158776449,0.8418149025022431,0.04907453627836211,0.42963772324465577,0.7539072143316897,0
0.397242,0.730276,0.238221,0.30192471535350773,0.9033481114044852,0.5456803186490312,0.9610642158114647,0.22666423611638953,0.17976203692308634,0.5955636337539095,0.9157590814444032,0
0.914214,0.652572,0.0275699,0.19670274912534758,0.29379832313636434,0.8531083909719179,0.5420923345001867,0.308456158940295,0.5023909204688283,0.4273867582272398,0.41224056415633137,0
0.447364,0.199919,0.319203,0.596573443564228,0.7785070339977707,0.8149661084925758,0.3799962727989127,0.16092136773589405,0.3683901457176433,0.3712422967821263,0.8012995092998945,0
0.214759,0.960153,0.923421,0.08311852972648692,0.09196723526657591,0.2912570331817179,0.2334118503091882,0.1752547520406642,0.2294359056660603,0.09305749358387039,0.7777331769566814,0
0.63637,0.273039,0.356798,0.2658107381422593,0.41138353495904134,0.8062889473701325,0.9980887711259838,0.320245205745314,0.81469400111338,0.6932869189777203,0.7314854030105861,0
0.418374,0.380279,0.881717,0.7585499932607501,0.929630302169917,0.2734005901289692,0.539201161274395,0.36735549936217315,0.6990683908264849,0.7444836385810565,0.6788192118951867,0
0.0776241,0.169887,0.745484,0.32715774895892025,0.7932605896775321,0.9842489031441919,0.9097522830815864,0.7660314786928846,0.1917737757072191,0.5672139229905859,0.888906135237357,0
0.453889,0.322274,0.839063,0.12651028296589717,0.10867605185783158,0.26162089588314874,0.9083839727068164,0.6176667536325885,0.8770670947463655,0.5833698036925821,0.34204629380299445,0
0.209543,0.463653,0.2711,0.5090169843202951,0.25252035403521234,0.38886429575107173,0.01334111828883544,0.05000457608630593,0.8344353691398855,0.4549801584194392,0.8627628489674242,0
0.566433,0.904615,0.937339,0.9487676908224875,0.7240293821850416,0.30242296169314076,0.9492819522950159,0.697036082780047,0.7539769402724552,0.2562085933268652,0.8096938768953346,0
0.151968,0.335579,0.0288008,0.43234741079581407,0.6466879613200471,0.7254927385543228,0.7337012890057196,0.7458420533954665,0.25729141504133457,0.7283228705221553,0.1089590290590875,0
0.92175,0.811092,0.450149,0.14657380972321066,0.23085801970793074,0.036544238985135924,0.5206045557667652,0.7678870160998916,0.17098085608953906,0.743945843822704,0.5080210723920388,0
0.149551,0.71554,0.728484,0.45597391006702326,0.6089876348866233,0.20690109640748067,0.19322648825742927,0.7152810307178747,0.1520444935100408,0.1420185698943771,0.3909640357081289,0
0.300763,0.0565804,0.314283,0.9884079399913351,0.5333461118938477,0.2211656932988677,0.0672258400603265,0.7362795022610349,0.49523411156758557,0.5808703435845052,0.22543634400117296,0
0.445955,0.122181,0.478108,0.8244593934341824,0.5929771645567904,0.7104177853084885,0.550444981527268,0.5473446921393053,0.8176960415942445,0.6480363345074729,0.27867100028846215,0
0.593771,0.2802,0.401156,0.6333390261346644,0.8512714255612843,0.8889109231525311,0.6687551726031086,0.6408469396061374,0.4274914854308147,0.7551151041515204,0.21077452118227247,0
0.111229,0.74337,0.229093,0.18667629063560987,0.252948859788072,0.07827658151145644,0.03645005982473448,0.3601954465911962,0.1552306779784488,0.26787827260106045,0.18355931510470735,0
0.907199,0.609604,0.333873,0.4270213626828685,0.28895259484508073,0.22672954588505312,0.7526356569262076,0.8966658127687286,0.01096977151452938,0.5203385231524129,0.6240730393296748,0
0.157395,0.705694,0.332367,0.8551151616219071,0.9961886112916354,0.5472162656009081,0.7158904337005556,0.2574245983079855,0.4566897682591913,0.3701823390797081,0.20464944259435336,0
0.0105687,0.887395,0.15494,0.2007597551155451,0.4095524511094467,0.5471034546357512,0.6964206265622114,0.9418588805649705,0.9931901016357653,0.6140917617857086,0.14039565513753083,0
0.078605,0.0919579,0.883866,0.949908027748556,0.992697900395336,0.4532409428429214,0.06993220131792,0.8008324427107123,0.8325638832437593,0.33027041693208437,0.5508900960281247,0
0.113137,0.463227,0.0301513,0.957445334049085,0.8313300894604296,0.5256301106554634,0.5745960505364848,0.5299841210340338,0.008130764190587336,0.9959705120761179,0.7652184486943311,0
0.713485,0.0201536,0.256998,0.958325659434422,0.977141908977482,0.9298356705814772,0.1724223899855929,0.2384200189566723,0.7694640804128406,0.6290633334309035,0.11496084741877233,0
0.0351843,0.868329,0.699763,0.9633019984408451,0.23795405300206907,0.4803485091292633,0.22890468041216616,0.7735378044302033,0.7317385218635928,0.3013477951270894,0.40042872913172023,0
0.942043,0.374813,0.782926,0.034184674915415325,0.1394646283624863,0.8625805964254895,0.10189881742476126,0.5529120433698392,0.11884472341826113,0.9702356220482089,0.47747830277342274,0
0.30968,0.44791,0.576616,0.7160548297008223,0.49436887430978016,0.1984397712264394,0.2693229538674371,0.523519193622509,0.4157910702362816,0.17112307710592423,0.18801750616365098,0
0.301034,0.694768,0.0974356,0.6598219778963899,0.6196239745794891,0.165539348018942,0.7329570899164098,0.9676945514374787,0.5835396507367916,0.6290016668532217,0.5746307035323674,0
0.211806,0.61914,0.814035,0.8998388452672617,0.8622359548756202,0.13224286522215634,0.951397951886233,0.46332753305626284,0.2335425642708263,0.33109985591036273,0.20265275973595576,0
0.700501,0.417029,0.751465,0.21058758767661356,0.6143906675103323,0.3590244042498697,0.9375073117287043,0.2004907928835188,0.7916492216910122,0.7596737928717687,0.7279325970651505,0
0.393625,0.152872,0.417073,0.5855103271528979,0.15111329276536933,0.18094996348991843,0.12304419336378292,0.6924725673297155,0.8600721848089681,0.363316473774591,0.27438646783766896,0
0.648065,0.831057,0.250985,0.3684247593993052,0.12023593604987681,0.45542402813533833,0.8159413286781656,0.8128942365313122,0.6140113671802898,0.24358981258070023,0.9790004837498664,0
0.115581,0.85162,0.676665,0.27730914784308636,0.24777726922501642,0.5399102405976685,0.06324034909363485,0.0993764055418922,0.6038032982535364,0.37883630041492433,0.29730971405789075,0
0.149286,0.517009,0.925985,0.6811515481351043,0.5433658834106041,0.0453010044732981,0.7758807376318478,0.7869138309302622,0.36650908267657134,0.2979158546478079,0.8944251813577645,0
0.812043,0.97796,0.688029,0.12265263293107431,0.6617080021136804,0.9569372258215828,0.7149094159684743,0.20827370327956896,0.14493928132579792,0.3000118070054274,0.7421221281059395,0
0.765371,0.245153,0.562723,0.5958050885997317,0.20484241325529473,0.6532708059250721,0.5731396000191462,0.22539497545421328,0.672313766270851,0.8298879856542274,0.8382424530369268,0
0.314355,0.935617,0.853583,0.6462902151274579,0.4018593798127622,0.35123365340141366,0.6882573794218774,0.8369821072111949,0.7137120522495494,0.4485571124296748,0.2718819943097561,0
0.433942,0.200191,0.0559357,0.8567391006365116,0.1996799741195917,0.45486709730081676,0.1264843335064887,0.9274405878249403,0.6488868885537162,0.5820108972187682,0.4041974874770613,0
0.158611,0.493506,0.872741,0.8329431815370293,0.5512972969982479,0.42278789100405123,0.8090850557562724,0.30118992370362574,0.04255864461438341,0.7173455451094441,0.8847994445752783,0
0.815704,0.555241,0.0580981,0.5049847241494608,0.7042636005236528,0.2417891487918914,0.707960913631566,0.12901000347734382,0.291967829590826,0.11071563783442018,0.8240569112543271,0
0.644199,0.303197,0.630509,0.5287989065774492,0.27180211636790474,0.8590310671632803,0.7377404384957381,0.21869941964070772,0.9454759079107112,0.9736985867248025,0.36365287864698326,0
0.884783,0.38642,0.68087,0.09906755257362931,0.773337693114438,0.6469592933174648,0.1936629023352996,0.7635845355800391,0.4044788505753274,0.7163199115272064,0.7075925850372135,0
0.000345635,0.992054,0.831487,0.45490332132857814,0.9700262921121264,0.2926616580384185,0.9997036987187735,0.3799501069356963,0.34629327201234605,0.6672706460157328,0.5055062892929636,0
0.638125,0.594379,0.911298,0.7746311609717541,0.8797424388110839,0.773020615666693,0.320434966657117,0.48440291412774683,0.7788283424088759,0.011056701487225151,0.7325968106801667,0
0.80739,0.438887,0.276199,0.8447902015688948,0.43669564269571204,0.9226374118112572,0.4772671052970918,0.4232089668354694,0.4500784267387332,0.8822914509661126,0.0002624388413063894,0
0.55205,0.253812,0.94202,0.7660360279339158,0.28331297338554196,0.2210459366788322,0.7166643953491768,0.407274909277587,0.5740834906421147,0.1995046077350301,0.4923970286079121,0
0.93678,0.275074,0.128533,0.18417736281575736,0.7052883035843911,0.7162096901993649,0.20142257681464548,0.307538145598104,0.4321629682293556,0.7137985936828497,0.8714974454716624,0
0.822209,0.17704,0.491371,0.3401110036628424,0.8294425756233451,0.04300141100767152,0.8569060127290629,0.8604025791824375,0.9694583602718544,0.429432355841072,0.4258606225288627,0
0.381927,0.736141,0.133314,0.35109568872092467,0.41394793103621075,0.906190946422504,0.619894475310635,0.08879663933862836,0.2962816418021019,0.9908953891931072,0.19445099209214867,0
0.906161,0.100534,0.334888,0.2975377040540055,0.7816180929694141,0.0048405984144666014,0.3977509103346032,0.4377544417870556,0.6923584784063808,0.15439198629656858,0.8997708809912716,0
0.43835,0.538068,0.315248,0.4107116087306131,0.2594053610737017,0.32238672382969824,0.7034070267950558,0.3586614233722871,0.8257075191268024,0.7832712622366607,0.10210140363033104,0
0.442018,0.393294,0.91342,0.8868450671118524,0.36218125844648497,0.8172502645722367,0.9403861865215043,0.686358195145374,0.16733176273142503,0.41250625289243303,0.588959789194174,0
0.155423,0.561975,0.767327,0.8911542696411485,0.5549067478545451,0.6336545036564468,0.4540279538833931,0.7884524155099533,0.03685187943547985,0.6056487492239783,0.8765404220395328,0
0.177762,0.698513,0.00559871,0.5422162300643872,0.8484412493855223,0.46575816223750943,0.4506750888746792,0.9260022423006232,0.637268204536009,0.42955167426500973,0.5967639527751337,0
0.0513155,0.109999,0.84438,0.2077882357281814,0.532788413917335,0.5499669845138045,0.24192419083201178,0.7749882257003967,0.9253628955569874,0.496804848789839,0.38280820352659783,0
0.44827,0.793644,0.395609,0.1912080402804316,0.9746088248323371,0.22536340475950134,0.9128064908455408,0.7956656439128593,0.5928014596429293,0.01233837390166359,0.299874446712999,0
0.904926,0.674243,0.625372,0.533683330632389,0.9475347209147894,0.9155269910035297,0.9012593098285557,0.855034650391497,0.9800179186417497,0.9457230336874721,0.4482993321102057,0
0.824427,0.438209,0.532348,0.14738568771562865,0.8759931061735441,0.6933620465695827,0.6722228779393467,0.8536761868942505,0.5126619362297997,0.16849307552663384,0.49917349621577534,0
0.664111,0.538159,0.0679107,0.4357145569958428,0.9705761401565496,0.6291193219720187,0.741746963813251,0.6704036338917837,0.44088747548628704,0.39153067940716557,0.8881453115242958,0
0.338483,0.0535154,0.639035,0.769036710407938,0.43233954001901764,0.3372276254581503,0.08590825155371629,0.6036429676798355,0.5161944824124193,0.3928504683278825,0.39811547646942314,0
0.901379,0.59814,0.431965,0.9985150801088868,0.05312607963185412,0.7398544176378938,0.09362150954397097,0.09459689042407904,0.5277313320266865,0.5030227548059574,0.10800967131740968,0
0.0203869,0.591468,0.542608,0.539719486527443,0.39698587519810946,0.15766726057963487,0.6285819686222016,0.07392975923139034,0.5827211622064173,0.4452617553435715,0.23046707768910402,0
0.822914,0.46745,0.217517,0.7143834390642605,0.4484063022041479,0.560151596436716,0.6019155286528673,0.7905250974191373,0.9777367836841869,0.3532781158104218,0.7901170119825592,0
0.623028,0.759208,0.0209744,0.3440412954512634,0.18216617423337544,0.5114701757023166,0.8147053972080043,0.4005458191071227,0.07140721439748787,0.11364509296930891,0.3108263456060959,0
0.258322,0.343572,0.588788,0.6728935823885974,0.6214522315610042,0.4218145206061754,0.8910257795619448,0.5638887757982411,0.02335999182452342,0.18243421282296657,0.4572075407255748,0
0.877479,0.302507,0.00949497,0.062114108169260995,0.6944644309188033,0.9801090224038853,0.8389353016814363,0.35113997185105783,0.0943772534300743,0.5939106970729106,0.40974902635369104,0
0.477314,0.182671,0.961418,0.4005695340133938,0.7289605280625926,0.9101243025033151,0.9956054608950409,0.641509154135726,0.9449513654998837,0.9694084339882459,0.9919665169128747,0
0.0582836,0.673631,0.346319,0.02485545109049081,0.7126994498352781,0.9955291162146316,0.5505832940600434,0.28816728792856705,0.2584874233799527,0.9034754651918687,0.6157465435065196,0
0.926367,0.570667,0.160111,0.9882164658657782,0.47825212283816765,0.21240981724139985,0.809131649844981,0.22206620698644908,0.7410781912353697,0.8413144284150434,0.3198691530860348,0
0.183875,0.159213,0.893963,0.3205528954345698,0.7980602857510196,0.1951206874739857,0.9164313004221649,0.6648671268897651,0.6088332063892404,0.08180312402310597,0.39089449334979165,0
0.992312,0.912595,0.57543,0.8363279657191148,0.37957979334917236,0.058792860403040215,0.8411879281440646,0.07031515010411826,0.7145160580889294,0.42800093075342593,0.632663643220303,0
0.889178,0.354303,0.320048,0.031983702784830315,0.7578949105991439,0.2116761323333458,0.23291504692078835,0.01728532422124529,0.07869247413951119,0.20538509560376994,0.9878191222090383,0
0.487005,0.859103,0.169626,0.9417369999609514,0.22731231336080615,0.17942215489960434,0.509538716909615,0.06076857032599037,0.8754622991620804,0.5628643386768853,0.6694300829658825,0
0.765674,0.0242731,0.684727,0.7549365210951487,0.5477834535052963,0.4804220650257949,0.5158189152874846,0.2948394863054228,0.9062323821353554,0.6277526811992862,0.6416838579580461,0
0.0391865,0.743244,0.632094,0.435464747558281,0.02852082936434508,0.8912170973062616,0.028133640477714605,0.8119842155102176,0.43824947837827266,0.22460346986862545,0.22753157551549363,0
0.929341,0.988355,0.477904,0.5881846640303076,0.0025279911502973373,0.28478315122735753,0.9426386639249796,0.04819387138575937,0.06631269039194387,0.9244426604875283,0.8359295551253111,0
0.672409,0.464396,0.26093,0.12105537871486682,0.7565455868366535,0.27555834312974914,0.1740126674514565,0.9807423221062839,0.13259695794429138,0.6983616344100463,0.19643589508214776,0
0.468149,0.0159076,0.800759,0.059757498934851494,0.2440186712574337,0.9528419676815478,0.6015723943275557,0.2199209291390244,0.6969115657738123,0.8558343395962288,0.4088453913321556,0
0.880718,0.572297,0.494586,0.023156677796354774,0.6913116269001537,0.878995768589378,0.27752030624012225,0.06672518913480241,0.19237109715314504,0.7997066719897279,0.7038772099458982,0
0.189389,0.257399,0.594616,0.9045216411705026,0.0770505726600792,0.44891241555143524,0.19285748691910087,0.6497024141168491,0.8757655212968326,0.7465405473594477,0.806100084981507,0
0.654925,0.941755,0.682089,0.37135139326651667,0.43733556482567815,0.7165157401132802,0.062093224865070296,0.008685275224084688,0.4540299062175358,0.7181511949937723,0.45964580756502915,0
0.160735,0.341058,0.21219,0.3677942356064734,0.294045769143373,0.11774984259004051,0.6614244044777017,0.33946065693499183,0.5243923424720176,0.35846006880099923,0.0982473492711593,0
0.1984,0.133723,0.568363,0.3311217673566189,0.40348683496293425,0.7320637275337665,0.31374759154342147,0.18605375107385314,0.15615302206407555,0.6720987436565431,0.12938533547970588,0
0.658268,0.473275,0.240323,0.18210666145454069,0.6862787145905064,0.5997960714528494,0.23161223141659015,0.030531005303630288,0.2947387453109028,0.1563708159233267,0.14193235887300049,0
0.955656,0.360717,0.740974,0.6410832884186946,0.8473134548308628,0.08628567123628861,0.789396842625951,0.9463187248633755,0.3591831879796137,0.817173597281375,0.6094871807899738,0
0.894416,0.991177,0.688914,0.8346129327241021,0.896397674326116,0.3274472576668509,0.07223128069646245,0.8144961006699137,0.7649000906679129,0.5036766641446527,0.4770639693037648,0
0.620036,0.0176618,0.901591,0.32707820357684236,0.5245028907224161,0.08569049847673393,0.8184945925258101,0.3200966357112749,0.5658563886700974,0.5305023127025766,0.5960326287533904,0
0.449387,0.955454,0.196738,0.920190096421959,0.2973014181437251,0.8665657632643448,0.2668062523370248,0.20436257627321675,0.4966787872428099,0.1631515738845507,0.5980930807887347,0
0.332494,0.831122,0.585416,0.6042093482180052,0.2963648444943986,0.05528588312844762,0.31807281075981786,0.7575501091138122,0.9521454692870126,0.09197951184495101,0.9107906443767934,0
0.293246,0.925952,0.971154,0.305825518433515,0.8296403267602448,0.46975872957623876,0.1492045965006873,0.036106641646379445,0.003580098753261818,0.18901045148368067,0.3677582253214864,0
0.441731,0.450757,0.195703,0.7225237889941911,0.3536429968521725,0.6385825132088871,0.8505367538412085,0.9614738810139666,0.8984841098445475,0.11219517088198472,0.02320267762864814,0
0.776924,0.0200939,0.504933,0.9353897510438527,0.9094710268312219,0.9257824969127562,0.12662107483461693,0.3728033643683103,0.14005580958302244,0.5953562475552353,0.21320531905463147,0
0.162658,0.506978,0.430886,0.3734229821692321,0.029307136803551792,0.6784097509540267,0.9493648295848978,0.6888166108573205,0.5649151458545993,0.3849099114335628,0.3818096083003235,0
0.71373,0.278558,0.776048,0.3731361167194486,0.24056790430099606,0.3676880217219144,0.7225974804775828,0.18254831413390293,0.5680085984046332,0.2590446480495574,0.12313239463164871,0
0.191979,0.64152,0.872194,0.1882102358401495,0.6297646762127906,0.6711502973337036,0.9255747059162326,0.9492464544598841,0.5764770830088771,0.6763990117104041,0.793311063452749,0
0.547232,0.184748,0.485718,0.5758918879019305,0.37180460349573774,0.3171219713932777,0.5307815089129364,0.8152743193457297,0.694214792026153,0.08802110862768042,0.9026707127242495,0
0.743575,0.657751,0.275132,0.232491087971877,0.13799297611343964,0.08837343594509972,0.8761476118621753,0.6579283015070122,0.35866945779513015,0.6517935753959025,0.9207410127652196,0
0.536678,0.724751,0.796546,0.3809794815851021,0.3432508510503318,0.7686981318416752,0.19091931680505003,0.32295275714404714,0.7181039320255372,0.9201876801488766,0.8525346105224382,0
0.947369,0.848066,0.495063,0.7699803817822466,0.4338930113769409,0.3702185421001326,0.9786998367191633,0.3742660667954051,0.45552265055029917,0.9190200676020646,0.40268664796102094,0
0.888999,0.473223,0.750014,0.825843507764474,0.538549509753467,0.965823984875391,0.7938702525770622,0.9534770754997103,0.8383416852525717,0.8159845051499611,0.02621037157564432,0
0.131055,0.309323,0.0878873,0.8068989290469694,0.8797359591251187,0.5381328599839678,0.8953003887372812,0.4363797443295504,0.26689346452303775,0.2064458771225628,0.15475136608248286,0
0.905088,0.546234,0.835764,0.6331496541579221,0.3259036056687147,0.6950162720560685,0.47331188791856504,0.10092698082947371,0.9147204316119858,0.8203953123680334,0.1211479148301905,0
0.0161528,0.215385,0.446095,0.8611422406180815,0.27268792472818226,0.06406640506853545,0.8789765385813085,0.11201884707746534,0.9241211403746815,0.10596462439783316,0.11640087006873279,0
0.841396,0.540974,0.958444,0.3618159972594922,0.9473588254142968,0.9645557526580439,0.09543677952268437,0.5977723802087785,0.7920183865501228,0.7907871173249318,0.4082186963735712,0
0.819224,0.106257,0.375027,0.04946971428600078,0.8543314273387945,0.656506178183009,0.47536740305186354,0.26049396765997634,0.2230302539136314,0.7428382652840395,0.7651156630480773,0
0.137315,0.0873641,0.557797,0.5198071444252763,0.8038152216256207,0.06080795733716293,0.6392286494953291,0.27232564014728733,0.37277412485200523,0.3026614148592749,0.8838113972432576,0
0.391585,0.439179,0.34039,0.43707856638757336,0.8080125975903029,0.6584070901794382,0.7770714442126213,0.4947192356813509,0.3255470211982556,0.6304725579961103,0.12249080976316584,0
0.0439659,0.788315,0.463927,0.6039690020459869,0.8437924179940435,0.01670620616721752,0.8089814848404484,0.35599531900287595,0.24220221006682208,0.6892910484521035,0.23613783429494983,0
0.868587,0.664672,0.617927,0.8643051833941409,0.5658534718295386,0.19907248306632086,0.7734442101052266,0.12662239033355738,0.2927829262579359,0.17842670600176969,0.06485708583308059,0
0.135233,0.426182,0.365644,0.45287250824396585,0.6504038093508403,0.3299133083373226,0.9282750846237354,0.526062488662383,0.04099341901218567,0.07801017709671221,0.7344105204135657,0
0.421927,0.635634,0.721819,0.5581227741634255,0.4435121801093517,0.5321696655445112,0.3707212641208708,0.5920590523453007,0.08309630343290086,0.25417875646002397,0.16180757389885758,0
0.48196,0.539206,0.405102,0.8866325280117938,0.3180323831643145,0.3675238744243523,0.09085552059692681,0.08925859038398243,0.5091568094477694,0.36610817416901775,0.8608042762717062,0
0.304771,0.736665,0.154701,0.5044194311043839,0.6771118323201614,0.7583193667910213,0.70937288410764,0.6563750546248248,0.792064262736693,0.7597830718573342,0.7859757750886273,0
0.189673,0.750702,0.963651,0.9811033334900151,0.41136490619158483,0.6587701911628431,0.03483836779240079,0.7876882246432583,0.9161939885949014,0.46233485584163003,0.5925504443069555,0
0.426095,0.482983,0.234047,0.6692730902578444,0.013359163500927584,0.7118642230103573,0.0668871184678892,0.12173318407963463,0.8759074805495328,0.8782217221488973,0.24371574023682785,0
0.726907,0.636807,0.848179,0.49429702753649696,0.7232557807376717,0.5346826389520541,0.3888893436907682,0.7697511154034512,0.11222079128238482,0.056521770640773905,0.3284565976303251,0
0.460611,0.943107,0.671745,0.4765195862477508,0.3354933953893189,0.5070893286895353,0.3016152584622436,0.039083721950650574,0.06354972230140421,0.46266245640911174,0.8979773099987709,0
0.336842,0.415993,0.78515,0.44812581064432644,0.39209014515696305,0.47554286816565117,0.06014085249143464,0.2914978133398103,0.9461061848485381,0.9764862314494513,0.7942794951885034,0
0.527374,0.91257,0.785943,0.4382240873150831,0.017881281321677767,0.583187804876898,0.35350439553245916,0.7914451033114935,0.17606328163010965,0.6321434596458491,0.2984706760591158,0
0.249779,0.639691,0.0956107,0.12310729670002718,0.35829157740762296,0.9552295201847675,0.6841770575140551,0.9879365179138865,0.2534578727004423,0.6170615603089501,0.6834903874519379,0
0.809959,0.836271,0.229762,0.475805986780514,0.40879984817784276,0.0821857490390221,0.15048075462698662,0.14057030746672106,0.4120900785269912,0.27561085683604936,0.6183599953210812,0
0.625939,0.145292,0.709851,0.22692534825396338,0.985505452493598,0.6622905557389274,0.7158270383911661,0.8000209664987569,0.5469684719652161,0.18268778530175733,0.5382720008078357,0
0.103794,0.8848,0.455864,0.009864424756346302,0.35957203923058134,0.5641471766013321,0.6467281050922851,0.7992799395745461,0.46572679433006126,0.8714996247158898,0.01596619904573593,0
0.0825928,0.937764,0.79692,0.007355936499789273,0.12442215274958335,0.17047047745691302,0.5771657739470103,0.6139370198748715,0.544475762981659,0.016430463799091632,0.646983067368554,0
0.0563516,0.296175,0.0731904,0.8178938970515467,0.8518067414089222,0.3379879961003063,0.21495072285041172,0.06672571427479468,0.19936631259530257,0.4647065929237314,0.5442566514316555,0
0.46515,0.689546,0.138254,0.38171445890471656,0.43535172623323914,0.45086846202781394,0.6418846916998906,0.05306546789586053,0.23196514704471682,0.18651753144932492,0.9385847016006814,0
0.830781,0.218767,0.664744,0.520687162201174,0.6289590540166236,0.36655738805732485,0.7033979731788493,0.12863334024809303,0.7993304950305428,0.4715827644456555,0.35955480182705746,0
0.657715,0.0845251,0.374194,0.5253505081459202,0.22858943484297,0.4223143129495387,0.11860478733892654,0.5955419521945081,0.9534618326345043,0.7423949752278235,0.6993917023371176,0
0.278818,0.147931,0.827721,0.9033199739633417,0.8685269787010131,0.12045493891341297,0.8186678982165477,0.49019916212823844,0.11776676196421498,0.6756704987508626,0.5133663684754259,0
0.375625,0.256669,0.294626,0.14121797825314086,0.7287497853632997,0.8641926188993387,0.45754788202899566,0.6817741879397735,0.4989649922848697,0.825437607669434,0.991788171976387,0
0.984649,0.0427169,0.822185,0.1171108514538538,0.19226793771078132,0.7380329987138307,0.019892731141218478,0.08348090599142022,0.5855013605445457,0.9561770841287927,0.08973880802242418,0
0.0908226,0.0492869,0.985844,0.16685709070585986,0.5830237671162422,0.8357434355529407,0.47238061185579017,0.7412800594977333,0.9690211161312529,0.8515288826736161,0.6552606225978365,0
0.707914,0.799604,0.835981,0.8172480339739643,0.958307271462939,0.4137678257088889,0.0008731375325747859,0.10962726170903947,0.8707850112092169,0.5495557707551675,0.6153830806523775,0
0.61509,0.6184,0.593001,0.676399302819032,0.9873999699183278,0.815954477035475,0.9133318884454604,0.9766043325684305,0.4442753872187116,0.08133245852392346,0.38158173895267045,0
0.196237,0.294498,0.463912,0.5029029306378425,0.11655473746855427,0.8806690496037248,0.48326242850183554,0.25605212556353396,0.6066539038172153,0.5196307973823127,0.16724949662663735,0
0.506041,0.813149,0.630306,0.7970333640066909,0.7590741813586956,0.6969959111515365,0.5522104659259341,0.7514714292595362,0.8251562035483531,0.5637285613972701,0.4790673451194609,0
0.786575,0.263082,0.62236,0.43705407849507094,0.6857938216232267,0.37711786269058156,0.13771563482047922,0.22132529046207872,0.90576908548367,0.18810269962558224,0.6050149269722076,0
0.958135,0.375145,0.50365,0.25173377440595157,0.5194697368596323,0.4499163972021265,0.604896287247966,0.02827533735567256,0.7003448846260741,0.7389577916130905,0.7159376985658975,0
0.201374,0.28476,0.275709,0.32910543009778304,0.525343973966596,0.249987775893887,0.9872580150623044,0.5055128963643982,0.7182421401940408,0.8835088642061226,0.909738722329005,0
0.477413,0.196494,0.478678,0.33786947468845163,0.6465268828843624,0.5383137435235716,0.9468045261146394,0.844573670898272,0.24659716379446894,0.06805009673336493,0.7332768612360592,0
0.0635966,0.240723,0.916716,0.5329130916559847,0.3654867009898246,0.28775276395424954,0.14209739725430348,0.3967842302431227,0.45561450584325114,0.12967652702310362,0.5056284365763918,0
0.521879,0.955153,0.816338,0.569231364017607,0.067300800745698,0.7526730394057926,0.9413734999550638,0.48681787987461356,0.619314644645234,0.4692231924235941,0.6240543373586214,0
0.884491,0.708269,0.183209,0.6952617531667284,0.4297399756416186,0.9525669471778243,0.5053809744524332,0.19547395374433696,0.3705245233513216,0.7673492893020131,0.21983218837118634,0
0.0108892,0.241152,0.423733,0.48004353143605116,0.045303675120315856,0.6384740927464928,0.4988876605146829,0.4723922120168109,0.5006282367587832,0.6074707048225705,0.928586437452683,0
0.845345,0.878925,0.452829,0.7981003937048657,0.9928780557048856,0.6989686757116105,0.28360429506968887,0.7255888026779094,0.857029303593132,0.4777969032668111,0.7366615095353553,0
0.596077,0.513816,0.711668,0.27555916847153195,0.7297262766249862,0.6122330829595203,0.21515914171414519,0.37154051896386664,0.10813719942058164,0.42129144815417496,0.4106365413727989,0
0.406127,0.577058,0.395096,0.741860710891675,0.9616403526205467,0.6855806266514104,0.6340175533694119,0.2628580268190951,0.6947140698160467,0.7081909200848308,0.11263111326771402,0
0.181371,0.151535,0.553377,0.9252570347166632,0.168928438517434,0.8506985574522676,0.7227905932722226,0.10759159199903134,0.6307631310616817,0.027214719816281208,0.20086383489083637,0
0.488365,0.131354,0.337278,0.46241308744191145,0.733642079360791,0.12596642926199564,0.371389133707117,0.8216083636693042,0.4148515263592508,0.1494354891472568,0.8385428122181947,0
0.52754,0.623206,0.0574456,0.5914242262445716,0.7300951734844671,0.24132097061786595,0.17648072338991394,0.5999187006524803,0.5746522237347247,0.21085868557552145,0.6914935373605218,0
0.843794,0.389431,0.35804,0.19850274617350983,0.931535592712069,0.7951763267534439,0.1739273081864119,0.036002960421567254,0.7530772714004441,0.7237668944668896,0.1688083262858442,0
0.0201148,0.297269,0.569967,0.14127394931825055,0.868808751341707,0.437882745015007,0.021369675286036505,0.8755360518266844,0.004738049249849996,0.3969469467726343,0.821966508877379,0
0.518486,0.499093,0.150953,0.5851506096995802,0.9651458862990813,0.8400333484215513,0.38109248141038443,0.33836252004935086,0.8712276018690965,0.7690925326031839,0.4341536293803566,0
0.481145,0.0647238,0.762228,0.12824098102472303,0.26471687939722754,0.8811340146068348,0.5757353268247118,0.44951910853885,0.7671651335944923,0.9246708607115501,0.2585690853418168,0
0.254811,0.83645,0.625185,0.11236275185248557,0.949647770098067,0.21238863463475188,0.048758050242369566,0.33016757068853886,0.3536340431929853,0.6907435728000614,0.005169218675468601,0
0.203657,0.213343,0.46282,0.3464050456426482,0.44340921302978775,0.9328129186310173,0.09523731557743187,0.44856943043626174,0.45531828377882544,0.7775248224074245,0.8659216178958987,0
0.0993668,0.766221,0.888881,0.27383943921847476,0.8402830953943756,0.4676061614497464,0.4314781433735081,0.6348759591548313,0.2578988448064754,0.7527597638126897,0.9220453975577496,0
0.374156,0.894267,0.496409,0.5449488892418125,0.7207181891024533,0.7724364950418534,0.47174258101112065,0.7397492428473291,0.4755002103898823,0.49560917882137223,0.4443804062086917,0
0.632622,0.48751,0.688664,0.9661234415380284,0.3565924903251201,0.8751373590948341,0.7950280316439216,0.522522754344373,0.717756948784437,0.49170616773349307,0.022557361276327348,0
0.695203,0.817531,0.239072,0.8417628326692915,0.7099589269778154,0.6259903943767975,0.37147502821595757,0.019151922422725343,0.34454390115048394,0.6501577867634993,0.866922222354516,0
0.605437,0.505734,0.2012,0.01607696147775617,0.7631972735165858,0.8694402488685932,0.2656041923883008,0.34128831509826685,0.5257851145732778,0.8001081181729351,0.2317837871398598,0
0.0870596,0.396897,0.269967,0.848049529188474,0.4325834626861482,0.8460481594693138,0.562926464842718,0.97438240630013,0.286070902929793,0.4998935474799219,0.5051916934048863,0
0.914675,0.0530844,0.584393,0.2786999869803809,0.4018048711916542,0.10620527856750317,0.09239915914631691,0.8043203137339973,0.4949025997319433,0.5567999950634255,0.392766981520125,0
0.636573,0.160803,0.57629,0.5614325694191697,0.5156920185492446,0.09858225705866686,0.016148387464747005,0.266412572774697,0.45234093263787223,0.5766148052239405,0.38022494051670974,0
0.463154,0.854918,0.302854,0.8635518758423035,0.16064475324069294,0.8530321208789802,0.5346898309196902,0.411758982959994,0.07125178002027599,0.2107536096643723,0.862905288158749,0
0.681756,0.415599,0.10748,0.7179117453949311,0.21523887153208687,0.7416972290984047,0.004439885614422323,0.6431029010303009,0.93746754461306,0.14522739380968663,0.7718103708843382,0
0.0971879,0.969364,0.170317,0.49786576340437916,0.33667858128818573,0.9234509720694039,0.41511298209081815,0.3847663219816314,0.7338706642194951,0.18749312778816485,0.3392957637790983,0
0.370864,0.193392,0.58703,0.2851897988099632,0.5673664497190655,0.1516422563304688,0.36640911910989415,0.38238414999173376,0.5624102414339536,0.9447806437631542,0.8964540738996258,0
0.96452,0.848364,0.0525069,0.3755649797308701,0.020625852173339454,0.8012540301571567,0.7965776419319679,0.44335759075346504,0.5952013238788053,0.8300644898219663,0.0582890162278249,0
0.405519,0.577486,0.741673,0.987428683802298,0.8288340317055736,0.666289800707313,0.5427412077098069,0.8027275954898441,0.42963971786329536,0.8680686099943608,0.6506620074700991,0
0.00373757,0.519364,0.205217,0.05959735619223949,0.8780271088080348,0.24118874223070663,0.7104162472367568,0.1387019320920675,0.35926830402176946,0.2895215559636263,0.044959244260797226,0
0.615214,0.0727268,0.798175,0.4721927563253625,0.5172180984186686,0.6146756607842079,0.6067357075138156,0.9831428982661164,0.5033567816882573,0.9916648257134265,0.5687436533172086,0
0.303838,0.432236,0.539888,0.12685801122301288,0.9428853556605096,0.38132615581459006,0.15450729092975757,0.40086436612686605,0.7596168532303205,0.8768504331050747,0.4757585505471029,0
0.68451,0.0734444,0.947285,0.0946317132900365,0.6797244719982642,0.0523722138295476,0.024033664000661648,0.7737942052884655,0.6643413983995483,0.4489503420926737,0.17839510805564107,0
0.27136,0.440476,0.933825,0.2983524895464199,0.06416674361431829,0.14149664596182854,0.45376519213719346,0.13073576900737527,0.26173164347695255,0.7813572185337657,0.3721788018220017,0
0.10571,0.0622564,0.123166,0.5421414829428313,0.3083376497000516,0.8054664240516406,0.45152270666012284,0.2553819133789407,0.4849164222553918,0.741588281883913,0.22962744634930077,0
0.690571,0.880928,0.589602,0.1398916733893638,0.20172380588049366,0.8637390112049609,0.19212341575662018,0.5884562304580822,0.11281995689999846,0.47791008069403595,0.3566203126929608,0
0.6813,0.218553,0.93283,0.576231613356621,0.5173264928086002,0.8516430382240641,0.590084010543045,0.47725076356772544,0.9627875076239659,0.5519359951329006,0.7976848871385158,0
0.387194,0.771153,0.706976,0.7157094199985169,0.5200851108918927,0.2717345458514834,0.10110858193340089,0.7210707391065836,0.7483948037615802,0.5573839962578158,0.7487667789538738,0
0.843524,0.72153,0.329296,0.6008294335844175,0.02520759379020221,0.14175113298754838,0.4631120889401227,0.7811576400734364,0.0033064393254229607,0.02884002402266983,0.18844436419223165,0
0.517672,0.397174,0.709766,0.5947413845263254,0.8961412573514965,0.23071050957347428,0.17506967447047994,0.41862280208463687,0.8023105243891304,0.41926148231974447,0.9070823785563195,0
0.733526,0.0471898,0.408251,0.07459021329141813,0.6809845143759646,0.8906549478960847,0.5001542791843351,0.48014311195042325,0.11786169892278775,0.8116824933591167,0.9755516187084984,0
0.90508,0.470603,0.0462905,0.08485678668971919,0.27298961040066794,0.9674700096409667,0.5573915991830474,0.27374514140504336,0.07370409384892496,0.45207089606564677,0.5634782141303,0
0.70792,0.81417,0.920549,0.5025423409153692,0.06775699081866327,0.2762220036096793,0.7942692083218378,0.96999104415153,0.3957769987887151,0.9000679293865593,0.8453255281185741,0
0.357482,0.133446,0.553734,0.7723986372225545,0.9266358723040361,0.9179748910587124,0.5384077118552776,0.9746404748915151,0.5587207833137685,0.2665210783689056,0.6218850783968983,0
0.641595,0.61706,0.34562,0.3844095749285331,0.950940543226303,0.7078711888538273,0.1406929366453944,0.9297676707511993,0.14844117635921972,0.20324893829075508,0.22190746392905392,0
0.366277,0.375507,0.486804,0.8534613105301161,0.8633648638198517,0.7406394854637515,0.09783716021227773,0.35572154079938434,0.7988727424190509,0.3500778634127967,0.7203009401170928,0
0.22741,0.6547,0.723957,0.4637960632912449,0.12667124769938953,0.9421057007806121,0.360577793303852,0.8631751620203145,0.7142898751840535,0.01790490017311608,0.9709997799207335,0
0.0795975,0.145183,0.0877689,0.6329700653929907,0.31766696363482283,0.7694565973389946,0.7710586186750168,0.6933178541219849,0.9278839868299527,0.06270476814139325,0.5543650849501852,0
0.227821,0.620788,0.576117,0.825978395744537,0.511636394863694,0.09089270189948795,0.966907081164232,0.04516910471392244,0.078391164721207,0.3170104577149141,0.06627345741720725,0
0.55961,0.216744,0.905263,0.7671575568234952,0.6197819017614452,0.10682684849349566,0.5739529710591594,0.332061552095656,0.10644198646292014,0.8694352027182133,0.2415664585313455,0
0.759057,0.767565,0.898342,0.796720251005741,0.6301694984062465,0.3682501659544174,0.2084230421391129,0.8778486543259642,0.8057498958071924,0.5673354456793963,0.0879627386998133,0
0.872598,0.0281831,0.578652,0.0630328309869056,0.9972303921927071,0.4559893060474929,0.4746602390168354,0.7200948962631701,0.782720122227077,0.8740000038173666,0.5006727685858312,0
0.352369,0.864453,0.732377,0.7478855648037092,0.8920270508188687,0.5789055060124936,0.6720280542507362,0.002927245668985834,0.6017947475413354,0.7147422477447062,0.23125989459057528,0
0.999185,0.446235,0.945602,0.7088867871715787,0.42171769764159994,0.44071914407827406,0.7141357059136232,0.029686473024695403,0.28941130452290265,0.7839117282637355,0.7740823592992825,0
0.995978,0.0791521,0.80225,0.3139553534655317,0.8606922484360253,0.2613837607056101,0.7591983917272406,0.3521603850469166,0.8125566056978962,0.9029336463802413,0.7785169528952924,0
0.0610915,0.341239,0.74173,0.3491000597552525,0.985949591266597,0.3410026750303651,0.9683609975191484,0.14016715234847044,0.5571832255147687,0.9811516677074646,0.8891190147673037,0
0.00713855,0.373587,0.397803,0.6466784433658227,0.6464081414488083,0.21444316177515566,0.6200675065018714,0.44610009121488836,0.668142515498521,0.7660719923035515,0.2195199013900171,0
0.333905,0.367787,0.587315,0.1957371490789387,0.20336673305841624,0.7156884265718143,0.0619274948378572,0.056584269259210784,0.9398592446505897,0.14832962923755322,0.4765171050701773,0
0.367206,0.0397692,0.745895,0.6912726211698655,0.6608753321155777,0.6219477751389194,0.4644413840551229,0.1625494281200548,0.8384181109915634,0.7619269224544135,0.9561292365335292,0
0.67061,0.74275,0.977434,0.02527462193632768,0.3957827844704428,0.020854995669906007,0.9281017916929452,0.041173236048384076,0.8282750117903385,0.9385480761678828,0.12361093299200043,0
0.690964,0.454698,0.895223,0.5447480152318548,0.6753639662901995,0.836803621671245,0.5329009819194536,0.07385994740726087,0.6008387861935359,0.06732548323845955,0.46092557191533756,0
0.591511,0.734433,0.0400482,0.9427456987083371,0.5706442798507897,0.6076629884415236,0.7290794082283074,0.4648950578308627,0.6931628597139369,0.1632082106452457,0.5814753074838113,0
0.509358,0.258267,0.302359,0.830439697646569,0.24112334636229726,0.564405526925649,0.005001965422886334,0.5512952351644643,0.90525055168229,0.8023441451689873,0.73711433341963,0
0.956185,0.933065,0.425377,0.20946688041897543,0.7343334036292091,0.5701258392520915,0.031640524938863046,0.38205518227343926,0.9747771834000468,0.7074554806886038,0.09264885822226365,0
0.831088,0.272146,0.902055,0.2994366586692555,0.5324597670052511,0.260733392224043,0.8577236375395267,0.5426365774963063,0.4513196143732682,0.35776568323718305,0.6957564256619746,0
0.00614397,0.385434,0.583242,0.021509550444733794,0.5913349559270724,0.4552425205863727,0.2217203254188298,0.3027890624794596,0.3583492412632652,0.7051653428402415,0.7182712487352771,0
0.057358,0.40462,0.617946,0.8002798932544157,0.3164837177473485,0.801326989557724,0.16453539854638866,0.4405848765807683,0.5237866338707513,0.5370356785013704,0.4657810792269502,0
0.998984,0.583594,0.479235,0.9084251161724056,0.37624684659313046,0.8592232313848557,0.20900883108784485,0.04104222122506462,0.23070681699352913,0.45434503448176866,0.3320126948477554,0
0.999369,0.116,0.968133,0.1199749418621383,0.19574711756627106,0.4423111762385282,0.2897911300781868,0.2527781424870291,0.3455787522710848,0.7484065139055122,0.4175583988412066,0
0.785212,0.325693,0.96994,0.5799449475332137,0.18626043928450653,0.10315120878651962,0.004044266515874528,0.8225372732247709,0.1687519084891106,0.7907025546852717,0.3762073277575432,0
0.737689,0.319904,0.201538,0.961875383981773,0.5079698874050254,0.1260593839877584,0.07664257957856668,0.29078851484928414,0.16494075856867174,0.19974371085739262,0.880018673607329,0
0.833801,0.024354,0.628903,0.319625176233,0.07855407933154057,0.6515336283479775,0.9555180669684125,0.9804589123076467,0.3509502007247668,0.5871100782108872,0.9397326265775275,0
0.378659,0.927778,0.220117,0.5324276315459888,0.22191533158851384,0.25249649568062216,0.3810627298766939,0.6362439824879699,0.1695931476644642,0.0307120049474936,0.7220316026968258,0
0.687912,0.68492,0.767159,0.6910409239958297,0.04674504905866228,0.8198511161007435,0.15211029864367742,0.37932814641530943,0.8032729143864905,0.8829308784244145,0.3350028953858484,0
0.352488,0.789856,0.508618,0.2905731751917249,0.08732902485806882,0.23721779224068607,0.6138006962044394,0.002912720882755404,0.8579126228054039,0.7099022197313499,0.9766707582177977,0
0.915145,0.363272,0.772234,0.7118902241120613,0.6488808377740359,0.592984927558857,0.39941028964334524,0.6861458898913726,0.969177529690872,0.9757030405330746,0.7205617169463826,0
0.776533,0.131405,0.731952,0.8965788928064296,0.3714823864705947,0.6878407741812446,0.8636856799750225,0.7236499072080872,0.11540750618596585,0.40527708804907914,0.3336333439382083,0
0.160545,0.379027,0.872048,0.9221402320631219,0.34321443824170306,0.5084410044427375,0.44116864195082883,0.8220390212852183,0.9096051249809778,0.20507043426167915,0.165403806526073,0
0.150751,0.155903,0.397144,0.9479825180772001,0.07310883681753244,0.3646423588680404,0.6431725792159265,0.9072750895587188,0.050914148113946345,0.8977163791265704,0.36814146905867207,0
0.49962,0.217089,0.00683431,0.6046235404348062,0.8592164949369088,0.04052429260752499,0.32175213461883234,0.9996840136587772,0.018688121910016342,0.8256550391373635,0.8201424633009383,0
0.230488,0.871473,0.627383,0.42192622827053883,0.5657924596958885,0.1261824087530965,0.8978219345925954,0.255829037325522,0.35602972992324466,0.3776079061444505,0.8875214890001583,0
0.99578,0.786734,0.205522,0.7597853963269132,0.811744360107561,0.9317456038879764,0.36319425103460257,0.6254903400798574,0.16013860873372976,0.20961466883389435,0.0426949489724987,0
0.213007,0.521067,0.208957,0.4744593113938277,0.4919445676887939,0.6637128849309065,0.1970180525398323,0.2438599204403773,0.47196167555826196,0.8963468990453769,0.93987374494874,0
0.327519,0.373524,0.960063,0.6307511443163111,0.2756291598183015,0.671511698551908,0.9063790744056531,0.7564389678974649,0.3541053897387362,0.8436801100513853,0.7060644167786766,0
0.280765,0.297313,0.345859,0.8059737557387345,0.7851144388598617,0.6779671365155507,0.9827690601703476,0.8950039887298761,0.32262988814738525,0.11931961161910587,0.5691219935990758,0
0.844433,0.964584,0.697344,0.19287769404540078,0.2765087624280238,0.5148826942442495,0.7764986191646218,0.6010820073713247,0.38578834237797355,0.9855463855611436,0.3447892532189035,0
0.481346,0.469556,0.920533,0.9396967291052905,0.9983645409542068,0.9457237131391729,0.4020308418376404,0.38041582389491546,0.00029480896672029466,0.5232476571272525,0.6945505987655193,0
0.859448,0.490071,0.826112,0.36904335106725084,0.4476631676272992,0.2916678887183153,0.37605673634250425,0.002425047050316098,0.272031424530113,0.14838396874169513,0.36781220976718787,0
0.543303,0.128523,0.269299,0.6400895969872001,0.007204210999312899,0.599142969291747,0.9901184841862278,0.615599770906877,0.5160084943657904,0.004240883555083452,0.9888242224101306,0
0.24597,0.577033,0.514685,0.07735306259592534,0.29210781300738997,0.5425071658444031,0.823266607737123,0.49707860114228053,0.4951145594963108,0.5939305985363044,0.06707854367223187,0
0.585298,0.96684,0.968593,0.7657788021240576,0.08959779219853181,0.20613796746327107,0.5756131308669549,0.2291140029498563,0.2680380462311509,0.37112344971587286,0.7048938130468329,0
0.968242,0.613523,0.883703,0.5731157680352988,0.33721179723306327,0.45154938628510477,0.14363868092748333,0.03454525376837314,0.34287936794877283,0.31443561022607047,0.6882965948567457,0
0.64476,0.896459,0.180561,0.8340503236146226,0.8536104493054473,0.01740781616871334,0.7317068503289007,0.7420215201847611,0.961009709544549,0.0914336882927006,0.412551895409798,0
0.29164,0.898108,0.597848,0.07741419685559181,0.22041545950722907,0.9071542238019543,0.889012720606904,0.6872435133165254,0.6259281604949696,0.9273148047459908,0.7011995920876708,0
0.517907,0.997263,0.0568548,0.06914161696784638,0.454021259311731,0.48036649835099543,0.38401097968527054,0.8036825959756878,0.8516195019081501,0.7390029175809023,0.7980150281512726,0
0.0286282,0.607518,0.593899,0.5713513242822035,0.6070480749791172,0.22222760199406388,0.1424720784606026,0.878705377341389,0.591978580706104,0.13383139939842026,0.517603764076014,0
0.591833,0.649573,0.64597,0.9036419933003881,0.349513238927875,0.5276530507564915,0.5396738343366674,0.7821424005604752,0.011954352864892881,0.16420365747346566,0.201276574143045,0
0.272557,0.639584,0.92185,0.5606272261591031,0.5787694622515598,0.07354594621512212,0.6269658956047967,0.4809193354501414,0.20607095023640398,0.3299689945403753,0.8110849311946932,0
0.861796,0.881327,0.416669,0.46217852607067533,0.551304386550567,0.6790804181566845,0.6503366358389745,0.9303687982405561,0.19842343882548974,0.1361156226243978,0.862925630967152,0
0.584721,0.968837,0.699331,0.6061451802746587,0.9648263389999141,0.9106347239293144,0.21763652097342345,0.1842154944826767,0.9028508204700965,0.7233039505479439,0.18007393221011725,0
0.555924,0.633207,0.208992,0.6184350176194904,0.008355420102173938,0.414187524016156,0.022524882490360554,0.9844853714936614,0.27886193099136014,0.28972618630431546,0.3301547109286236,0
0.171695,0.529591,0.142544,0.23955482816542883,0.014000707330842022,0.8418247491380605,0.9326279524728399,0.10324370173905151,0.06571044742522003,0.9094195977990883,0.44684124033233474,0
0.742959,0.494076,0.662691,0.4316280908545824,0.4630734627052391,0.1683732498404008,0.530596729702277,0.7083692827324732,0.02595474836623124,0.6362101490885241,0.7012733070121342,0
0.428287,0.447107,0.634984,0.4646467268684318,0.3593058423923946,0.6875056990423383,0.7791774748365359,0.6849173854330306,0.1364466295472424,0.1354161487344655,0.587253618416173,0
0.0379926,0.273002,0.309763,0.4368309295953581,0.6444738649938739,0.056017466880988076,0.1708369842164139,0.6696789562127985,0.30810181281323,0.578027478273223,0.8258340141872564,0
0.158101,0.16605,0.974332,0.7310968863162091,0.6496788944594533,0.6346251833557042,0.18391005514025094,0.35772546468211575,0.5586899054666633,0.6736360840607473,0.05353153866421978,0
0.0755719,0.475833,0.950504,0.8634156947730708,0.8650434615591862,0.30041303518803175,0.07123910426602842,0.9726165201067187,0.15573343027704634,0.5011478974497916,0.479888967425523,0
0.880423,0.0415171,0.134801,0.2514041126734865,0.8577648970596312,0.7271533833419012,0.32655274240556975,0.35556895915413655,0.31713464600424457,0.6519576734109933,0.9706962411395059,0
0.723665,0.394035,0.649564,0.9494685092211241,0.5803292261846636,0.15793797962879563,0.452434747750343,0.23339137077552197,0.5781679225182648,0.7849596390378655,0.939293780749478,0
0.154872,0.721963,0.518682,0.5060270129601446,0.12211441050604754,0.8621897451489412,0.5858823409060526,0.6239827017626279,0.5478365611506159,0.2840910224693992,0.3814023194252073,0
0.263942,0.23003,0.611204,0.043213348999380896,0.31561580527533695,0.6164540034923184,0.6233672537032737,0.16576270134162363,0.6999510431253773,0.647492687979547,0.8909732628308383,0
0.149292,0.501099,0.0927364,0.8987456607868322,0.6111388759395617,0.33431341165728923,0.6772135737326177,0.9876622481040002,0.5890174933116777,0.6843226676363904,0.4465510837201394,0
0.690507,0.855443,0.578884,0.537063847454354,0.6699250392796822,0.3574999781037661,0.027657706649961922,0.7217311813719163,0.015890839709867488,0.6209989563179412,0.8436688045122317,0
0.447865,0.214127,0.975855,0.4180957606302642,0.16005646864453715,0.23950549243448938,0.6086817842541227,0.8086584356541402,0.45706735817624733,0.7154825266715087,0.2240859713604656,0
0.14166,0.0800936,0.672521,0.3068053436758085,0.17757425324008913,0.4932862250110076,0.4631732001597674,0.22140271174602577,0.42236566186405144,0.9080972344084413,0.9032128410505996,0
0.822159,0.305342,0.473454,0.12033942427020983,0.09748057318778258,0.8099182594707285,0.37354374508937305,0.7789869054269055,0.49313207466572007,0.07888709572574115,0.13032514835903664,0
0.242995,0.954896,0.264999,0.531878461835684,0.7040126426311146,0.1355790247346571,0.005756059234826361,0.6396195007233593,0.24714022288664983,0.4384082462558735,0.5517517289593349,0
0.344635,0.752674,0.555494,0.9925584520202708,0.09585202666958503,0.41049333416012,0.839923198068331,0.8672134787958504,0.07739319966689373,0.6779139861406095,0.5002278536921847,0
0.0815179,0.495173,0.650893,0.44092911217521324,0.10359446143704376,0.7609315485636755,0.5669802958933267,0.10015387169952494,0.3084712836129804,0.3792805021750597,0.885529665139303,0
0.248551,0.137179,0.625461,0.9787256483835037,0.04082345931666265,0.09389785570772757,0.2569718672760467,0.9491044885555655,0.7440052793113497,0.4175954793577461,0.6970529019666222,0
0.640199,0.0129105,0.387232,0.9041218479960123,0.9222466948068597,0.8318839046867682,0.11108556094740818,0.7730355813049861,0.3817397170052599,0.5901587921935701,0.37328253864224237,0
0.29471,0.0644595,0.706102,0.23876681542237332,0.9409646299746417,0.5886069309120455,0.6097702730394315,0.9715003444065149,0.6183264682051444,0.5959202875752467,0.33588040337371283,0
0.415346,0.176802,0.0468003,0.18405443563916124,0.11312348163814356,0.9548697733844712,0.5130498821512076,0.22669253954973312,0.9889740326175299,0.48782802983285545,0.4436384316013563,0
0.861817,0.202651,0.533637,0.9586902024660632,0.34964828606884635,0.9404433784467179,0.5183683580011708,0.22462653329908555,0.0760907250177617,0.026446514990756675,0.20976148132314665,0
0.570213,0.359656,0.896569,0.9960199329465416,0.2632962361726837,0.6084600580870634,0.6966157858938058,0.24072916410023815,0.03839884558848117,0.22183896178615992,0.9150468274384022,0
0.1518,0.586886,0.931724,0.988057262637439,0.16930466993000792,0.8371193729834976,0.765200457204766,0.7325540095060122,0.14851713434673997,0.7158762273216474,0.03353169545987511,0
0.307893,0.955898,0.0392608,0.9435213845662802,0.7795721806184689,0.2608863286314488,0.2391722915503921,0.06858208305090918,0.4478158301492784,0.5561734827312242,0.36391219924849183,0
0.369834,0.00740768,0.961538,0.952287895838478,0.8732763986810311,0.8569075864229027,0.9375871419979449,0.8238387270939996,0.5751547786576089,0.8113201891489399,0.6899379588837383,0
0.99698,0.564434,0.67701,0.6118398139596825,0.3503112588301611,0.07388206835172384,0.5133912707984797,0.5799528665020363,0.4700223695402803,0.981965334108955,0.5043853823447515,0
0.451521,0.127503,0.80107,0.6652869327689088,0.22952122190058566,0.7502998463303934,0.2825091372268703,0.9818253914924829,0.7428416812277473,0.8592611910812648,0.702353457221045,0
0.264414,0.609505,0.756186,0.14703418187207762,0.23393632654482033,0.8700379592225852,0.9366315263992219,0.936702262450857,0.07428364335114324,0.45798138261695054,0.8499195437614846,0
0.394898,0.71032,0.725836,0.7553540588035318,0.5811127245990229,0.7180156419862761,0.7528496267764764,0.7076223621051898,0.6346261800153715,0.8453992470593162,0.6832817195817672,0
0.15169,0.640123,0.459024,0.696171864553425,0.638585796865402,0.48386228088227756,0.34041933106556443,0.3633042811430568,0.5608366142793597,0.4833025074675197,0.43948340466255964,0
0.547277,0.905532,0.296576,0.9730954903819573,0.7708150238656195,0.3609834671987582,0.38771149390674375,0.06310795488601606,0.6872611036990115,0.24814997959374063,0.16092116233188114,0
0.483794,0.643695,0.106625,0.31504812335060184,0.4771827917196152,0.315591103042811,0.40550516731652686,0.5345869466533688,0.758718445491849,0.2538294260856323,0.4042016059248965,0
0.152588,0.264195,0.462157,0.7169620419629203,0.6370216641221881,0.010099953096923908,0.0735081314729934,0.39136507079090366,0.37772095363949676,0.7194094305279797,0.08768047850909466,0
0.0141589,0.263238,0.995433,0.19873118384554445,0.5062129924907066,0.4235250925397238,0.5440911283466711,0.7548234149633298,0.046631094693098674,0.7593952129862515,0.29107213894260775,0
0.0914823,0.270388,0.33679,0.5838255878142962,0.585181559633929,0.8601494770391793,0.3256816919131509,0.49655788454182803,0.4313463308374892,0.05630521024204016,0.37144666175136987,0
0.247858,0.874378,0.769187,0.45228485411465835,0.5085257771442451,0.8826851618472409,0.6345193089164022,0.42980087215284746,0.8985574705319176,0.40896038240722055,0.35641660882665793,0
0.396374,0.782323,0.676501,0.29236986490805517,0.25883966552812665,0.683678949549941,0.886001792543947,0.9074271517078619,0.25931196937803325,0.48700828587070777,0.23227543579862553,0
0.790648,0.838193,0.735814,0.9063910950134236,0.007695508280063601,0.12134035410975075,0.7067547301890239,0.26517795049505366,0.917582510303819,0.3137789052014075,0.5417851122411347,0
0.865604,0.42484,0.245557,0.8405716172591553,0.8900489068988322,0.035631720435680414,0.601791375064947,0.008602181513487683,0.21270455522875387,0.11030928641912785,0.9344355643295339,0
0.647646,0.889628,0.418024,0.9898901029913427,0.5706469817033234,0.745697835687597,0.9496594608611408,0.40852919020067036,0.6382078993477897,0.7517723244848191,0.25438351861438335,0
0.307264,0.981455,0.919485,0.9640364870634872,0.14292775192530538,0.28317355875422867,0.043244117895939294,0.621081611740996,0.31257103402202646,0.1000156472897532,0.7928763520887309,0
0.164003,0.737449,0.180514,0.8911482501121861,0.4417963329762835,0.4828761670511209,0.6888205345282906,0.21935022393390746,0.8888126381045673,0.02855573732076444,0.9819898765472757,0
0.0937302,0.571597,0.667787,0.5486061735796243,0.2433308053682629,0.5875535461727955,0.8335102801761967,0.7506546224603151,0.7854758245404653,0.9046444517132968,0.6684628151106321,0
0.8578,0.61046,0.372998,0.5832385646741616,0.8757020473005533,0.015379770813511717,0.895085771136463,0.10640163797754598,0.49629357912328265,0.28187799705117544,0.8211952673883488,0
0.636303,0.924948,0.908661,0.7079973150865995,0.20595722783314885,0.85458190223357,0.10563290554884819,0.8093460687084134,0.8581691220193611,0.31736911150554203,0.7809348796731072,0
0.599582,0.924455,0.897148,0.8143451191026329,0.9586317091594393,0.4130375301210425,0.43954486860280517,0.33559224856740577,0.4104977369644284,0.8568756406019907,0.036040891101074,0
0.660578,0.415977,0.148396,0.4895230262140715,0.845998278466088,0.15115181659677357,0.5163675631599122,0.49159062548607124,0.67443105178517,0.6018215864073824,0.19948699113382573,0
0.284104,0.64385,0.432587,0.6545440513809784,0.6109219133711303,0.569988447711718,0.9980591635660385,0.055970730024355264,0.6922463551596096,0.988634943777083,0.3203587944305045,0
0.994443,0.387114,0.99103,0.5539495491177612,0.5165167021639933,0.9733409971369525,0.8305942058198315,0.3689057870538547,0.771185257079774,0.08761647002608064,0.990995823028363,0
0.72556,0.742945,0.213296,0.5291835236865409,0.6396048483422853,0.5222510150675449,0.5986980350037849,0.4076796712157388,0.9082235685533019,0.593344166214969,0.33650230201001385,0
0.682918,0.367664,0.424158,0.4971221788584592,0.576768280505189,0.22619188184502248,0.9367529330786729,0.3324509539850744,0.7977195531041458,0.572328569970136,0.50531203939282,0
0.614392,0.700795,0.894767,0.21757104348215672,0.32606852804758246,0.5351414566298994,0.13083365322324048,0.11816368821630929,0.9627185990208278,0.5743973847542306,0.3909445997910489,0
0.183304,0.978132,0.664142,0.34928881727308414,0.9719148983907938,0.35586099010562355,0.7161816931060412,0.5266516037907578,0.09405814371893939,0.3739473190469792,0.04458928713539334,0
0.867394,0.185123,0.715244,0.5742375413290836,0.8070988816812671,0.47404726013975806,0.5057521489270399,0.22373004113755768,0.5351665439932749,0.2652797448468882,0.12052685821917775,0
0.53716,0.924309,0.725598,0.46237942209969873,0.5943684564035426,0.6386560386090899,0.8072512573767727,0.18974372118486382,0.48639789398096156,0.0008445423823254528,0.3603929121809163,0
0.721504,0.339175,0.509964,0.3106844185880122,0.28175111243095097,0.6896389124497497,0.43217849190254154,0.010023035314763118,0.7619747757740226,0.7208070761482988,0.411824001090059,0
0.247601,0.189899,0.937497,0.9954425221705416,0.7495726303046221,0.13458490515934807,0.422247804685859,0.692406440963976,0.8124003587154586,0.7846238514013237,0.6762709468435104,0
0.661558,0.855404,0.475004,0.48809015253684007,0.8070852596577254,0.4687784877350887,0.9786505017267199,0.9822083721698587,0.8201361268138802,0.7727509783789193,0.3533463146188992,0
0.155929,0.0313207,0.767484,0.2594505683919165,0.5267163754148997,0.06531606949792035,0.26446463481790283,0.10001179802473825,0.3822494994151233,0.8533559832693276,0.29619766480101073,0
0.605217,0.788542,0.0178252,0.3705372077844189,0.19569259147104556,0.7765729903412008,0.8616311487607313,0.04259322734643545,0.5776872051785213,0.15487791865076306,0.22006444434330197,0
0.0534056,0.962486,0.14065,0.24958866009171754,0.9629702382715034,0.2973791309304432,0.7051172145984783,0.7607537248211602,0.585285371624384,0.725964399537634,0.7836707116410138,0
0.370494,0.970442,0.971615,0.3470799661234596,0.39451123802404275,0.9344169542192767,0.8377616946632193,0.5243681197770778,0.10354539215733072,0.8959836976641248,0.39565662486229103,0
0.400402,0.997301,0.0133828,0.9998890500101536,0.7552535018476783,0.578447016916845,0.23461000303962365,0.7877937503901117,0.7468532850898899,0.10032806362029689,0.2208698440422442,0
0.958898,0.771219,0.782322,0.8969114539056284,0.9082239150582898,0.1319102496933765,0.3886707904574833,0.9525669495235178,0.15864371277866407,0.5056903964437884,0.03191181373894525,0
0.625647,0.428845,0.691839,0.45161684716245165,0.12731664410394183,0.06080728147666614,0.6877448758035861,0.9923468978445598,0.05736962429228554,0.765996979666926,0.21103209024506908,0
0.995789,0.596753,0.777528,0.47165158922327377,0.2416816082198303,0.8529201482764572,0.6901223403245266,0.9765250942745067,0.15829319338473558,0.8628557610841662,0.7784294271618833,0
0.867465,0.21447,0.545781,0.6955680612099054,0.5688873597343206,0.15862295085271572,0.4487178036506667,0.22961237982760974,0.5160846135351767,0.5197156342673496,0.5620681687727416,0
0.331219,0.497422,0.00290872,0.6563135262736928,0.2650724043065008,0.215356401506543,0.5217303986544103,0.6863701069309731,0.4607982701073975,0.4652387109113171,0.3291078909523971,0
0.854936,0.606506,0.199261,0.8841971515564477,0.9972333527285331,0.5364036591782773,0.676277439240771,0.00150125251044686,0.9568308741218345,0.7090759337350369,0.4263751415975239,0
0.576096,0.362778,0.540473,0.44752300943229273,0.5260128488091946,0.36636877998388706,0.5658710477765326,0.520533672316209,0.321583302365556,0.40028676545954966,0.195586029547416,0
0.172529,0.25846,0.943669,0.029670542239444764,0.5941434553830023,0.06635313470430437,0.09271976580007357,0.9594254032861533,0.6093441499025491,0.27955102029757495,0.7159692305493327,0
0.283251,0.374831,0.798142,0.3786229964129597,0.6425751825918878,0.9489636325761405,0.649561474569043,0.8080541244652686,0.9202479894794643,0.4904402159750705,0.18954454215983318,0
0.0713902,0.88821,0.741265,0.7037095379437107,0.2319439146980704,0.9312295334276096,0.7397787485219833,0.7082946646634417,0.7104462511591743,0.7175112823181394,0.5077022127439815,0
0.555677,0.70315,0.634216,0.275506762917317,0.6576026630522108,0.32307332446685366,0.6942620489349064,0.8314561894312237,0.2754569999480382,0.04776082617282984,0.3578212569088033,0
0.678459,0.302029,0.871525,0.17587488763267478,0.5907257182893927,0.1905796600801335,0.9370441093823538,0.19846933534855582,0.22646760090313844,0.600014866105401,0.5848224294653245,0
0.960456,0.225032,0.746462,0.5494517846549435,0.36004004002062917,0.16285146486723368,0.7523359494579628,0.6271098643782467,0.7412636855773737,0.8991901510175629,0.6031069115092527,0
0.117061,0.892055,0.973777,0.6453717845801066,0.5765512796037275,0.6038877586517537,0.10928472185708427,0.4305330772411575,0.7286285032659415,0.9289900767874412,0.04643116750012366,0
0.823598,0.331374,0.0903756,0.2667089070033215,0.5659564762636146,0.022594858557230424,0.421401987760041,0.9000244056820768,0.30881524523354653,0.6390456659534636,0.1330446772907683,0
0.733385,0.411741,0.196401,0.40937501051308667,0.3439226664400852,0.9297858586298333,0.5781486657149019,0.45413493678054495,0.5882186105306537,0.024200711174583445,0.38567767313634604,0
0.386001,0.777529,0.95047,0.590776886543816,0.40743216716872577,0.4929938170909435,0.051865888633739865,0.4518526486938649,0.7716345640952874,0.937609910613288,0.3318184625127636,0
0.085897,0.203512,0.851854,0.8164701758286542,0.057174806816348345,0.23809810992528802,0.6562297964048148,0.25706401752484787,0.5901685605925067,0.8306780477534625,0.13795229777436901,0
0.816837,0.797269,0.305389,0.4275072147620702,0.36343222723265245,0.3936815317251703,0.27159479117574303,0.3143676738314528,0.0668267476154637,0.1778381835667855,0.7570956747323015,0
0.697232,0.554173,0.874289,0.9102061021285056,0.3478980400532309,0.7533974156056235,0.06316814614784483,0.4445394471477987,0.9396076467014063,0.6333606531371001,0.583691584878774,0
0.798963,0.0503605,0.448949,0.5109701830163107,0.7537647372031498,0.3351752938123398,0.06029537978690003,0.24674555709124224,0.25578533040140694,0.8908313661562598,0.5454746490367012,0
0.670219,0.648603,0.783183,0.7576493714481887,0.006513025701548103,0.22908085703563985,0.6404429560445478,0.03287946082690407,0.5778793555265288,0.01778725679981119,0.48408899044925535,0
0.926412,0.293288,0.27298,0.6547797330682585,0.33566578522997226,0.001628363975068492,0.9670864578789995,0.5174020558349497,0.692538318418133,0.7718395816281146,0.5476637650630503,0
0.637317,0.726687,0.255969,0.786586526224152,0.8275540949544224,0.36881962674949753,0.30912566997397317,0.04146238239746691,0.6737170725217384,0.18972623068180228,0.7432362295733135,0
0.00554227,0.605368,0.527492,0.7944738148950914,0.5831187652898434,0.7888515689827398,0.7325136733500777,0.15326454956769875,0.42288268679400653,0.5291618620388642,0.45735993558386445,0
0.806232,0.336127,0.307003,0.05434001734460414,0.46897358680225143,0.7653402173668968,0.9792973827334176,0.9034651212325538,0.13720403143812898,0.9520950117855942,0.10964548736822888,0
0.677208,0.127106,0.189095,0.4026420128532233,0.8590789718837002,0.3070095817007765,0.41742486865528683,0.385785620267761,0.5105521080514064,0.8162901313528141,0.11790397222468085,0
0.363055,0.864665,0.950861,0.09990698392260533,0.7774108818620047,0.5543875906513134,0.8829999885585471,0.04567065051366759,0.7499932505144207,0.2562454197530476,0.5116723052995942,0
0.964789,0.0634595,0.72566,0.36392078428400254,0.6592993404666118,0.21420277491140582,0.8281834412787803,0.416753756639187,0.4680915763015253,0.09160385887514588,0.16776444957449443,0
0.971111,0.887867,0.311893,0.11616785235588867,0.7504680151655515,0.19968447188697758,0.6139960148813115,0.8641514073357512,0.49077613394263264,0.6890767159909126,0.017817399997543726,0
0.711791,0.696348,0.663269,0.8862922777806539,0.43828794923469905,0.035649866308577915,0.7787178737601452,0.598742047483025,0.6825379603940134,0.6604091572338521,0.5885562898882423,0
0.0511643,0.239135,0.721614,0.189479533728665,0.8669939850566089,0.38839909042071674,0.5727072160795033,0.9997239639890529,0.33691861368279397,0.3358771167160375,0.7198505830018523,0
0.408371,0.205154,0.767229,0.9063046114230359,0.36329913335744335,0.15487597980499823,0.5743356951028353,0.7182199964653836,0.5759205104647706,0.8141365329332084,0.6855986627649815,0
0.395363,0.114437,0.0662843,0.7675927692019494,0.5617892940542867,0.026814873737091904,0.5699293063320761,0.3115584194281127,0.36249357830470186,0.48605257533393276,0.5132740435850324,0
0.297957,0.276665,0.13252,0.3150422499987352,0.09249462769933325,0.9767215110182857,0.012087922120326944,0.7603509952502625,0.755471385504686,0.6622693253400749,0.11708670967709545,0
0.735237,0.231932,0.750704,0.7142832533975954,0.6442340019755666,0.9401469204319883,0.28283048011075207,0.7479936133428052,0.18998281781922977,0.28476714702291694,0.3011340582606262,0
0.896754,0.285581,0.270816,0.3738336101013643,0.4167194846571576,0.17724737530857082,0.33081951012319943,0.7557675170791662,0.3218533635437677,0.801925404680529,0.4101851758573407,0
0.633104,0.200317,0.179683,0.247626639577872,0.2205468816720353,0.16537960563836318,0.526695943491629,0.3424912008726114,0.5940138171243247,0.7527667197677674,0.14719883567361103,0
0.810133,0.27995,0.579883,0.3238345424701642,0.2522991701554972,0.6240945064054347,0.4642093392196075,0.963107016427441,0.5177576181678615,0.19001538412732433,0.9182838390961581,0
0.343385,0.305642,0.883625,0.19574440672478677,0.5091138303840091,0.90935490376972,0.5021085135545731,0.24969424724887335,0.9484730323140268,0.9702603499630269,0.36319084969793525,0
0.276472,0.22914,0.56086,0.5711817234280852,0.09074443351094486,0.9903502809730462,0.6500667515166036,0.8576618248999066,0.8208079504006711,0.37686611660053315,0.6561953026888143,0
0.318049,0.0287454,0.0804209,0.12482925175800252,0.9667273295516929,0.5209193785192955,0.7233910715885764,0.5614277579505359,0.6714501082793524,0.4162367538480698,0.43384004654209507,0
0.676634,0.840793,0.213085,0.35441101539643094,0.7707404059229506,0.40920773530343546,0.5214669548696979,0.6047412142609325,0.5409286346831461,0.8069910497607818,0.848850734771415,0
0.258099,0.927225,0.393448,0.5708807503453098,0.5477640746983397,0.3912073944226153,0.046624547148720774,0.24452747528753005,0.3123313075384403,0.5448945556661302,0.854687849574625,0
0.443764,0.302181,0.682868,0.6103857842492938,0.006687055784808438,0.7793558306550391,0.5092043659810548,0.18276402981350415,0.8294800450367785,0.2480887091434515,0.3396314791975592,0
0.63477,0.133728,0.774242,0.814598588608545,0.8265389189906727,0.801076882750125,0.35372928627106637,0.889600364225575,0.05599619458724425,0.6404756853189543,0.8673884885988729,0
0.517965,0.0533667,0.247214,0.268151268258771,0.9962496201360429,0.47166532574383113,0.3018967841965162,0.940154898999613,0.34538038368329627,0.2042340574937308,0.3199754102413318,0
0.833434,0.271853,0.382803,0.9302305740810972,0.4796738345728512,0.8576671104377317,0.9073776187593899,0.2623869144848946,0.7214821446812283,0.8907599716951634,0.7099916200386804,0
0.792188,0.904314,0.430618,0.6181719616672805,0.41305364053142435,0.0031774474915591266,0.5549426480778098,0.7459025436844687,0.25311088581697816,0.37235757974216677,0.5413150702233244,0
0.585339,0.42518,0.920898,0.5085397755533967,0.292821694068101,0.17540467338643817,0.15879910443899303,0.9175408128033304,0.8863542500623144,0.5085176259810276,0.02035772911082201,0
0.365162,0.987128,0.480669,0.8669686597730634,0.5376776978263013,0.2993830916183141,0.8376632511002373,0.7058970084828216,0.5002669059929312,0.6858417827429109,0.328743025355124,0
0.273167,0.950664,0.0176163,0.11707532198433657,0.3963540957709947,0.6682428746228688,0.3776671746576754,0.5489562680301917,0.9549993903235608,0.17468785232224737,0.026345722053233267,0
0.863495,0.779053,0.774666,0.2488261560156083,0.05060957978308911,0.013329024387408572,0.8872071909810303,0.40677185382741055,0.4219274910873646,0.06692301744735352,0.30349907467140835,0
0.734994,0.0412495,0.563925,0.7006360221596637,0.5016409328396979,0.8523291260877343,0.14423010486618137,0.023472599168581465,0.17990235669678145,0.2745306907754882,0.7830709326385619,0
0.790236,0.758732,0.562624,0.8265226498196758,0.759647148665512,0.7076608935909613,0.6379321418041941,0.22676841505894152,0.33013312023138175,0.2968006185749136,0.19230593457535106,0
0.383375,0.355849,0.420082,0.32424838936903766,0.5186328079262837,0.4722859232620189,0.37299362907931577,0.7694128966010321,0.020980517899551354,0.6753247689562238,0.39654622870890055,0
0.904166,0.278123,0.108396,0.914286011054921,0.704929014520019,0.598469897544883,0.9309555301558506,0.5384801821358698,0.9994310599981778,0.44388813345306843,0.7487943140154563,0
0.902802,0.6706,0.899363,0.5677303182040656,0.09572397801165655,0.579528156196279,0.39583313909043183,0.5492905663373259,0.9893766230243249,0.6795311789722127,0.6796967610692456,0
0.711029,0.602499,0.0634955,0.5026819228051748,0.5659034279056978,0.7521802632368871,0.9001857411882406,0.7747987888964312,0.859161460833924,0.12691241600224168,0.03935366184013389,0
0.14463,0.691136,0.706099,0.30310078023281584,0.7624866721344921,0.9459773488308977,0.4007391347929504,0.4319986547861664,0.7372832467501687,0.2652704748711352,0.038684804251320704,0
0.111038,0.173441,0.626793,0.9677152807169208,0.6561570863067919,0.8245398242359855,0.9344380948413792,0.7277740554259713,0.477501966750591,0.1157822458993426,0.14258691381990285,0
0.522459,0.422683,0.046828,0.06064918278312781,0.031978087251710585,0.09572831574483598,0.27140245462629853,0.5351184217960359,0.901486280684798,0.9191446054961903,0.9926179299561848,0
0.367742,0.657178,0.00273484,0.3481137293007587,0.6879701970428738,0.4566976979359476,0.7723039247461109,0.8200821666347909,0.10842172354319468,0.9896529108618751,0.25470435226386523,0
0.780305,0.407109,0.476361,0.8816140764234978,0.8832876524427581,0.684431789442148,0.5009072508143941,0.9504380387835695,0.7226295287258986,0.6400978652101815,0.20960138583155197,0
0.919152,0.795943,0.46015,0.8039001533939902,0.620600432458008,0.8377165453996055,0.3384431264466623,0.8618904342800333,0.15652523498430382,0.8331770236436971,0.5948528230497698,0
0.853958,0.755982,0.962304,0.9705453878649667,0.6562786264476338,0.3297529102703144,0.519495900783833,0.6979356082914915,0.8632407843477828,0.34024524764378605,0.3624153703925326,0
0.184664,0.339303,0.92015,0.8485714230245119,0.3162397279671053,0.06107399194581453,0.4621941892184672,0.2877025641431251,0.24666571949037996,0.23192729578770954,0.31324997244123587,0
0.0526222,0.749988,0.123898,0.37668481517170116,0.311938958364013,0.8079139618115682,0.8809840737599994,0.20041491440924886,0.6047131896580683,0.9125549594162882,0.1334668844376512,0
0.3186,0.187354,0.795636,0.5663714140081417,0.928811601545499,0.5092320124944558,0.9289144058843922,0.3196668463763038,0.9812299010193536,0.677993213610459,0.04552801353421865,0
0.270511,0.287479,0.024501,0.03391835122132869,0.4233358748022067,0.5274820888597936,0.28057758491770046,0.4135822896912572,0.7915038801308313,0.264568842717395,0.45438292439283656,0
0.714465,0.891636,0.941918,0.9043782760348557,0.8060030559763421,0.46959626672797206,0.6912937278969936,0.4902153122124888,0.7496608884050849,0.6683583997704179,0.5731217438445246,0
0.218516,0.979986,0.839513,0.9638963366160811,0.46983505980703666,0.33867274069503217,0.8052644251097882,0.22001765331228929,0.09736333508660988,0.7599462905366624,0.5664952518369586,0
0.694232,0.222849,0.638893,0.7865478503724108,0.03617174756010244,0.9900007125490136,0.24556745258471357,0.508611645938002,0.8727721037993158,0.4933854201872787,0.2785827228117995,0
0.790372,0.170058,0.850593,0.3207561260229702,0.6604270382796589,0.8607361197234332,0.0886873836560299,0.3921745400831077,0.30141252559283227,0.27842293771987736,0.4549912425211754,0
0.759249,0.339305,0.368769,0.6308166869905862,0.6814806821276845,0.0825243495495046,0.3514695190162591,0.20449345888845583,0.8665241887502625,0.5633500446023688,0.3304936164662672,0
0.29106,0.651144,0.837494,0.80966317121728,0.10598615126211208,0.24695804077209804,0.029844035717069173,0.13447314317758396,0.27293747266620105,0.24628565255747037,0.29842407756621214,0
0.356601,0.839387,0.459863,0.2897712048489095,0.4898282606608413,0.6772947801171626,0.384298348278147,0.8337531325254988,0.3910043475973687,0.8730540642470225,0.7693089735896314,0
0.355299,0.541624,0.0146018,0.333543595261116,0.5343062838744236,0.2850408900702347,0.49207059180874924,0.5588300074696974,0.9864708658846278,0.17826613232837807,0.9596802855170804,0
0.827292,0.438592,0.864173,0.3824656654524222,0.9623661138706353,0.3908821358872374,0.970899545310855,0.2962603096700348,0.08835121332725726,0.5562789107001304,0.42059653880069325,0
0.64443,0.157741,0.416192,0.5507861894368419,0.17798974921557487,0.003671178587110413,0.11613109417340228,0.37725773699209153,0.6202152058131236,0.043637125262784404,0.7235501230843234,0
0.802805,0.173189,0.205483,0.0028646715754601093,0.8635838150306167,0.22745341757559412,0.9648153265301672,0.11023982878651017,0.4534279521328529,0.8474657552970487,0.755746711781594,0
0.983676,0.707957,0.311355,0.7900374707722062,0.09127565493148737,0.8004717639601682,0.19291300691529123,0.583216778443582,0.3408143763272776,0.008933474542863085,0.7902075536609912,0
0.931342,0.717942,0.34189,0.3037469862890151,0.018470766125670113,0.40294549871149266,0.4282321312447427,0.19355447136001303,0.6758981489809142,0.1658865884013231,0.23830534553048566,0
0.282801,0.641706,0.262684,0.8722563732460663,0.9893299681506262,0.721874849119907,0.3761308956622238,0.6158219346958232,0.7378239308495164,0.5272661523807305,0.6010429867085549,0
0.824539,0.454214,0.879791,0.5592938386481088,0.14332346137303953,0.03829173585860668,0.4673673139706672,0.7368160110789705,0.8303886753710702,0.7350608608239475,0.6115214342557872,0
0.425771,0.842976,0.336516,0.9169756354468734,0.24025412267284896,0.7836422946869003,0.10504671444115832,0.6011742230137515,0.34861165710645137,0.9199454651378951,0.04752388736575963,0
0.0870266,0.763643,0.626316,0.4968669367426899,0.4123416113441285,0.5517303041479389,0.9061705446388961,0.3526929835952175,0.3383662483377292,0.5549846909898686,0.4716651175946601,0
0.275186,0.778931,0.3305,0.8570329299660413,0.5683654863365487,0.9652962266776507,0.3246574274472033,0.5011245282589875,0.6817379079056736,0.7327598203711704,0.09228988664919824,0
0.114918,0.356218,0.531662,0.7489715978013927,0.2141003866024871,0.9767127163443702,0.7916043890594887,0.4820132118092687,0.3391540371693338,0.1559980262402083,0.6804977311827716,0
0.82234,0.181388,0.541187,0.5484493269678897,0.5877611240489214,0.9477238483554667,0.8328278980921231,0.458072537663454,0.09296762679711612,0.17638038667580846,0.13676916854710608,0
0.811455,0.0416659,0.101516,0.7224988087041418,0.6894910116886219,0.6239370381636772,0.37604548491294654,0.06916274540641709,0.7708670293482627,0.6097557887419407,0.6771307992762345,0
0.494571,0.987308,0.509063,0.29164998439791223,0.6945568737918286,0.1313570928789224,0.7602093425203491,0.5118653957928154,0.7329818655115156,0.3896805569932882,0.800119840705266,0
0.746728,0.385517,0.353688,0.8952060541110024,0.20695529729643058,0.22690065052659136,0.3995965483586116,0.5636292947245879,0.48469834436741444,0.6434636417131357,0.48679248646023554,0
0.788487,0.780718,0.717445,0.21874551323335734,0.8554221352289656,0.3753841082489635,0.7485991354036995,0.6303549661110713,0.756589065219443,0.07503915596315303,0.869207132210167,0
0.144808,0.741978,0.0759229,0.8175849472385848,0.8565574922757441,0.3507476328286684,0.7929746227901824,0.06540059944322074,0.5122594895568149,0.2622298057025333,0.5959085520067154,0
0.243367,0.152553,0.679712,0.11450112022886505,0.018555307052576353,0.02849098930988203,0.4518312244292191,0.537717878849785,0.48703645298760334,0.872474744301859,0.827989111904611,0
0.268737,0.0845176,0.0936698,0.5675087172009331,0.5280154659194868,0.575426756238418,0.09090036180822891,0.029378182922801255,0.5682533248321073,0.995631590196632,0.6686179519327263,0
0.407267,0.767372,0.525151,0.6233928297321937,0.9179963837728382,0.341051580004739,0.8183875491374555,0.7599944695896284,0.7511276914942282,0.9333772029634116,0.028532223818882985,0
0.773343,0.0239821,0.903901,0.15157080501642073,0.14332409186120043,0.6955265190163324,0.8480921397542007,0.9095502121949022,0.5799170748043307,0.3309376422734521,0.020902199425298695,0
0.997604,0.0854473,0.0543366,0.23219147376838412,0.9245156920999558,0.7842245211504385,0.6823478317395062,0.12775469711619192,0.10040848503422195,0.29916809454027016,0.6137627346748129,0
0.643535,0.898471,0.88338,0.7515577385797284,0.7154503449681319,0.8669751290922458,0.5834631679406616,0.6429929129677908,0.5271941394377623,0.469818316467681,0.6768347215584163,0
0.588416,0.614507,0.173703,0.9533144105095067,0.5869561095111689,0.620844102398543,0.647841529998314,0.5313171865000782,0.9016063707277849,0.45518141051395966,0.7375651185219996,0
0.381993,0.194944,0.941706,0.658106957784448,0.5995000009534299,0.6018152938163891,0.8962136430361017,0.008405207091212286,0.17271385006168938,0.11609029170397611,0.49576858233088106,0
0.0556944,0.00167482,0.529179,0.13483718793995114,0.2601310412637311,0.023159253451571438,0.2709799045096184,0.051002154481615936,0.6467582031036371,0.9560310214017933,0.2935128582267784,0
0.514827,0.624137,0.277545,0.22635055515944114,0.802493730137226,0.6589052056516393,0.7060008234238513,0.0948500940534659,0.9011107426255223,0.9095080958784921,0.9855300860310044,0
0.81537,0.97184,0.515013,0.4498247267410106,0.6910935188542919,0.7900422478445057,0.5404533875551967,0.4725067800183813,0.7277200137653739,0.9374963846178052,0.12270467952737019,0
0.429056,0.50279,0.827134,0.33224769820109956,0.03355484813445775,0.2908234108209484,0.6711183153086481,0.25863447805776707,0.28670076550771395,0.19867425349028278,0.3265839100764173,0
0.577171,0.357679,0.190458,0.9014114641633353,0.8491618286673562,0.24734329174272562,0.697629483004,0.5426089520932373,0.5376866125044204,0.8720639191341938,0.39537393719026837,0
0.513006,0.342006,0.00862294,0.25734015625207884,0.2706106710420978,0.6760264217633378,0.5520600244537489,0.45536903714659693,0.33596549642330364,0.6608498882410799,0.9866574031938135,0
0.328769,0.157503,0.42291,0.3832175663915376,0.7720670029503233,0.2761221063757906,0.7954370649892699,0.2610118971115969,0.7203847326350145,0.4610892928812622,0.8029435000913271,0
0.744241,0.527665,0.997046,0.38345433744006097,0.09358609551645003,0.7535897268421414,0.9790617462366953,0.7853522598031902,0.5474146444814991,0.7946762498544778,0.3837746627426598,0
0.382644,0.247312,0.784204,0.5158741516007493,0.5904598115933501,0.30892107098069155,0.7232572566008505,0.6886406840907726,0.053517630023613205,0.566194302251516,0.049442240142415494,0
0.388515,0.591394,0.0485793,0.1544964706832519,0.7953150924643347,0.3133703232964632,0.5265266610470042,0.7072716001581982,0.873405692931886,0.5267164790758103,0.09304192304358638,0
0.559028,0.892361,0.563108,0.8648363870660275,0.8337945011189498,0.615650233413917,0.12751903094879036,0.7055170894584655,0.16596386950267694,0.9565976603872167,0.047461177464209525,0
0.193888,0.442274,0.66702,0.5770305518052602,0.7530058965825732,0.1732545273071705,0.286662887159151,0.8749157535311755,0.1814877223974598,0.3784530386501328,0.8363538578564381,0
0.0451258,0.238046,0.536109,0.31334415253235093,0.6297928993150255,0.3535542679431014,0.553266037766739,0.10394692008138906,0.11253973025002606,0.04601003266162318,0.8056335743475458,0
0.590756,0.538901,0.735472,0.40461420634573964,0.14331392700261103,0.29072360394645236,0.7596919810923987,0.2308309463435062,0.1110965105759496,0.3479268096357975,0.585426401590235,0
0.078588,0.704873,0.177537,0.7718915200656397,0.9287734042173925,0.19739114040858619,0.9074093681127251,0.18669878857387456,0.5911333142625923,0.41168001399157483,0.47777350314736367,0
0.732018,0.430192,0.0491159,0.8861391044288498,0.5722556841809671,0.1468556046142574,0.20566166821470333,0.5928593768188343,0.6424449294961971,0.01625634451338065,0.0521926886755254,0
0.61875,0.335183,0.976086,0.691938633341332,0.2727862168660865,0.4884567289880022,0.7619499675964827,0.687637005274826,0.8339507435271954,0.8093081715301184,0.7384843297449829,0
0.608024,0.82098,0.287654,0.656877501631949,0.3045895660920287,0.2505309385297133,0.9419597397821631,0.7794591933615717,0.5291730256546914,0.04630521242371444,0.19579729649638278,0
0.371916,0.641082,0.794755,0.13318286155651238,0.32225126586151875,0.9551411746998304,0.8162124132524692,0.4748296570010042,0.6792673930631297,0.32942028638263776,0.8098863930792964,0
0.421166,0.227017,0.46788,0.46857057746773534,0.4970163121777048,0.5866607093653426,0.3035515151815317,0.43966294218099655,0.350934759492724,0.666289643123798,0.0276491358728832,0
0.75436,0.650278,0.60634,0.31956368020455383,0.49350006233800214,0.4543950807546805,0.30226613159989435,0.6421755925374226,0.9849282736488062,0.8990847066283987,0.7449467773026583,0
0.557783,0.213408,0.168514,0.8559165293782208,0.14156923669840304,0.5385240700054967,0.1957599768061925,0.5804488847459385,0.8505705569834159,0.09606185141013512,0.7076788226658276,0
0.366238,0.195474,0.358693,0.6967082908313084,0.273103489377976,0.04237298034104209,0.057237848447978634,0.5015812635685926,0.10793152524366645,0.3008093028219676,0.1763447657123871,0
0.0298878,0.425974,0.326592,0.40593654948151203,0.06307462587864776,0.38854026830929556,0.7639990958430003,0.64046399394315,0.7761544011886671,0.3723211483375254,0.678456044170214,0
0.670006,0.117501,0.242705,0.9955452409965577,0.869114727981628,0.2527878049176242,0.7777839231370379,0.4782215649089203,0.8544243273557547,0.028138736303836898,0.12177497558412365,0
0.507179,0.9435,0.766099,0.9324500680676545,0.886116038208682,0.9993573826747506,0.5533699009278695,0.2845955128514992,0.5569783361555756,0.38840599750392135,0.9529052445139253,0
0.397922,0.434419,0.962556,0.29038243620033155,0.717797297998784,0.059537669573113905,0.31369984054230027,0.6221339203227683,0.38156001061947276,0.47791322684388826,0.8004700056661154,0
0.0214058,0.884171,0.884764,0.31590423985875027,0.5166983175959992,0.49060624965588795,0.7947802765908655,0.23366819018363783,0.7769558911360915,0.6419602975258765,0.24976481060358413,0
0.252495,0.160259,0.470231,0.1827114284202277,0.4738438312931875,0.254542029753709,0.49849119998223534,0.41575511628485506,0.12851589102541783,0.528112046992679,0.3817170975703613,0
0.136354,0.261398,0.360085,0.02042096474926547,0.9894202286397463,0.8161579132913821,0.529385443367903,0.8872278563822542,0.051972854133320534,0.11879784819045125,0.07453288870621633,0
0.250098,0.0493163,0.551304,0.17118599408524326,0.6029094925362606,0.4103817058243482,0.2857154887867338,0.944541379075698,0.8034824051005774,0.3091248389284792,0.44193693146151014,0
0.675947,0.216483,0.328148,0.960930093532443,0.9832611241745266,0.4815816621318376,0.41859435794280986,0.4306958585612304,0.9113441729327633,0.8194432699431797,0.4362108258283045,0
0.535095,0.830306,0.870912,0.41529116599842286,0.877537098513648,0.6778270641817107,0.1402107603394691,0.7731268003363077,0.3612798920087037,0.9782396772639036,0.5779265761246699,0
0.191377,0.317809,0.618424,0.16148140327912042,0.2664465060542939,0.3655100127787966,0.27824883272962986,0.004746774914626162,0.5933721644769085,0.8940321323638925,0.68560856970249,0
0.14998,0.970333,0.779955,0.09048870854176216,0.34699383976353926,0.6861282608481348,0.5917238803075574,0.7369557522356932,0.16902936324425444,0.27182310855375047,0.30649364776794197,0
0.633675,0.0814281,0.172221,0.9731804106888198,0.8240870185922736,0.018234208047775757,0.4135053556119187,0.05120996378712095,0.11944137091879092,0.23454442385600216,0.3287812711740923,0
0.544393,0.502954,0.911195,0.9639172100554394,0.5323660574190954,0.12404696761937895,0.3627494452982959,0.530788542270677,0.07336981337502346,0.34121005990965625,0.07759854154139534,0
0.753377,0.747183,0.011724,0.9793013000986105,0.8808166139099942,0.027754150868680272,0.45027153898114836,0.01794060901038108,0.5402987061032186,0.9050318509676328,0.7151466081165855,0
0.394667,0.347031,0.897797,0.49967973170242175,0.08320502332198698,0.56136309388685,0.17262769841870151,0.9141567274666408,0.5469920964087236,0.40827977069182075,0.6484406810945331,0
0.810423,0.279581,0.151989,0.14248308940220455,0.734802707270212,0.48324252168575454,0.3400763735608171,0.7797558902493523,0.04985419661218582,0.7606310475859063,0.5759466642949109,0
0.451297,0.453909,0.698683,0.2169030565376695,0.6486438659270429,0.5921513084055561,0.7808087721173242,0.14139047446495523,0.36088678853654244,0.9039043733212322,0.6402029550625459,0
0.454145,0.964463,0.7787,0.8582282348369411,0.978294629910445,0.6960264559649051,0.6169029063463082,0.9860510660056137,0.6280882313840674,0.6112230473074046,0.48361567530955374,0
0.239372,0.297014,0.579345,0.018717345656492745,0.7721042141987017,0.5612408423812163,0.6106010883725718,0.8092514315338779,0.45779221852693397,0.8072049490603123,0.027466881651643682,0
0.789066,0.804209,0.162141,0.14654796440055962,0.60465321583464,0.7957585674697982,0.363653840126395,0.08619508401820597,0.38292219781033643,0.5148671847904056,0.551486344321391,0
0.559045,0.414416,0.232134,0.11756167487915781,0.6176889354731775,0.15622889309891486,0.2877766153728777,0.8060245242373697,0.8590927627270949,0.008725528639426772,0.37839388853925904,0
0.158681,0.683967,0.0038863,0.6872886406857623,0.37178056134020476,0.05367822624344487,0.053982640952381145,0.676561895797185,0.7826895879654739,0.8285661475888961,0.3945605791207095,0
0.160977,0.20996,0.0971094,0.2064199932687958,0.3847631813618899,0.4845558047336681,0.8076015678880112,0.9642642155999376,0.043320987269319544,0.2372177182222145,0.29512697492395346,0
0.898919,0.0317962,0.753401,0.7429115751723472,0.8406695837015751,0.9366498332939388,0.723358162292845,0.696196093789386,0.4157444202164712,0.07588359105524867,0.32110102606827395,0
0.673761,0.709827,0.449388,0.33358002484396754,0.6402704209081214,0.34269702004220115,0.8640217931258921,0.8917875529289192,0.02812798232086333,0.6889352907038572,0.0372563259301153,0
0.308988,0.741355,0.171592,0.7386088157485718,0.06664332420155328,0.6840145228481346,0.46003092038889426,0.4484520618193224,0.41448180428850956,0.22559213805486644,0.6615216677195782,0
0.85363,0.428545,0.981548,0.9334889315498462,0.039422301291904605,0.4439084162848309,0.03697661812783393,0.2738825172842685,0.44115882819510166,0.10671082799911635,0.4885374678451335,0
0.0970232,0.514893,0.129318,0.169686652049583,0.6492703700743195,0.6791881426667791,0.8725627732131789,0.01650110301518637,0.02669058267598101,0.4360180626286755,0.2348141942305806,0
0.136093,0.649722,0.918893,0.4581327745461117,0.608209783840524,0.44925775755437813,0.30372784962515686,0.9696600307178861,0.0599826083350129,0.5023098593432654,0.9042651883346742,0
0.562385,0.921521,0.289539,0.10396954207240638,0.3995903845827069,0.6593268607445648,0.24592892825659596,0.6581037650711292,0.7773497138784485,0.5483927050929258,0.8134908249710872,0
0.744592,0.40061,0.239373,0.13913340366914695,0.07678062280128639,0.5176189962317622,0.7490730738186554,0.660486399414501,0.21251443618022703,0.9495377115375203,0.433959365324724,0
0.900974,0.0609489,0.472825,0.6857275292455737,0.08902573411152725,0.3814990487555828,0.11738088185371576,0.629538400687878,0.12931750309317003,0.9436738945497306,0.028197569395632227,0
0.348457,0.132167,0.688692,0.9621698155812475,0.9380598320144015,0.632880369510807,0.4316037272551356,0.8518194002605606,0.1197324662070729,0.8787234001263682,0.35265785739999844,0
0.77737,0.191067,0.492963,0.16345200876441235,0.1295850655202575,0.7271154460913437,0.3595929113385865,0.5334068732049454,0.2718616756034429,0.35969009606798474,0.42185417582789175,0
0.282441,0.483669,0.498919,0.6980026011392376,0.36050679939742825,0.8843610353271931,0.4505147038335292,0.6296751144299011,0.39344907648754535,0.37942684284991035,0.6155877413726827,0
0.294813,0.340081,0.948268,0.19594186338172426,0.3822464889171876,0.7126658240556759,0.5645256462362443,0.42077942389836687,0.171491943515517,0.27678644442933664,0.616121637684825,0
0.160766,0.736589,0.790534,0.30717706212897866,0.10500207983721921,0.5249331023565115,0.968204090149102,0.30241887859232075,0.338342057381506,0.12146022114384047,0.13310235254882097,0
0.00103383,0.825,0.465575,0.531352282222083,0.04681302932743048,0.09238993887872526,0.3081972700567508,0.8117869196799065,0.023699820571481234,0.9126342144626349,0.3006279546768542,0
0.262657,0.293099,0.863781,0.9470970072232898,0.2689979532427823,0.9983565078503027,0.8632687974311327,0.4783332661053584,0.9472572955029563,0.1162003072819231,0.4262296923794614,0
0.14856,0.475591,0.541208,0.4962084172248684,0.8177472761109081,0.38087132196196605,0.85192012868271,0.9008050223464649,0.11778523027535426,0.24048383437408294,0.5335259900885865,0
0.424424,0.0547513,0.556529,0.5959167403410891,0.4466731643443146,0.3926878646794145,0.1390114728703744,0.3107113721021537,0.7270246041395665,0.739690812708212,0.38606025634233987,0
0.328547,0.271698,0.177676,0.6724211042672377,0.8725058485410303,0.2710545420980609,0.558780953301626,0.01944270916487545,0.3925421680529366,0.8963849243017705,0.4841701382940533,0
0.456005,0.112967,0.323343,0.29037723019442563,0.8765675935282021,0.8546823037140484,0.32130802887827903,0.7974277838670443,0.6697636755248406,0.9976264768287718,0.1575575768283104,0
0.0287681,0.418786,0.41848,0.665383407076203,0.3637265122774791,0.5340591183088462,0.6968788896977103,0.5907611764948709,0.13546871070336297,0.5986065547401168,0.3620327456334411,0
0.38319,0.402164,0.0237268,0.7557558062984493,0.9311188949256983,0.4103184838641786,0.4276505897578641,0.6695882056244784,0.8180269894838021,0.29681708192149203,0.08265620089548942,0
0.256454,0.882938,0.333042,0.505550502906839,0.7488182577725407,0.9901287605076988,0.8171517223225013,0.21664756114755768,0.4210693758746702,0.735916871208397,0.13575313043598036,0
0.40338,0.461854,0.878185,0.11733751784966673,0.6225038073199834,0.5093745757181132,0.6561640505892904,0.10780242193457845,0.05714242961181015,0.5321068627543744,0.3590549139506325,0
0.711826,0.301539,0.102388,0.29452045634517254,0.3215249891236873,0.6257374594019938,0.9768582909826037,0.40250085424300697,0.834691038272378,0.7326570699879774,0.5683120142729006,0
0.130104,0.977309,0.732246,0.3211443402977392,0.3233607175581219,0.7768347553287871,0.13570118097334016,0.9069140828478823,0.40521727104602845,0.6406706821335997,0.5386156319553649,0
0.0906065,0.558907,0.633667,0.7133394554972818,0.5337891336609825,0.5844579691847421,0.374859118621079,0.7783372026721261,0.04273205821314552,0.6149153748188454,0.8501017933356584,0
0.469085,0.437849,0.973329,0.7620278430644778,0.17396357546763697,0.9422462898486778,0.9410187516899116,0.910499539501773,0.5800810834912643,0.39386243501077955,0.6953198674684672,0
0.482994,0.975141,0.077627,0.8271264527192542,0.3104128079781042,0.968389005570528,0.49574786668768256,0.4830006294412037,0.9504587780971768,0.602675006535176,0.3336731392857176,0
0.959032,0.716881,0.541091,0.9842097878395206,0.6241132545098224,0.6844760725012329,0.1467799659188409,0.14920493809846525,0.6850866959286992,0.7176326232556982,0.024102024475396333,0
0.734277,0.930304,0.973021,0.7221522127421621,0.9885886329004148,0.39050627213388855,0.5343996828962954,0.49794721669537756,0.7081618675728117,0.7084613653618221,0.22849406384788096,0
0.806971,0.204208,0.823648,0.04738689269223284,0.4215995937779703,0.6249980890250939,0.44362578725112967,0.46576548106221216,0.5150085266888548,0.23371606896737662,0.30853442129180564,0
0.76085,0.0833065,0.594052,0.3762610304863022,0.9835331149664535,0.9936858058155272,0.7409513337056245,0.9431380514029137,0.872787625734338,0.3396567682881688,0.7788873489338417,0
0.211322,0.614922,0.240433,0.9577592704671225,0.390816169131566,0.2633066337210427,0.35790530804729004,0.2598445707279069,0.0935329758830612,0.10727215870596507,0.5271553383617505,0
0.644454,0.476638,0.0215574,0.09879393450588336,0.4681980621857267,0.1460893599485622,0.1936771902732768,0.6055789654443379,0.2675843734104285,0.26434386129329845,0.28550084463843417,0
0.416514,0.651441,0.990936,0.602240653279169,0.41663370475744943,0.4376101367107509,0.1559613774970222,0.7295323488133252,0.6069313171759744,0.05191437871619986,0.34004697508145787,0
0.437048,0.953578,0.233442,0.06935492583400182,0.2708074416219515,0.6503901276058845,0.11427532465476098,0.692950783968801,0.3741941460253828,0.08554678309289276,0.5122704686291308,0
0.843167,0.824506,0.699622,0.23476524670300136,0.9082485693878077,0.5661376575684448,0.936440542003918,0.1778228438244811,0.47911459314682303,0.8715566180630424,0.036310787582887305,0
0.260837,0.314104,0.299544,0.08289682078139049,0.6092822137699595,0.7328797850814056,0.12482456029416178,0.35532928900673844,0.9061459698543791,0.49534123749663694,0.11610367461822557,0
0.746487,0.348663,0.405687,0.24228594437752582,0.7640983775323762,0.05295165203478658,0.7172274306369076,0.5473838285710951,0.24688829656552802,0.8671846952279861,0.8359853437357574,0
0.882354,0.419519,0.099284,0.41540110337837066,0.8327476420492482,0.7393979105019424,0.7476022648653744,0.5317250760278521,0.8989497014418585,0.988891851220395,0.850562043188945,0
0.895155,0.99446,0.698111,0.019101127501432003,0.06677465568311503,0.7796846205533265,0.8663560787153444,0.38075657472331437,0.9926810998679066,0.2150154823510173,0.3939861256056697,0
0.873606,0.677464,0.778014,0.5349174466688044,0.50845677432065,0.7787146221358944,0.5327304521598912,0.38739708743251455,0.7917615090700403,0.24235658376357683,0.3446707576900452,0
0.562235,0.827005,0.48966,0.3447797409682537,0.7245821699289668,0.45307488625557046,0.283838396308164,0.9147958739920609,0.1451692995303422,0.012738577227353498,0.9483039041037868,0
0.0186784,0.172648,0.324811,0.16065642279142667,0.5447132009945298,0.7437825097001267,0.5768728026283586,0.16605759413937882,0.572809486276399,0.440780623078763,0.23783997944130697,0
0.856536,0.671428,0.00535958,0.7120171620998536,0.9187603151108733,0.6979898684069396,0.8773835092807373,0.9017597178580661,0.7422099702876114,0.2261166150808196,0.8034429286042145,0
0.777671,0.0643561,0.704268,0.5590301706904559,0.6913843512345088,0.5990834388993697,0.5536241890953361,0.32090526934563424,0.9784853403008411,0.9594473326931566,0.5771739988126995,0
0.92022,0.705493,0.246154,0.913883038588591,0.4252636816252624,0.4447677634371555,0.3013167080447826,0.38822135860967355,0.8453617317975489,0.7735080905461724,0.983269506440728,0
0.47927,0.076463,0.519989,0.9926435979019299,0.18484812297135333,0.76999060409033,0.4267945025045381,0.8624555624249918,0.1858316844183595,0.12242698905340388,0.6716733360062664,0
0.404208,0.240052,0.440878,0.03292782793063964,0.7942263489608354,0.12636364491576368,0.5955856010644934,0.32899980575299304,0.37125591215950726,0.9452547848387061,0.03992618985997187,0
0.972558,0.850718,0.718763,0.8728968186808942,0.8724604400547532,0.9715964675081853,0.3239898906847559,0.3071523209609449,0.9748027286047694,0.3871906114017153,0.6427630268284166,0
0.903966,0.343777,0.0585121,0.13965246813016607,0.2430351845822719,0.6576533770901198,0.5721039399122254,0.1903717417100691,0.12732500494759513,0.7603637713162679,0.6035795748323626,0
0.321026,0.915531,0.0712894,0.35039217314297233,0.4632140302416815,0.8135053245204521,0.1521823255251631,0.8455454302140182,0.9003812348691421,0.9989388035957718,0.24901626414625622,0
0.52855,0.41094,0.714261,0.22404208927971014,0.6831837860313779,0.29816238230480363,0.594481906881766,0.5105861091998091,0.12835523042837593,0.6760785490101615,0.02768877787999746,0
0.402085,0.962387,0.279685,0.5010450039941935,0.5413177392015726,0.29223141701409494,0.8107105685342503,0.5738936993428057,0.22861482797440857,0.25149959095700625,0.3807654732251218,0
0.254125,0.489962,0.43567,0.24655274112954217,0.17587739188268892,0.34012478129724333,0.9910391033788643,0.19797734767794317,0.33760979489439025,0.5137787653867274,0.4808287083514893,0
0.268777,0.582684,0.131501,0.08817043751165587,0.4774721081454457,0.7552620398665472,0.8760291491075408,0.7481491820160651,0.218829218910498,0.7717946484880882,0.12060981384147196,0
0.799978,0.186747,0.646256,0.5851188645145478,0.3729362279733702,0.8122471588314535,0.3864620001935679,0.3552703848929617,0.2359700498819557,0.3309436025811341,0.497544356801767,0
0.315102,0.987562,0.913611,0.9821362593044336,0.5141957517194615,0.40224321393451223,0.08220483130360112,0.8541500622755944,0.04422116321309966,0.8003198422857747,0.5668404665726603,0
0.579398,0.673105,0.325328,0.4322564138274555,0.2872840770862226,0.7945392370955386,0.3921140874219785,0.5780636660955651,0.4159862226762029,0.9900264886527161,0.09593859368741098,0
0.175755,0.680963,0.187608,0.8183808247698791,0.0280780734747762,0.08301172480210328,0.21141371810483334,0.8214195817353321,0.21919318140503286,0.3720940295691981,0.07336877669305641,0
0.693446,0.139705,0.656764,0.8405420641678006,0.8176438507250662,0.9481316163952672,0.21768235772237887,0.7137801723587232,0.1910751360752514,0.045006897115235533,0.9536732928994868,0
0.28027,0.321238,0.198491,0.7392194138180193,0.5623553362828232,0.40765433689253494,0.8296338603849757,0.5609702264888056,0.22466144822061462,0.911250658242494,0.7882267720771569,0
0.543507,0.990845,0.68628,0.31461430522183853,0.7821246882080307,0.9452387653932713,0.35698368412954185,0.11059932831307273,0.3555249460695825,0.710037230723607,0.06781020716959163,0
0.500812,0.810089,0.254422,0.382524482137223,0.6832390100816638,0.35546409777278676,0.8939917562001066,0.1317923728615692,0.9441876157934972,0.2137336876526229,0.9336528100842415,0
0.981805,0.677284,0.0969236,0.8165084937798883,0.45064662374159326,0.19775348944956328,0.872387407278973,0.48295554281819186,0.6263140474914224,0.8085033862449351,0.6776626309798155,0
0.451355,0.476857,0.60103,0.8306776909273706,0.3299438509977134,0.9635187641543759,0.6072065859974195,0.03291195297051386,0.5365579114313405,0.218239388076912,0.167302070015374,0
0.287332,0.0695397,0.374013,0.29730327056574046,0.8650306448993355,0.9893930532129035,0.41475809989995827,0.8807582442106641,0.7911980913709431,0.28013041838380903,0.01657581872612357,0
0.714417,0.467714,0.725905,0.026735989984929542,0.87474309000474,0.5901534850744796,0.1160321189872402,0.7485732997825966,0.2804446980842956,0.21282234835224767,0.6874429136661537,0
0.288645,0.323811,0.444832,0.8049342589419625,0.9649116279589718,0.2307585135275816,0.48802167276548836,0.07997071225975327,0.019559625021165594,0.38723881244244496,0.5745984299203812,0
0.0862243,0.309557,0.136269,0.350970125624671,0.2788366529031311,0.9209066366364238,0.029621443126495395,0.3719748316500381,0.8720909663564016,0.15049067005106986,0.46487682398765573,0
0.537564,0.668047,0.697446,0.36618790340630836,0.8803794864327938,0.23299847319489286,0.2562262555502942,0.9647465468602154,0.00895239753822441,0.027568436408694663,0.38454950507653574,0
0.844328,0.993324,0.425243,0.673348327064238,0.7332405986065781,0.6100842860454747,0.9379502697909569,0.31336760030023647,0.336762335051929,0.20091655580710754,0.6378915668751585,0
0.809518,0.33152,0.594658,0.7468003261131797,0.09426010063848056,0.18105906196375698,0.029464176181179136,0.06150335015189068,0.9909948343023691,0.658844016073384,0.9628691588017946,0
0.0384281,0.344181,0.203777,0.24716975193095148,0.9496751104304124,0.5976663476255353,0.5068612946043685,0.5922252672308906,0.16212309228635013,0.004703476399769202,0.14982767068842595,0
0.96851,0.982023,0.195727,0.3769758918668311,0.4353955892251016,0.6827785800050955,0.31069199293313654,0.05636722534628347,0.29902060297846544,0.6653568203319306,0.6448507160278706,0
0.909906,0.458932,0.363255,0.06025011101598943,0.04522933441774046,0.7181870090519286,0.2728319828389235,0.2522623982207456,0.3522533124310262,0.17083810089472773,0.8088857030591537,0
0.86671,0.690731,0.385296,0.11984286061104432,0.16919693582026218,0.8827780273179476,0.6873012125813244,0.6131241932373463,0.6652643901828946,0.1716856710284964,0.10154936098914058,0
0.91521,0.760739,0.153,0.9317658112015452,0.03302901415941095,0.23122608563342728,0.33456231196923425,0.47291324739648,0.3623810504417214,0.6786674854452903,0.4376550001162802,0
0.688556,0.743026,0.755738,0.16907986829492028,0.09784437445767602,0.5174029734386515,0.9107150726289833,0.7635975735010039,0.9622063608822409,0.8381074074825346,0.9926318568256349,0
0.932452,0.929196,0.561589,0.9175416308866695,0.864399560845337,0.7425244569633713,0.8316660430693519,0.6300310222839058,0.7134504311782229,0.031391390893070636,0.16751046486898458,0
0.553234,0.731344,0.247734,0.33457317811904175,0.8212297819575157,0.43268494516413825,0.8405966940698453,0.5012465783394091,0.18573005660241315,0.3989894123318348,0.056415827340722924,0
0.0144797,0.478582,0.0197624,0.45024876628479127,0.8583718826809251,0.4289853079682989,0.5667369892902316,0.16122544820255558,0.3697941884640825,0.48876520224384934,0.9907576803784142,0
0.405863,0.739604,0.433132,0.08648148769202935,0.2177425786475533,0.9558810973694736,0.5485849739537203,0.9428274186574034,0.7193147178578145,0.9938894350623676,0.8306531357183025,0
0.068185,0.309551,0.175748,0.6310120848798654,0.48704901176615334,0.3625316597772733,0.40434505956933275,0.2804786186527233,0.5565488391692183,0.7748258037469697,0.5542403528107525,0
0.98967,0.501243,0.932111,0.3008586729991646,0.9466731974575411,0.971656790006339,0.21790354253167477,0.01851067644428217,0.981717043100339,0.4675455515468073,0.6142594496025184,0
0.68476,0.613141,0.195958,0.2672837445302618,0.010906969521005783,0.9181859572559984,0.14227747950389125,0.7284240552513599,0.7434978933096373,0.9165066049064043,0.8360314391128708,0
0.249287,0.194328,0.589552,0.02869916481094692,0.18058145793463254,0.08391932956598402,0.5154980562352136,0.701654861935505,0.3502401336077907,0.0054904175837028335,0.4254558813989642,0
0.32043,0.731737,0.200888,0.47706552035026384,0.2685267757551515,0.7243112332512913,0.220103072330611,0.289460633971249,0.9635912640862233,0.6349684552541489,0.07108738881462817,0
0.202887,0.335978,0.9102,0.8312640789307016,0.8953040881306792,0.44151239581846546,0.45648218626964354,0.049852751152026364,0.036102526229367715,0.8183961009330932,0.9185614432342828,0
0.799607,0.817592,0.393784,0.6378787060870246,0.2623762282600445,0.7043862574031873,0.19511411917072297,0.444017434457186,0.2309280098815948,0.2652426551943884,0.40221008107913314,0
0.162756,0.27409,0.849694,0.7446237942587953,0.5311142895107044,0.427928546491793,0.27890074697195955,0.0241566542140339,0.20392230399155153,0.33599801953855235,0.5520474764636162,0
0.237551,0.420663,0.632714,0.41563795380122015,0.4173885626168943,0.22448690145494032,0.2967242268615362,0.8283143709840571,0.005294128646474938,0.9459966408056502,0.6956318324753255,0
0.925503,0.971765,0.362668,0.9470748342403236,0.8390907111455465,0.2425566859122985,0.7753555341109748,0.570400429614973,0.1082760367997504,0.28850062786145336,0.5850226623461884,0
0.989258,0.42508,0.352385,0.26450549277159396,0.6436449213383939,0.3052351936337059,0.8696673346519027,0.6659403157812843,0.4061524399399048,0.722249404898616,0.1563039422641468,0
0.708251,0.887944,0.0949168,0.19283623273060357,0.17382264506787326,0.610733030079489,0.7343073997136984,0.3081386130882946,0.254325289291248,0.22404206672070215,0.12374849071720417,0
0.0916818,0.496018,0.943077,0.5182585944251682,0.910217904336776,0.6582040538339574,0.5929316044325277,0.8642573472307209,0.2007414363926182,0.6546068959269614,0.4114127214335298,0
0.592876,0.0334184,0.950847,0.01993510978570079,0.6621705226724293,0.5916018614978721,0.4021481610412221,0.0236200393137036,0.9090414980988508,0.7028572831032122,0.545700336648534,0
0.74935,0.180811,0.125957,0.5429041153950517,0.6967952852160462,0.8304647459660437,0.47390151371183964,0.9770327015713357,0.2568083671675194,0.1379196211434004,0.8172982858549663,0
0.380294,0.318811,0.222604,0.8140784568672323,0.3226775804611426,0.04689597953605118,0.06665567896920299,0.40234461529098464,0.2960414631853274,0.4702236807789717,0.35171788834216866,0
0.718503,0.60913,0.705838,0.4586407086200124,0.14510463601893564,0.13478647621344497,0.435941102772624,0.10231075993767647,0.8287909825572428,0.4051158264238832,0.5100389267315784,0
0.911255,0.1928,0.559612,0.1383446039730838,0.6960309182642015,0.9604565068336441,0.7626387142730012,0.29387984137358125,0.5753076469945547,0.04795185290440085,0.326749184853389,0
0.655843,0.799895,0.164894,0.40111608540521915,0.11006938265246591,0.8721929640398041,0.4992078540348994,0.17331845000852153,0.23325354464570847,0.541906597442728,0.4628520654423862,0
0.701205,0.358337,0.736924,0.23934696286713852,0.2131475881411099,0.17456062114671855,0.5161552240968857,0.6671189002022078,0.4646015408694767,0.5703527167144201,0.8518283273719878,0
0.547474,0.545121,0.748411,0.9424361394344813,0.4021792182119772,0.7171522668969954,0.5426979277375736,0.7004482771022706,0.4714054739406953,0.6359881326738885,0.8970083501673555,0
0.813876,0.0432988,0.272868,0.7759327996304226,0.5011423165498081,0.16309451385402007,0.36078042966384727,0.7365882069685327,0.34908811832956255,0.7015698548857404,0.2225727772587307,0
0.497753,0.755783,0.541626,0.6726299539136084,0.2733049006121887,0.5721047530445745,0.6782557255684967,0.38882198442275506,0.9477441043117184,0.18160990413873535,0.5813469210643959,0
0.401079,0.668194,0.718251,0.12539384537629583,0.5714771815775097,0.30961702233234334,0.682661596930993,0.9335765752090402,0.8695500280603472,0.7114844908778643,0.7145016116872598,0
0.291855,0.448915,0.117812,0.02575649789702672,0.5884985950361439,0.8452578209214007,0.20057224344083635,0.02429779476572469,0.6757784769289188,0.8225919871346898,0.7746852253527412,0
0.68578,0.183089,0.319637,0.8400141342542927,0.6629142218935871,0.6718333969945315,0.3987524208246783,0.5938368515255318,0.43538868428505095,0.20993512290811078,0.1467015051478907,0
0.0199412,0.04174,0.725894,0.697099561935231,0.7894064725450383,0.9470586033315839,0.2208928847530488,0.4366934203505204,0.8237401888034882,0.7534538392497812,0.6002888877954613,0
0.531093,0.510845,0.213536,0.7006342194391635,0.8219133978553396,0.6369083782034999,0.5495869930976404,0.4187414423117801,0.08162145771640794,0.9125993388536617,0.3276778275188501,0
0.334682,0.599729,0.73074,0.3058734000887807,0.23085459671008235,0.12833569067486006,0.8390919957446484,0.7259723830419328,0.4697494486780225,0.4928111094297398,0.9950023109273688,0
0.994152,0.91481,0.0921087,0.5544437318618454,0.4670765226369754,0.8367406205789271,0.293037479093862,0.7135991760685996,0.5684410268442203,0.5595295731396343,0.9795571140523968,0
0.206796,0.147166,0.0352058,0.02442301298345617,0.5106001590135303,0.761402180343897,0.6517982514214681,0.8549737536289058,0.13873857875828,0.44252782732238427,0.6446205303511914,0
0.976833,0.697077,0.263279,0.3374940763172747,0.008596709793869173,0.07804248349629395,0.37417045808193816,0.5585353490531035,0.2267138553168101,0.4148012715494629,0.6740268681910317,0
0.436079,0.272484,0.853761,0.1612073518800482,0.7121635568133674,0.1783792390271567,0.9896223077567403,0.6395967427393624,0.998488898940203,0.7728624754904319,0.700970729934429,0
0.0272892,0.731795,0.494521,0.4773004868266699,0.1499328423927272,0.28822835562889726,0.6204295140424662,0.1690106019828721,0.8909581684968032,0.39696377735939603,0.8341078933425778,0
0.177948,0.941843,0.889358,0.6816041309840403,0.33389943383747034,0.04652839132012376,0.019058009335829684,0.8765706462103792,0.6099198491877675,0.6894814171659287,0.5186000523598817,0
0.265169,0.23983,0.344524,0.9879719965461162,0.4487253235838953,0.0653322088741145,0.22435969503145048,0.03265387864489977,0.05083793830825589,0.2864532087865389,0.6149933122479049,0
0.00379272,0.218552,0.544616,0.5873027850450191,0.4174817665076882,0.06253755316406273,0.25053220628137596,0.37856479881756866,0.7181815906240436,0.9739515391825473,0.950730885499413,0
0.236862,0.610361,0.412474,0.45678069881791594,0.5693447731426742,0.7710888596094824,0.018935500305312214,0.47606631976201874,0.270123527844941,0.19254189122541332,0.8177992972056592,0
0.0876406,0.401146,0.00689757,0.9094170292363783,0.0460787504995831,0.8381572743523727,0.1740877763441353,0.1646875760652089,0.6842109082407359,0.39063839804133893,0.437622397146042,0
0.951085,0.421734,0.972107,0.1161036204160536,0.8975733859173425,0.02264320473618253,0.1737492728413247,0.014087956424430836,0.6731490356336349,0.14355193050534443,0.26149849125885205,0
0.676888,0.37633,0.126093,0.48085095504943653,0.038193034153594874,0.6373154712683442,0.023561374135345425,0.5935714344362888,0.15302778210666812,0.39497437031075,0.6654257842884473,0
0.656898,0.412478,0.497221,0.5991471909870517,0.11974604922187304,0.9088040900696115,0.7051938096274514,0.05579685073579532,0.836803603901081,0.8177095228437715,0.6786773864893452,0
0.182612,0.267839,0.779143,0.9738316918061882,0.4123051517481454,0.3135696938810675,0.23784373014693527,0.1970527403779072,0.12966958781921634,0.5548473228725924,0.4393634088505043,0
0.0588135,0.649289,0.117983,0.9292590902648501,0.33190476551743264,0.5590177550901417,0.29918433182350235,0.3645740376803064,0.5035228901287432,0.681374060580839,0.6684522549262675,0
0.345746,0.210373,0.391331,0.6582579817568076,0.017585874394105194,0.7577234260117042,0.9468772470549767,0.6147546257835006,0.43043580904743184,0.855180451045496,0.4121261492216445,0
0.29767,0.131497,0.411483,0.13106753483407463,0.18301229422642729,0.856619068285992,0.5527351706599818,0.6762984942957495,0.08537664520120813,0.5314657368085569,0.4064805950059468,0
0.876526,0.511775,0.936357,0.4710003938322719,0.5330024593138399,0.24869362296234565,0.21717491978434955,0.4507899494685562,0.14043050737549256,0.9518175185324409,0.6411039379824228,0
0.785672,0.936296,0.333411,0.6591632922296046,0.8488880491099852,0.44825447695573584,0.1127711737104149,0.681002387425987,0.3786693296743653,0.17817498223702655,0.22340166378688786,0
0.302933,0.374068,0.0195682,0.4634199163698264,0.5748126736947932,0.8788406701499752,0.36979084137876594,0.8583469468134665,0.9611456665786237,0.9393390599588891,0.8564097800433869,0
0.0890617,0.602809,0.277113,0.03214006257748603,0.35675332253545966,0.29997397826964645,0.9502639431001378,0.543337345517532,0.5926623297512331,0.9523284121749348,0.22663113386922573,0
0.323418,0.295377,0.832552,0.06913923470169658,0.07646446872894008,0.9362515369230928,0.9762749040008323,0.11221973886208614,0.3166831303059444,0.6075337655079703,0.9353207608334662,0
0.879982,0.22383,0.390382,0.8579314691139706,0.2574590792588808,0.5172644710993275,0.39620778861903405,0.3500560601739793,0.12410428450083266,0.7301557447475512,0.7099996608543463,0
0.931428,0.414783,0.0645224,0.9201412032191648,0.9203727878095246,0.6963526000245521,0.3511756186955767,0.9005291663041565,0.17416466827484123,0.7204392330779712,0.27275693417578095,0
0.478571,0.828156,0.0671099,0.23686788501143763,0.2684281977394859,0.3743016895992566,0.6385277021316003,0.3831063505738439,0.09973531794800494,0.33142218252140354,0.7012726940936226,0
0.234275,0.604394,0.881393,0.12351418702420869,0.34606127825288846,0.04874534937138897,0.8914416542803414,0.7452962980215119,0.5792208125929359,0.6157579154585766,0.1392318903956241,0
0.121083,0.0788054,0.593373,0.9807976229630964,0.9661369392476392,0.9790541167514354,0.10858778470043695,0.6976679168400889,0.8641048768897363,0.3842096564931654,0.4380663212306585,0
0.99104,0.883708,0.048211,0.6712903169141811,0.8593162733780422,0.618282890630975,0.5129214502345252,0.8796306890093342,0.42655068174847177,0.9230759005680056,0.15075244909496432,0
0.823281,0.512929,0.783514,0.02348114542438573,0.1560136487527326,0.879834914068306,0.014443558930398614,0.5221693997698121,0.44485646941319257,0.5328425091582067,0.7476107666364645,0
0.279794,0.581561,0.896246,0.7536764287101009,0.48190594632800654,0.21545156997563897,0.12360715941916023,0.3188403034635179,0.5470141218056065,0.9722286114909227,0.829062394365913,0
0.176344,0.927724,0.893302,0.49685384579038994,0.2842677406909494,0.2081868402939353,0.7067665806273419,0.45248931127523195,0.3923210896188706,0.16644282550758316,0.4045076581798177,0
0.0715346,0.288699,0.320224,0.5553605602533425,0.5557332271669054,0.12942807586836802,0.07530965400572098,0.451403311763262,0.79639892599388,0.9043940167378633,0.33488327274015983,0
0.199228,0.435671,0.318968,0.16865661617349503,0.490347063535296,0.12746012885302915,0.24743996653524314,0.5749104188140876,0.7183786935148352,0.07369406160648662,0.40798702026080536,0
0.293261,0.273539,0.952441,0.879172636835818,0.18049414541802578,0.7962344615836277,0.4673410040180882,0.6746245943284257,0.6930227191966291,0.16796057661523978,0.3032466611734621,0
0.725724,0.670375,0.602671,0.3292339167716507,0.1456303602569209,0.45729255516656997,0.8554134569771896,0.007169399859286774,0.8007571515459128,0.4415936463615545,0.7987398418417623,0
0.412719,0.822648,0.829391,0.7230499288618173,0.5056626558176571,0.044208577131048976,0.17756079895435706,0.016192610052981338,0.8062907783472036,0.7931213986783757,0.8427142923376426,0
0.67869,0.113041,0.195406,0.9822124108195771,0.8681857560809582,0.42797649302429863,0.9320368911911363,0.7629185925348805,0.04436683847003908,0.9041890993692628,0.9132886682031875,0
0.0491942,0.133871,0.388599,0.07184594376954634,0.1285370630914049,0.36488632095457685,0.7792629188091864,0.6849027537645574,0.7432827820816804,0.6047795185236741,0.9195549677618429,0
0.239139,0.808457,0.951021,0.9013684701792913,0.6567103635909893,0.0381579157593811,0.014145255343044227,0.8001087945916984,0.5130764170951716,0.6697865254588355,0.3604505063938819,0
0.927274,0.119561,0.189247,0.20095219597073333,0.7950323411861424,0.17679399483748515,0.4617341664064163,0.29081233404355256,0.8656943827860735,0.6298207615449218,0.7711615129654094,0
0.786176,0.00597999,0.862575,0.10583563519513406,0.3941090717999085,0.7294613049576669,0.35975929201075185,0.6966954756118742,0.623984000273978,0.6560923736184667,0.9848547698945711,0
0.79931,0.428672,0.295001,0.811812702513844,0.6525163579510621,0.034483560487113096,0.6339629926361476,0.4115899660809319,0.962072154977853,0.3432483156145112,0.6964047225331265,0
0.697958,0.628927,0.316972,0.5189501095485204,0.7582956115125624,0.568457409231037,0.5443116191459778,0.6143515713109077,0.6695454719774871,0.558973367026865,0.5936713835111884,0
0.640781,0.514563,0.0227263,0.810781442299482,0.17438448222856695,0.8271360287316954,0.8792551057891161,0.7736785098702881,0.6823512317593519,0.1651170267305957,0.33381078476439685,0
0.0740948,0.457276,0.797837,0.5633096898014086,0.030071599476078625,0.056431042338282666,0.7049162556625003,0.7488752468693741,0.44326767750848595,0.9675768440785479,0.8180347954955961,0
0.135147,0.176081,0.258464,0.20382960988081278,0.5393191319929375,0.3118634090653918,0.2429959407258716,0.876133474059252,0.27226484789266925,0.04587979547216536,0.9430440724513344,0
0.0733809,0.248528,0.6578,0.9577162251116335,0.6652884479302148,0.8157535559876438,0.5274641669278654,0.6531054086074798,0.17358594260152083,0.03420675900947856,0.16578897351407362,0
0.733762,0.413647,0.651547,0.18071223114382085,0.8764430495989108,0.7841432581081493,0.03494090963159202,0.6965847252789082,0.6685068365792188,0.6991449839741226,0.6693738857068806,0
0.193125,0.240356,0.324825,0.2928438024364497,0.8785260085467884,0.23585927314585953,0.465863357832063,0.7875332558911661,0.9102710628947474,0.7436011418560141,0.36871190683210175,0
0.488399,0.470841,0.812445,0.6528391238249345,0.9283593471008788,0.33075020818324163,0.5103813820879047,0.4044778048511102,0.23422407787936672,0.36096900502893337,0.43548907374975565,0
0.637322,0.685759,0.157325,0.11086288274236733,0.9143842828992274,0.7413798138915811,0.16257314110970833,0.20995551976064364,0.9312554380421761,0.7897549409876499,0.2058158201461996,0
0.140691,0.58682,0.592622,0.49942659319397154,0.15621214399585293,0.5159563333592455,0.9484145095640787,0.42099209301623275,0.1713849181773569,0.8635746143675986,0.7763902295900194,0
0.650786,0.226073,0.331735,0.3109660145087447,0.7125857458895488,0.8259839837834815,0.313482526378533,0.4527324395034671,0.6121197195890927,0.030616619180265037,0.2726496737388777,0
0.5321,0.85428,0.404864,0.2531726984389391,0.9607448051418347,0.10250579717358532,0.13717189224244253,0.8026250662348752,0.213472435194479,0.37060131185890544,0.45275932725245804,0
0.483513,0.545391,0.202239,0.025938168054041477,0.7969911304703212,0.26774666989366325,0.899230438138134,0.4410515012165849,0.5810723980603291,0.09515684903717714,0.7965577045725233,0
0.0482065,0.0792048,0.362725,0.8418030088718051,0.19392826108798378,0.08169329672771797,0.002247852423428731,0.35781167019014426,0.560101911055731,0.3634035936305925,0.3821813583749739,0
0.632196,0.290501,0.0619715,0.050576332295290904,0.2582367124429287,0.457271934705087,0.5566646608332722,0.5587744904436741,0.995982769170935,0.5193327173555856,0.9729487790083499,0
0.499158,0.68684,0.280509,0.428439886692231,0.9664178313860998,0.727781996434496,0.2701370734421543,0.713899937999458,0.424437176557962,0.7634749797373408,0.25922574888432537,0
0.697613,0.328687,0.547209,0.06794751915616737,0.7944261507376066,0.9093524190557082,0.23365644768134464,0.47420850297303263,0.3490818572932851,0.482038888338731,0.8089982343389363,0
0.315857,0.255164,0.33314,0.41231893942587894,0.44526387548715163,0.39212935299156515,0.26289960095610354,0.9370764992469722,0.15956783296367427,0.04797685009855601,0.09416814084241398,0
0.823901,0.353249,0.933932,0.9828484934908064,0.13147194476573065,0.06064495430267913,0.797903348175117,0.9645844293746957,0.3975713134801724,0.12367502279787201,0.9364167714273725,0
0.564399,0.461455,0.375456,0.04560734805438227,0.008090689337451384,0.8557777336329225,0.9210995554660998,0.5375277427975327,0.34228165027632984,0.6824564019235249,0.3155845297566018,0
0.826741,0.00434998,0.558247,0.058538489289556184,0.9277766689841646,0.9041167468440391,0.6938480357054522,0.12430495722235824,0.4641518153739006,0.9876301053436449,0.33291787216023616,0
0.603907,0.439191,0.862076,0.716195557177088,0.2826582466810774,0.09475205543509813,0.516269697941696,0.41053985134964566,0.8583225970375805,0.9081196399079823,0.943917502945321,0
0.456259,0.873201,0.158349,0.08585720144962661,0.6404853725995224,0.5553724801155709,0.951343437835696,0.07876436655724128,0.24673290633455902,0.7066066540505297,0.6045176682152482,0
0.752033,0.404639,0.642531,0.6991402171847022,0.9428246671495338,0.4431601811668401,0.42824585384990765,0.38080329287204184,0.4442525401669277,0.036321601072742515,0.9345613043128137,0
0.974572,0.95977,0.147056,0.8083459305823244,0.4216313003386638,0.9722952798131707,0.32945504281601046,0.7453164968268486,0.6813934508042117,0.17141432740188112,0.6849991069914756,0
0.979404,0.0543829,0.44251,0.8081717908449104,0.014013981285577182,0.43989629984889245,0.9612071477084957,0.9659493516816,0.5880061668752017,0.9622895203995407,0.5546013475572029,0
0.630341,0.366636,0.417988,0.4949173298360776,0.7060681624374342,0.9279852338071282,0.43075517118983686,0.11105546086140117,0.7372561840821852,0.015973740607727938,0.8232093933934554,0
0.62601,0.0881976,0.533669,0.6074356321908116,0.6504813573384481,0.3203501091740063,0.6139033218241482,0.2004777578862098,0.21409809430305737,0.7779966730787061,0.48435661564824883,0
0.473195,0.202796,0.888214,0.6307467961753493,0.5308445100017718,0.020608545384042,0.9821752317226785,0.6187762802018111,0.4885699768278181,0.9655801996659787,0.41738862723910775,0
0.738774,0.867138,0.899614,0.39741550674667003,0.14092836744276105,0.5004797058629892,0.6701035290026283,0.7210620764905965,0.038300508834300695,0.7278510293185869,0.6546260509985447,0
0.0866604,0.540796,0.384699,0.5689403630357219,0.37027319539139125,0.6998981816388108,0.0013938324377026357,0.21372159466732332,0.23216521868886342,0.9199554528320795,0.7330348098457019,0
0.324639,0.704886,0.130886,0.11653374914268,0.2350052795757751,0.2889307058736261,0.610125896384838,0.9158582159869972,0.29666497985584184,0.10976696509595063,0.5102591770281604,0
0.56468,0.0886256,0.604965,0.9501787831266088,0.6033134456645237,0.5866887419242857,0.8778498506946032,0.6359993190730672,0.4708836605693676,0.06579963064435079,0.7088048424299206,0
0.747011,0.379287,0.752006,0.12858473117081304,0.17477789030255064,0.9338910914645042,0.7651102507247514,0.344202738978618,0.05891624788023908,0.5099560715528269,0.9894120462721122,0
0.617258,0.552602,0.623914,0.5290652243190425,0.3802533075740345,0.493528525585049,0.2920376107915458,0.3115687392305785,0.7431219272782799,0.9951001939151339,0.10606440391649041,0
0.325585,0.0299565,0.475248,0.7216308130783045,0.055961673686558244,0.23601786098216626,0.6022630469872655,0.27179770574018747,0.2839251209124747,0.28034149368589334,0.42865289947945207,0
0.44275,0.526596,0.723626,0.9534464753634183,0.7610778916711957,0.3657186770365388,0.39383976030650714,0.00586216688185337,0.20955057620144701,0.62575008807541,0.6930289663021856,0
0.473545,0.942252,0.196237,0.49878035931538023,0.3036588187734295,0.3935807205125236,0.1488140918915135,0.9187350653483689,0.9611666659849822,0.9640053036734538,0.037651453970394155,0
0.328475,0.165533,0.899399,0.9684742174307279,0.2828142165562547,0.48240939486093115,0.7280144858658741,0.9568889702732502,0.8464435387776769,0.9042856107972498,0.24764045373503796,0
0.920185,0.327941,0.4353,0.07201345229974165,0.32023855572755633,0.7306692657779766,0.06759866289647842,0.33841329061854053,0.28753542853937886,0.4742428907895615,0.9629731087286674,0
0.859115,0.684123,0.0338975,0.7868653751738282,0.31522129170390245,0.6288704177437343,0.8696671366880954,0.5896451166865769,0.09916361032909893,0.8267882504786699,0.44508207563453117,0
0.186241,0.349774,6.09e-06,0.17416457633196492,0.48332767384071074,0.35003656436418085,0.8046078646499407,0.8620153779521761,0.3177836261498517,0.11830737935485958,0.9698640758779284,0
0.484786,0.254984,0.886219,0.5551848425254954,0.6228261194671479,0.26690587015983014,0.8119115896327113,0.6204034160512835,0.31529144688410793,0.6798016858422726,0.9299438988746398,0
0.468244,0.797836,0.284519,0.4383717408245702,0.6225013618879844,0.3979786442842874,0.7078307748830966,0.30718013298004976,0.6418919886015747,0.5545811127984577,0.4930778061998481,0
0.962726,0.490577,0.3019,0.4479949361869964,0.7493032803202767,0.08714596949437636,0.11165679381964033,0.24019711085106665,0.5413400151488835,0.3267225156307506,0.31094087870832976,0
0.140058,0.466116,0.0967334,0.8558163557434898,0.8381923165731858,0.3814863307632509,0.3715173087623205,0.6302114793069156,0.4590035451416131,0.7333155783044267,0.8959718074197119,0
0.0570071,0.130454,0.344067,0.5650355660161507,0.42659041797501784,0.771374711422922,0.01894416548653921,0.7831325049741712,0.24570720153483683,0.5063533461360232,0.23661474856370823,0
0.562003,0.854447,0.43267,0.8040158957124757,0.4996725431110246,0.09278710752436936,0.4886341025357903,0.9871280318522713,0.5965610424072348,0.6664353920081966,0.5751803102859391,0
0.208242,0.577712,0.910989,0.8785748344394829,0.21132209086511655,0.40248317774782094,0.33508362522403956,0.9965788303827166,0.4822155427377708,0.9140494402159386,0.291823042128484,0
0.617347,0.506897,0.296975,0.16830122044047546,0.9939607680118671,0.7277932328641905,0.12695124216554565,0.41476173931291593,0.9333579344064458,0.5239686226608885,0.8335953471489975,0
0.760245,0.537881,0.334717,0.31187851671787314,0.4358533793440722,0.727174536383217,0.2986366377590598,0.34638099130306677,0.3423776664039059,0.3104999410067607,0.235080530197313,0
0.70094,0.190323,0.248981,0.2865757804187652,0.14023650301781676,0.6659609911936708,0.42392383466218486,0.9375915877258258,0.47224547453791554,0.32939215715725534,0.5164452639422803,0
0.808868,0.734901,0.345414,0.7713413837329495,0.48999724712314663,0.18457062290678183,0.9996124547291106,0.5163233408295194,0.05333413256315256,0.4410557897240701,0.7092744228686194,0
0.00388088,0.473411,0.189562,0.7836868246335325,0.6679278277269766,0.9581242552950371,0.8830761572880518,0.7105183869953858,0.02791683681240209,0.48970690945602535,0.2787559055841783,0
0.994637,0.372779,0.696891,0.25074802191958334,0.8710372314816389,0.7564050603194905,0.2826488523923676,0.5140071637482772,0.35063980430059805,0.16616388203953636,0.6610750106382485,0
0.652086,0.269614,0.00568314,0.1997344652408879,0.706311928018742,0.49734495484486074,0.7052194816873723,0.5426440251368425,0.07275357260607607,0.36415398195363535,0.2478981981693652,0
0.00698067,0.0509505,0.673753,0.3798450504226243,0.9301683688321776,0.5339929770898099,0.39473154708797775,0.9261929870629667,0.9067662632393034,0.12839267696940238,0.44896900136272166,0
0.738867,0.683797,0.650713,0.40971874875129877,0.491403153449276,0.20424720239041738,0.06915038234280724,0.20563073881145932,0.7573002520079168,0.09401531424721732,0.5742105680020989,0
0.938209,0.0794666,0.751343,0.46015389396795714,0.7719441324537749,0.16686290262556758,0.4722414810622916,0.1767740767528101,0.3003557134441789,0.34888309400114337,0.015361573451619148,0
0.512544,0.5874,0.897919,0.11307304998485945,0.12458140864227762,0.25691440859079984,0.764521623189612,0.5475422837038281,0.5169356286962493,0.6377307201787762,0.9607547596638905,0
0.253922,0.93779,0.0696787,0.49672538341594386,0.602680548596102,0.14458794889486404,0.8371857290733773,0.9422687304624061,0.6743667003442843,0.25454381981341,0.4840030279520853,0
0.588296,0.502859,0.0503655,0.5968872643385859,0.6242362754454518,0.020896853233474566,0.7517486759940906,0.7788711025552854,0.7231259922927825,0.6410277742568802,0.8254670411539,0
0.126194,0.297829,0.802741,0.853728029382004,0.7069450189326598,0.7107669040111639,0.1366788477963028,0.7416943423113984,0.1360662519479221,0.7619422001505605,0.2074467069185365,0
0.505181,0.647401,0.209018,0.2711638589367984,0.06131693456336518,0.7117117391771448,0.5323700585908151,0.6487872398885725,0.7433724007009016,0.3328322407723806,0.8957839494905617,0
0.510265,0.447754,0.960752,0.6872539340360792,0.30019297205900675,0.7590798173225882,0.5131648657473928,0.05893525700091273,0.5317281023328466,0.8510663818700412,0.3686624571510577,0
0.748391,0.0759748,0.113607,0.13995757117291108,0.5283606089232076,0.005351823610244666,0.1681487978788333,0.6507245163442398,0.7928471222231778,0.4603233936889669,0.5780103835595021,0
0.271855,0.520439,0.0587322,0.23311565104081355,0.6994880463561514,0.4728535677482554,0.2303856638109486,0.006722464373302595,0.3194882629997655,0.11363748575448529,0.8198120810240257,0
0.612789,0.426373,0.696567,0.8845107189775878,0.3758435029387913,0.9730913060189667,0.6312287245669699,0.5769185063844813,0.9993619236726003,0.6693993866360209,0.41233387984382075,0
0.25377,0.202436,0.302354,0.8402225528879295,0.8030360500656688,0.23020474647368605,0.1861968782859984,0.059254022540445206,0.38744136520714667,0.07268830562169937,0.0035085799921953376,0
0.3881,0.872139,0.817927,0.7814495144609992,0.5250166859692676,0.8267029831588532,0.3543737640494987,0.23489389736215938,0.38933779915948163,0.23094207148751422,0.025423405387455134,0
0.223891,0.672332,0.8985,0.9329501099067544,0.4926407067852756,0.3399644957161183,0.4610564955935862,0.30220579418587823,0.6505170119313819,0.33255320234443964,0.16801161165068446,0
0.412354,0.910502,0.492061,0.6309800953858653,0.32892459432897614,0.8525161298245151,0.030337962509419447,0.22333145964299295,0.09693912765690949,0.7903358708362928,0.2786945490300544,0
0.290274,0.828684,0.210957,0.5576229484126181,0.38872909563721725,0.13935478361325948,0.44847641411541206,0.35760227357217733,0.7842156319726817,0.4279352363715079,0.9729067997489594,0
0.34469,0.0598568,0.774769,0.0952441954714065,0.19431338782952734,0.7267892409138539,0.903851232420422,0.983741885303179,0.6388842174475905,0.17160026986111754,0.6346336610724314,0
0.745688,0.565879,0.212652,0.6557654051043158,0.9747029835250998,0.30218137021432034,0.510953857346328,0.7281492774809626,0.10937179407146691,0.10991372551002898,0.7236055120078481,0
0.515965,0.710324,0.411876,0.2558503476804318,0.422742189670419,0.8422218905850227,0.22675746757340398,0.9387749587787877,0.42475097966877196,0.7421958883907183,0.13325052176450247,0
0.150522,0.762049,0.283247,0.6412469852497079,0.20904056562398332,0.7098084601185173,0.9027787555589071,0.23146300350151416,0.4061413452549113,0.5099663498704456,0.8496424535297347,0
0.361843,0.5218,0.331778,0.28285688230997263,0.692732114901915,0.4732545527425561,0.9048661894120746,0.29107631775254983,0.3542376014130927,0.03506954934740136,0.16492701789077413,0
0.969477,0.91555,0.69524,0.9237233472503483,0.32009598123647764,0.16445506669356325,0.7463814505474189,0.459648880906932,0.5803025692132716,0.813177491446091,0.06397848463802935,0
0.199099,0.4355,0.856044,0.19777090418028342,0.0936547512079734,0.0470057512646469,0.44283948355267944,0.1822678492593488,0.46622944236029296,0.7896330894293201,0.1821038742093828,0
0.193464,0.330085,0.19634,0.7862385708892422,0.5395382504974903,0.5558898076915083,0.7602974509882202,0.1272952328021807,0.6667299915126215,0.41323417427274844,0.8239575228361513,0
0.931986,0.676709,0.449792,0.018406714145857928,0.7813439704759093,0.9581817099825404,0.334653064550383,0.3228096877171557,0.5146539315849865,0.34905934178100273,0.3577157411342091,0
0.698264,0.933286,0.310369,0.22607265178453273,0.06859428239900067,0.15663160058396342,0.7903774707233008,0.2650918526615734,0.2615315361638517,0.9127542558948482,0.39830927028667684,0
0.425778,0.385476,0.0693197,0.2826279574431164,0.6300713638398677,0.6928227537275171,0.8909802935383968,0.7072763542616023,0.8578832835122392,0.24592031420445626,0.5676470054752218,0
0.665113,0.101893,0.997697,0.058079027801316574,0.33187103425373976,0.6496006840818472,0.3573396089661163,0.8381193787658255,0.7672943436492682,0.11165840107557035,0.7709347247201548,0
0.0101081,0.158251,0.049943,0.5757317673810148,0.3076427080846279,0.3663446578074717,0.614754261870706,0.3201422420117491,0.20084544787773817,0.404289180113648,0.5490796499827969,0
0.271578,0.734971,0.665763,0.5518450757205201,0.3642060486513651,0.7982648832053715,0.4522625800591924,0.10381625089392099,0.03724715089282704,0.5356281133832431,0.020206036860707655,0
0.122909,0.679815,0.711207,0.5731572036177386,0.275843855450829,0.566135374899712,0.8378206760765861,0.7379168075305848,0.42908700042954884,0.28179149918727653,0.01593579075817242,0
0.945411,0.00513291,0.0163585,0.20248881298267263,0.4372864416380763,0.5676382995774278,0.6495706628709423,0.21950028775951258,0.6092519461413607,0.9663633593015535,0.15876473005220693,0
0.500447,0.910916,0.519526,0.7151011797980316,0.5438712689404765,0.4574212462993631,0.2280959461545784,0.4604140410896891,0.370707554074135,0.7483691842706918,0.393127577560893,0
0.0957165,0.75221,0.110855,0.1480222125769246,0.1674578569546925,0.7093704532199979,0.3311188709148437,0.2865581149467967,0.2919647162345935,0.4173591601336687,0.24635602208637153,0
0.257028,0.502833,0.542186,0.37101483131801183,0.07464618863157857,0.64914364900124,0.3519247975599644,0.18560864538224264,0.6124377963665788,0.6520549083622342,0.23900827733799934,0
0.28887,0.820795,0.771699,0.5207056540544455,0.7932693293873009,0.32925505899613594,0.40677362779354653,0.6282827741069105,0.690620484071634,0.4802267141906691,0.7277409925604847,0
0.985097,0.934682,0.923303,0.9490000147318364,0.8096387199355013,0.6387501290729801,0.42476848230798414,0.9400858973619626,0.9050756890834629,0.3840419184185624,0.6095658691690868,0
0.580338,0.800372,0.116709,0.46891827659631735,0.284233456808049,0.8150152786349951,0.19356637002400878,0.5671919352444945,0.9135954706668171,0.30809080453223214,0.9844124225967082,0
0.803906,0.0080111,0.806012,0.5875649979641961,0.6795360536379724,0.8985670659462036,0.9928396108012408,0.20590249131058336,0.5749664664923747,0.14022878348343604,0.4073533168803479,0
0.185332,0.506877,0.130844,0.20880088566475985,0.10751218249444916,0.3654535890195759,0.31856374419273614,0.3515540138089627,0.968388323990174,0.42162302719777134,0.36376499821169184,0
0.0290775,0.947277,0.936637,0.6021404968605016,0.5899053275008035,0.6453607487223023,0.8561371930600054,0.05297476551693847,0.35211165066621464,0.6978584546277873,0.8431093372266374,0
0.582902,0.252372,0.890259,0.14847789215975726,0.22384521004809,0.35853435848256054,0.5890608560979189,0.8716897147057369,0.2198291860707584,0.36860483153484813,0.7339158153894393,0
0.837786,0.252331,0.155667,0.0620638759095653,0.716574304683538,0.506329231646809,0.304510432864881,0.304155829943055,0.2232843562172968,0.11289651846669724,0.3261054847505843,0
0.364189,0.746985,0.326865,0.8244700852613785,0.582615416679762,0.7744038152599506,0.5805969061753653,0.5930422312049974,0.10452727246337434,0.37451166188342544,0.9582400935364712,0
0.0332707,0.761322,0.829812,0.44672122914888435,0.6159582655421596,0.4277682621850297,0.9703268569145229,0.7968134225286625,0.6581167678969042,0.956027290075173,0.9851126097375241,0
0.299289,0.115918,0.398823,0.9051413067518249,0.12166992417299105,0.498840062087476,0.5961719910633355,0.6721438665101793,0.2846850830305159,0.6440150143305424,0.5691720234754227,0
0.69947,0.489772,0.925645,0.14831030460301897,0.44905276992313103,0.11293251943083593,0.9848159967394642,0.26822515126452307,0.8581367793964101,0.8217422773973311,0.7437970467389263,0
0.689612,0.0251102,0.149392,0.12012163384118935,0.2536281206862957,0.9175045891184829,0.28842184517400804,0.19099871149514036,0.7699867419454515,0.5828776454579704,0.6824318042952018,0
0.847975,0.491397,0.954849,0.5552372117390244,0.31628967951308573,0.07062077945925038,0.5243770034859165,0.06339023695622281,0.5038672069350155,0.12032233248321955,0.05665317468595543,0
0.15868,0.527356,0.627369,0.14730266610617593,0.4235602998378821,0.492106350516173,0.06010953869047653,0.6502738750430203,0.9897690365263596,0.7104851737575838,0.2969139554707064,0
0.0124833,0.224316,0.247597,0.712014660501639,0.7972271161023542,0.6677691466543397,0.828451432113934,0.13382573471176995,0.38531168548148254,0.8136381354339597,0.040763440517943894,0
0.168853,0.984251,0.556775,0.7359871360986615,0.8129314150486296,0.3421649461424886,0.5031604101443744,0.09988094179321194,0.6761201686319573,0.3707492835493511,0.22834239947248358,0
0.647947,0.532717,0.0673223,0.08163986159996683,0.18805255497672646,0.7129341617106283,0.22726636410756096,0.9869967196532883,0.734808286040605,0.19467693949270004,0.8868037444965763,0
0.786016,0.934465,0.227179,0.09210058634445362,0.4464928543482911,0.9598292882265657,0.4198044514915301,0.6332382840187734,0.20354731062450537,0.2871851116468961,0.7991818548593878,0
0.419956,0.630346,0.101002,0.414189093600171,0.40432124594961516,0.3997107200459046,0.48861382721248514,0.3878568140471049,0.2434088224605141,0.14682835129072724,0.6817986294069162,0
0.865034,0.40941,0.330727,0.5053071869265464,0.44203740743114606,0.15443294000751473,0.5778027414750406,0.9628943960678747,0.1862662819718337,0.6908699850429098,0.018099782188288116,0
0.206509,0.980421,0.64065,0.8258981398177194,0.22271064756268977,0.13319600186132208,0.12196434326868244,0.1545639764050598,0.020678063528596025,0.6959138736021379,0.22327809225765827,0
0.635332,0.829885,0.928814,0.7199929237524774,0.25767649741569665,0.12565211236189355,0.26347444182643154,0.5810721400621267,0.355872303759761,0.4343003411146209,0.7621682263425075,0
0.511869,0.61354,0.406035,0.3974187471568732,0.8843787939141846,0.19637850319814054,0.5487198381157222,0.9301360283047023,0.06775899379209493,0.6292422937793045,0.2144930806953027,0
0.186709,0.694315,0.943528,0.1626246241735516,0.2584203163803567,0.08686738715261755,0.46474841250757415,0.2212721377698068,0.295250571843941,0.4782087461870439,0.8213944928013299,0
0.102734,0.099765,0.76802,0.1878950823584815,0.21354494789685463,0.08435445164655353,0.9971844824356366,0.9561426078449932,0.02196954418034902,0.0909674121632208,0.14386268043618933,0
0.918499,0.461635,0.545011,0.36177249556444824,0.309597981214909,0.41299582516777644,0.6894917783751175,0.15237330143142624,0.20437700268842962,0.6262111533386584,0.029261168266497495,0
0.937481,0.776447,0.832009,0.060963877762395646,0.8975296676653082,0.056538135601014394,0.6787412832211729,0.0732256101055232,0.03125361888058398,0.5276480524883456,0.8834993051350051,0
0.25738,0.399944,0.0745991,0.06427485261534838,0.8098055804751252,0.13565745590762746,0.16631140996415905,0.1897288104349285,0.19066627514684775,0.5846560104638898,0.05293499487259734,0
0.322297,0.098246,0.700892,0.9352238269000491,0.1316658765837636,0.9573160107788132,0.1771633766654922,0.4636958429451845,0.6258335533716912,0.5407233620318478,0.002323896531139291,0
0.949365,0.242412,0.862575,0.3698160788884288,0.1905597005254348,0.8713422147518604,0.686583335397354,0.305346459503546,0.5081768371391931,0.6932069429351965,0.5505781872581379,0
0.0700139,0.534952,0.100938,0.9198232393683061,0.35323769010065964,0.1728249112056669,0.28096057645241646,0.22938868169329996,0.4870551999570868,0.3833826811359935,0.9417131264430686,0
0.459324,0.519906,0.784245,0.6729858063280771,0.9912073034850551,0.6730413924448583,0.042583401752044225,0.8520487392794109,0.08021007005452574,0.10991613092684216,0.013322284028844389,0
0.549364,0.698017,0.930493,0.6036296041404643,0.13464180991694574,0.28427006551472755,0.3368895706262105,0.8313395914735491,0.4255554758977951,0.7156102426412019,0.7284844703970388,0
0.783131,0.219235,0.670538,0.7058438790039948,0.503858041332841,0.3711063447114161,0.7579110146415657,0.769701259767114,0.43719750971973304,0.6964374348041966,0.8905416296031214,0
0.46338,0.316626,0.310623,0.75562554660407,0.8157553334973487,0.2146693958056617,0.5914769091983282,0.5975198434081944,0.9799614904831518,0.29369929941341566,0.8352251289047887,0
0.8299,0.34566,0.111624,0.41205611859972047,0.8078487100391735,0.9058042915243676,0.6629784267732123,0.005198759206577641,0.8258747607238007,0.8814322240414901,0.7006810125779703,0
0.43291,0.440055,0.602066,0.5750326691810875,0.3268512434471321,0.6247345424630715,0.04677011600655223,0.5122269558138336,0.2607653947790196,0.4684592086644741,0.18403931076712865,0
0.891877,0.673181,0.970861,0.00958440606834332,0.31038453858261283,0.5334649584129753,0.2631747259768422,0.9670008993239877,0.3445918570156964,0.23197629517789675,0.6043853298401566,0
0.35157,0.168415,0.643002,0.19096480939688065,0.03897804754822687,0.37468116716740685,0.9406858591124714,0.08857808071971984,0.8343597911745485,0.3399522179443589,0.41772204108872346,0
0.468907,0.62045,0.242038,0.25954048586216616,0.48952580755122743,0.02482437505621693,0.10136397947201636,0.8930833999546475,0.7086217771855466,0.755471848067257,0.0651754419417625,0
0.594929,0.771304,0.0671916,0.8204769032314032,0.23246177628972964,0.7719149198797838,0.12564297633888966,0.9112456710194917,0.9515579646854233,0.36629456812311834,0.0984964013741434,0
0.713283,0.778445,0.615511,0.12914812001366005,0.2711630106554175,0.5833797096597589,0.049263725961742444,0.5608005134186631,0.12075966656233927,0.2704152911105113,0.23677672887593126,0
0.462306,0.764802,0.829011,0.35427215457194927,0.9091386173566591,0.3067825709277242,0.09409474387803818,0.40656797080395246,0.32775669942681507,0.23505485320594588,0.8763535936402644,0
0.118682,0.716217,0.613083,0.8249544035492256,0.02247169451550257,0.2660275990248344,0.475924009707431,0.7592108831423576,0.6925280175840144,0.5418329384026441,0.7682234041060968,0
0.838085,0.44538,0.368196,0.07864592919929714,0.40338527103106636,0.7708926979009233,0.4245315567192032,0.7539996039397334,0.36102065015404106,0.8076666011687466,0.713500755688759,0
0.921456,0.953127,0.179764,0.19292413753626458,0.5380171249410742,0.7082688582924731,0.12664027201976558,0.741299575787987,0.2999298820092857,0.11077394717457745,0.9078548947427567,0
0.804244,0.0910843,0.837316,0.8939760682724728,0.39553350204118454,0.33590534200097244,0.8207959682611874,0.26874713584989796,0.7466446107442263,0.04378586102506932,0.93230161896041,0
0.4022,0.328389,0.674397,0.3455600060980485,0.6219244079807625,0.14925924359139198,0.09738439255375808,0.39473583692943137,0.652157612079706,0.5957044282166971,0.8226120243624454,0
0.223722,0.701035,0.235572,0.3223371850027018,0.8186592703128863,0.6531591886108211,0.910163447015354,0.26600972443499304,0.3955810119057084,0.5949278908168008,0.8574697438849979,0
0.673844,0.632774,0.457434,0.015482290159593681,0.5099476081257603,0.6823322658194663,0.09236010370725589,0.06774172575891935,0.9833323997290894,0.011739884582160354,0.018488875378402603,0
0.932117,0.37917,0.47738,0.6539514225058034,0.8256414454296528,0.5521631011967122,0.8285054512779065,0.4225413150369519,0.24636146337613418,0.9130551719366463,0.5100612113069851,0
0.068222,0.109535,0.0530567,0.6589385639376327,0.1198135935417508,0.11296982255633481,0.43804046134727725,0.1896700436415102,0.5942378623911682,0.7637402253848938,0.24719534069944082,0
0.604765,0.837108,0.824168,0.4714276430070845,0.8678499518213266,0.9782207092267069,0.1360167659269439,0.7788191796395592,0.821379009461714,0.4284287165452768,0.16394579427661904,0
0.410984,0.352912,0.113074,0.33285951958612847,0.7152301208170192,0.2779701902184265,0.6998639743710505,0.43119621855822565,0.5673000494296392,0.7214044437813457,0.00460222283015399,0
0.571952,0.891529,0.352802,0.3595898073332344,0.8716336497055226,0.1896145748768745,0.4546516542418263,0.980850945699891,0.8266906213664778,0.8560948525347195,0.28723146441371494,0
0.888201,0.439045,0.724212,0.36188465915247214,0.803014780936944,0.4794199321078577,0.03536733914949641,0.8309510849090969,0.8012136713640865,0.30962918064580425,0.2973661839872467,0
0.0978478,0.866552,0.460458,0.39111095946525576,0.6529562572324515,0.6174846507172431,0.3076922071070137,0.8912306384718695,0.07736976341147128,0.10856471749381869,0.978540829284862,0
0.847555,0.259075,0.484298,0.05336322175375097,0.7314886131433015,0.9518540683511438,0.7631481222765489,0.30933364138341457,0.34753716837061444,0.24607441657239604,0.625848111889076,0
0.708533,0.125874,0.873607,0.833869944691768,0.42402209207719055,0.6125006802068533,0.8069323425787274,0.359270463620598,0.3665742557412567,0.30344850471170304,0.9424205049551095,0
0.390554,0.32109,0.359347,0.26994958523616963,0.941259787380075,0.7489781524071816,0.1817253945708891,0.6981265246097237,0.3907900215605855,0.02930917833301483,0.3381985810910132,0
0.510619,0.765733,0.399935,0.37625768767926815,0.5856260314978163,0.5569429537118976,0.1593714706405558,0.36548050369865415,0.2819350541294777,0.2666771852139459,0.5119639023999831,0
0.962006,0.10211,0.451485,0.63555419395257,0.397172972252145,0.7442438902261532,0.9818607357270096,0.8704088962533978,0.7571662835376385,0.17322020713357145,0.10182224379805116,0
0.0933788,0.988796,0.700462,0.09343155956153215,0.9679681479707578,0.6514117485470647,0.8548053693051263,0.11262614721171549,0.5862705780806444,0.1906442987713003,0.11046185465625824,0
0.389494,0.120562,0.284597,0.004535159515674181,0.9096384299331066,0.19084961855022808,0.41994224362720567,0.44986209026370405,0.18056062505531367,0.009851808700772624,0.5705320639380073,0
0.158426,0.720713,0.263164,0.5787066510567169,0.6849855454929092,0.50271904192656,0.14195977624984046,0.5135325028843587,0.1366705257817259,0.9916982198936752,0.23540414049698732,0
0.233043,0.912021,0.511315,0.7054932343525478,0.24856011203298245,0.3353900132480214,0.8497598701746724,0.20375839114136562,0.38518362991807775,0.6578768145000508,0.4078061522474645,0
0.152211,0.54787,0.023281,0.27215532467226555,0.23497367987736628,0.7609675525704477,0.08822020031550948,0.889042879819209,0.7550431666697258,0.0726143640803476,0.48503594962084673,0
0.675089,0.374107,0.687523,0.35063590586719195,0.30693217407407125,0.35488139022302734,0.23785099488421457,0.0941056968821059,0.6520724689988467,0.16273297280306176,0.45520982863082926,0
0.923777,0.663826,0.928435,0.7292387707603902,0.18452571319002908,0.2663324590909455,0.04472935030359071,0.2595848162127006,0.5438165810310108,0.3545899905051587,0.30317595266562414,0
0.29628,0.473966,0.455919,0.7113629723839541,0.8743778573045446,0.5161997999564495,0.7113165878480732,0.9002545316494879,0.7352577476787957,0.30620891057933675,0.2045732686380699,0
0.968682,0.502437,0.804299,0.8408338787702248,0.7671154773667341,0.535340140259983,0.3467877397054402,0.8671560537609937,0.9617585869365051,0.1731069113504743,0.16663940497987073,0
0.357636,0.372865,0.668415,0.6887103700352637,0.20467966663287274,0.6443272255841183,0.05012612480258216,0.9017949956578566,0.7837396614014351,0.6552519870411375,0.8008050988814243,0
0.0556899,0.167417,0.189683,0.28187513616759063,0.5252636816470438,0.5105560825110252,0.8764409774446535,0.8559262015536894,0.2860238417554102,0.5814815785156509,0.773109116857831,0
0.112307,0.413218,0.293598,0.3934930780656245,0.1755106542497885,0.28036170555714124,0.49468083669143204,0.3943362675681893,0.11766371142126086,0.23828578038109172,0.6449532928610292,0
0.143245,0.444074,0.483944,0.05475475901268401,0.7565830350607966,0.8235995369597447,0.5508196099680438,0.43338346559999097,0.3672266748344245,0.9779793980653272,0.3994549241107208,0
0.203834,0.211529,0.0439996,0.47944682346708645,0.7963856792751836,0.13468141732610361,0.39830355003741635,0.7782919220569551,0.6555695775886965,0.47293738074264036,0.023787614701355597,0
0.657315,0.465119,0.156181,0.989096092043375,0.7524280553610614,0.6491223284675006,0.048412679275571024,0.8723384160042592,0.6803175475590781,0.5332866710508632,0.10522733851589938,0
0.703824,0.699399,0.595013,0.5669360787228598,0.5731177003893324,6.594812848725873e-05,0.6762319325703849,0.041885310207011806,0.6443114105851578,0.6691495896460558,0.7069059954929899,0
0.103822,0.0361586,0.458338,0.10192851553931148,0.058255913080621835,0.8386475064367881,0.6704956704731365,0.7981726395933929,0.16765859100652203,0.13377339867056648,0.369471069710231,0
0.0374598,0.875676,0.126893,0.18682896238322477,0.26898574595616476,0.0007120717269178956,0.5467156667729169,0.6684680954657843,0.6476838126899318,0.8932114643703981,0.429440420761958,0
0.261468,0.474071,0.875758,0.7820669811087523,0.30002624100118125,0.9163763254857582,0.15570725116614637,0.9891880156071522,0.9351256741852417,0.857081579814155,0.7045706951261187,0
0.387016,0.130747,0.326846,0.2701189812834407,0.45204209868603673,0.7866851341424285,0.5135571209508375,0.045321171430767304,0.8806955524174223,0.2525753130371553,0.15444414687347485,0
0.844253,0.202413,0.80128,0.5911375042017378,0.3803827589172708,0.27300009483163545,0.6601402031501549,0.1790873279483155,0.8827742262382683,0.94754861401191,0.8921506733928891,0
0.497965,0.0211864,0.969431,0.9860832521447757,0.7928338185715509,0.6854164087046609,0.6739765676775706,0.5009937277313584,0.8960777015967107,0.878011991458066,0.6368335789287676,0
0.396598,0.335751,0.940373,0.6414762352667854,0.5604194935691648,0.8287144262798068,0.5902191568250117,0.0019527276572282037,0.36347914248310254,0.8664684335989992,0.33211622213767567,0
0.0903028,0.392806,0.381832,0.9498276605925117,0.8857011337672646,0.04291573937012838,0.8177147884226325,0.7601523753806618,0.07365702487365788,0.7271010752875994,0.3302277345195819,0
0.0375233,0.348068,0.491489,0.6668739303379402,0.8751326510074404,0.008777084076488473,0.03579278367837657,0.284821514986468,0.36409307163956295,0.4639694716503221,0.9989287967544874,0
0.423301,0.945544,0.268921,0.5669823071597421,0.5395444263905075,0.39326575842658684,0.13768590279773718,0.005838133042045501,0.5735874201908574,0.6542132870902198,0.14228624112327282,0
0.761467,0.242048,0.300889,0.4498923656116225,0.7846704768985664,0.5642913240026937,0.9039369654520695,0.6130612950739887,0.5472455251945482,0.17150903690121333,0.9271674992935923,0
0.0183338,0.498206,0.540057,0.21954004606809685,0.6698662555077196,0.31062364904445583,0.23833838827032572,0.2656777227495647,0.42224853601665224,0.08980201166958124,0.016914041094950982,0
0.198082,0.162582,0.697694,0.5069411283775004,0.6357399551413062,0.21137223322818677,0.5307214840915496,0.15265481022687255,0.15284288656099676,0.7922945300339507,0.20196820997384157,0
0.0367658,0.90481,0.57279,0.6588692218953269,0.46522171623924546,0.8904134454966525,0.7988195021328847,0.14081501973226007,0.2008038216235426,0.12041255429526843,0.6178153968299794,0
0.0759334,0.402137,0.330008,0.21257030393496257,0.7959396508018115,0.20480376265510536,0.8684862981567483,0.8983513748571655,0.7623626553800849,0.06239635976696001,0.6355530644286729,0
0.323778,0.309972,0.0336712,0.1742156804268693,0.017955975604344476,0.6678632574847668,0.32097678836557164,0.30551922472744386,0.6943111765174824,0.550506723083095,0.8947816102387274,0
0.720125,0.0846272,0.209075,0.8373645451733341,0.45670919893522843,0.750875344116814,0.44735629388448817,0.8214596426261669,0.6783294245126754,0.6257762199731793,0.5193711841941102,0
0.332101,0.170445,0.933626,0.0034080369470206318,0.8940269261417066,0.9898261549535449,0.6528948431305345,0.391654477440874,0.41068365581651445,0.8525798384900873,0.41949394715082566,0
0.987489,0.59195,0.466379,0.14110884109818778,0.05027730725726809,0.3073621790156378,0.4246575128460609,0.3354622222966125,0.2725007902084493,0.8584012393187253,0.434233528380501,0
0.134077,0.794435,0.439904,0.9211717528792749,0.929406567000537,0.8808758967899725,0.3891272219567601,0.525493880551292,0.10214051489449583,0.7913485098853884,0.09441622285824047,0
0.599788,0.510333,0.725152,0.5620853186615703,0.9649352150841005,0.4010837234436222,0.005125252149157822,0.3783936078377357,0.8048913947811555,0.37324941209680895,0.7407354739321713,0
0.348732,0.80958,0.379354,0.8865698707132121,0.826319311782149,0.6626617507005588,0.13157204576551929,0.4657466974942257,0.2615511621774034,0.7765385804581465,0.9331189839711331,0
0.578024,0.140605,0.920855,0.4842569874373357,0.9998009714811061,0.3949007595898142,0.5292680589025637,0.6378060562466303,0.9369995479672899,0.6788083469967342,0.9923439584246513,0
0.831856,0.114799,0.421352,0.9017823538159665,0.9621963933585052,0.8250683642605222,0.9706642041103297,0.4533610257136713,0.6010481134853175,0.5282167023118602,0.4880723203061116,0
0.846574,0.0532408,0.645657,0.9118987804499659,0.44949315886287666,0.40233214484762103,0.06271069763195514,0.9545926054309911,0.24153631613672621,0.06291533440854558,0.933121106179045,0
0.863969,0.107926,0.663522,0.8382154477272458,0.42184436382763335,0.4952650617539137,0.2796526875835529,0.47741916031706466,0.043637342934983225,0.40863494128220956,0.3459413832909827,0
0.131163,0.698059,0.784221,0.6201540279933477,0.06112564931580744,0.9872368180710165,0.2880375077407574,0.7990178595840663,0.6164016169072662,0.24089645941260351,0.12545941694093632,0
0.78988,0.49588,0.165869,0.36516786229728104,0.06746589570489392,0.05534190383740023,0.1178575290741194,0.19513790459049984,0.5955559103471927,0.5706011720798547,0.4639068726748691,0
0.624958,0.924795,0.044373,0.4218349183925926,0.05729439598894459,0.9247400264629513,0.5375668361736368,0.7088444360129172,0.9564298561487535,0.7324983826355185,0.347136343610402,0
0.777171,0.317619,0.722442,0.134673731923469,0.9744189788403862,0.25243223175374274,0.830556076725778,0.2737004266066858,0.22735292441215238,0.5930467419249712,0.45299650188104135,0
0.345548,0.118328,0.0352861,0.6776630926191353,0.15860641663745179,0.8092078598286752,0.7485766803859348,0.1355844279294135,0.5915752181798645,0.16849902428412855,0.26727708234307657,0
0.24496,0.406789,0.970697,0.5449206606838802,0.3895531434252921,0.13218420853266766,0.9823945696638143,0.07257970047904672,0.5789877170342591,0.9330702640681897,0.2427786455996127,0
0.1476,0.900044,0.348365,0.5705268966426575,0.4211161228622313,0.7989392884217527,0.14972441042819495,0.03289525122559844,0.9068921077123165,0.09554891811718935,0.46252110080728914,0
0.670238,0.218867,0.114025,0.08921406777445029,0.7994773591989879,0.6434624414280554,0.762300837808121,0.9296761597586415,0.7366280931749378,0.31758878675237456,0.7527741628215593,0
0.180935,0.127629,0.984205,0.9017806209695517,0.055844505602425376,0.9960525947077942,0.25181959665592146,0.6653260411545896,0.2223454008170026,0.33272095452090567,0.3746754406687891,0
0.887615,0.323171,0.658375,0.46989511509013693,0.11231054614374403,0.42651154903069066,0.5401459320778711,0.45432177559316,0.9652553076725604,0.023938538503457285,0.9213066223032731,0
0.10754,0.513853,0.661392,0.1380954347026251,0.9274473610270901,0.4276224925638219,0.4558399336557061,0.2752983550915431,0.7053764217842944,0.6771815259755741,0.16660977349371386,0
0.668931,0.0343772,0.76906,0.5457898379965306,0.07554958138387202,0.23012522879168895,0.6473617135584455,0.7621752733215247,0.12017927403142326,0.9534101053679157,0.11751515048381889,0
0.928769,0.643278,0.407838,0.06512344585072638,0.31496606710421726,0.261202456680532,0.8339057948378205,0.005651427621388039,0.8535081500226673,0.6530003734610682,0.05033094464004195,0
0.319976,0.555133,0.718914,0.08726416286187222,0.4072376996899476,0.0020253845855463526,0.35094240651224273,0.5181170110899561,0.4988645978287819,0.9762942385341119,0.044148704230353775,0
0.813591,0.544773,0.813266,0.42999867409069215,0.2287655568578214,0.6391024641135865,0.8606572122289571,0.6748327962496395,0.894559364547399,0.1180445897769028,0.4987904707882478,0
0.44216,0.963835,0.517345,0.0694104967804059,0.23949045275541914,0.18708931906524695,0.6451610099261396,0.30786667131907364,0.7303463663182655,0.19417218108320167,0.46101376935495453,0
0.94305,0.105716,0.335806,0.4839807299365082,0.654564932577934,0.00029811912777921723,0.925705230762298,0.6990230147296945,0.9707791916024956,0.5458429126795054,0.09315081322116914,0
0.364706,0.131766,0.729052,0.23844503139239936,0.9670755507115947,0.5246409758568217,0.6621501351969918,0.848774622911495,0.6806165064676071,0.2810211900731048,0.45023305669865743,0
0.240258,0.4798,0.840215,0.32015588377764215,0.9162656389304664,0.7424871570796727,0.11268145175370115,0.5738180343425482,0.6856117105888818,0.6670442004540892,0.228910821915416,0
0.524922,0.931105,0.723755,0.9574761117912248,0.32314971436372175,0.4316099363323055,0.7755654597059872,0.05697086579853017,0.9236602720893876,0.24553054316838963,0.0690481450247763,0
0.146379,0.592809,0.156022,0.39482453035255705,0.3598759739560574,0.7819398550745764,0.4942488105470889,0.6727291419965681,0.759492406811307,0.3970324899844735,0.5508195590067995,0
0.410689,0.897983,0.612402,0.6657442052675525,0.4040191664664329,0.14377758147121844,0.13028841073984399,0.08232568556661168,0.08027620228059029,0.3951063237281871,0.5772701589160445,0
0.46495,0.303725,0.319368,0.6642021744948858,0.56110812308954,0.2837146257868376,0.6143685073009212,0.5838640373028857,0.24659976833443364,0.5720220153902883,0.942577562680355,0
0.870372,0.712648,0.69474,0.36568478051870945,0.507549994238611,0.7075101196445128,0.8456168599062269,0.945313864679233,0.19613065032461396,0.4043354722088546,0.052088344311550294,0
0.944918,0.835032,0.439498,0.6515903394032098,0.819913515132053,0.3097238979834749,0.32229743994791826,0.5026406417703367,0.751397368517364,0.6970557912372395,0.6270881275866752,0
0.472038,0.0436207,0.252981,0.39544542590648446,0.49258089838299635,0.48370247290564106,0.14883470289701506,0.09659819795520619,0.9726163858771164,0.45748103168228504,0.7540338840601063,0
0.719299,0.45848,0.516729,0.30701888956016077,0.4512178517369346,0.9395022768827119,0.5946977049813476,0.7156471198230758,0.439933417183762,0.09510660010651317,0.990196270724636,0
0.784889,0.0796039,0.302801,0.9666059608360269,0.657484098241208,0.27421817181152397,0.9019067160321683,0.6647109420450474,0.8673396618431382,0.19236251185123654,0.5828903205548273,0
0.408878,0.246163,0.883275,0.9718202115489136,0.4511963037706179,0.7879881461296958,0.3206649190238573,0.1141951126185825,0.6156758753002458,0.7785614728635111,0.6633771715530392,0
0.377469,0.596913,0.360046,0.9419935968946797,0.9084630591192819,0.6221052863410222,0.13297288961773268,0.997874338292375,0.9459623195577759,0.6713478871061319,0.7422114895856963,0
0.790755,0.30466,0.74567,0.6968337757187643,0.5507231912436509,0.01775643059331944,0.05719537142071307,0.4720202988096649,0.9827055548279575,0.17138874020223094,0.2425892976739612,0
0.00584982,0.810111,0.0808513,0.5660685749307972,0.24925074092661392,0.6726715865723031,0.3974501308266525,0.05095185459587248,0.2562750710550177,0.9749705983146346,0.127756164566029,0
0.475732,0.352847,0.768834,0.1437058944153966,0.4485803017949599,0.5561393972213574,0.6682722677732057,0.5914923430322688,0.011757107129363176,0.08896187553660462,0.4855947923889914,0
0.756034,0.682634,0.97712,0.17012910773257717,0.9897212270874319,0.7553898114542097,0.9686455077768217,0.03764919069149142,0.48393667877799973,0.20926163192086866,0.39410486286981217,0
0.272371,0.569845,0.364227,0.4340316618888418,0.5522062772780599,0.7166064784238733,0.3569152670222816,0.7948667041870554,0.24067424101375812,0.6739730459799523,0.7719787550649849,0
0.396421,0.769229,0.212448,0.9589933159053374,0.6806941888466691,0.6883219805544388,0.610926449201886,0.4032978754842206,0.7597638435986512,0.375990750473124,0.04449867253433126,0
0.844574,0.345602,0.797068,0.3937234607855443,0.57770699837213,0.691501936056062,0.9343486550503417,0.9476679391175182,0.4472824860114428,0.8973307347618715,0.7980424024295011,0
0.0483271,0.886763,0.727328,0.21472339045684274,0.9911719293699831,0.13952037144841012,0.8706307377573125,0.10666987227841351,0.962786405574199,0.07436072025360929,0.8496804310448672,0
0.154245,0.564094,0.0162594,0.18014382575637777,0.10246827350345933,0.055457664954150054,0.6700638604303204,0.4883769064153891,0.6139552398509842,0.2137470129622211,0.2904083176422114,0
0.477548,0.802068,0.787304,0.15538601642466376,0.24030421927024892,0.8518558708616033,0.41472355233915414,0.7468667298618588,0.3803940744497768,0.8088575002759415,0.8000559596618457,0
0.0943618,0.103252,0.54018,0.11349765860178729,0.15863760823656858,0.5081901365106078,0.7302496410806838,0.45606511863320764,0.7078351497035165,0.38624277235641746,0.011929766205313719,0
0.252084,0.061202,0.557338,0.1671648866698051,0.967478435547598,0.17260309300763976,0.8583960379525387,0.4646884266397524,0.9330801927889987,0.8045991266713192,0.032795902191886994,0
0.195314,0.906343,0.704855,0.700792469615702,0.214979519761347,0.0840093941833846,0.1171346144257076,0.9374179183547711,0.17478077261802882,0.364432508694159,0.11100967574995302,0
0.139488,0.0165991,0.100325,0.5508957008477916,0.8883731723562487,0.06509953740225338,0.6146450535169208,0.3119945657741445,0.627853722878133,0.7070285111254412,0.00894603925810833,0
0.177903,0.854029,0.730092,0.906661059738952,0.8210923756405122,0.9552010704366661,0.22179562232394656,0.14505464716647898,0.23538530336915164,0.6686902693813208,0.9682731524583503,0
0.156993,0.630033,0.0716636,0.6763171696650521,0.8775634883349843,0.9561835039205253,0.7499024773586944,0.8196015393038966,0.10504871458611853,0.6138986048992499,0.5951310697823405,0
0.10921,0.957786,0.096755,0.060018561789884184,0.5511540037972947,0.09747369302674114,0.3703091111509095,0.246713376897571,0.07376207109249111,0.8295386466946507,0.3024633790977822,0
0.390046,0.455761,0.889995,0.13941569383964603,0.9495458904371766,0.34811355031775004,0.8279818210046778,0.2550673360944249,0.9505760173186711,0.8129438063428386,0.6670317923841061,0
0.728543,0.443151,0.351225,0.6057263929967582,0.12467768310993066,0.03744502898412139,0.6800879924008196,0.3138988153096963,0.9702866692422603,0.632342341920396,0.48244625822104703,0
0.381829,0.568548,0.398341,0.0004499228069519967,0.9197462436296708,0.8678808668996916,0.9262127257773036,0.3145232562179473,0.7639931471922831,0.6563366522312201,0.5650388547650538,0
0.777402,0.467771,0.723987,0.7799776536272082,0.45147820566346863,0.3543920799667136,0.7921562323188088,0.060685639324893015,0.5278311734542286,0.2563407621311409,0.8571675413952824,0
0.842824,0.967748,0.278195,0.8090070194838824,0.44343843686062345,0.8005185198817227,0.2967375088933819,0.3750329104908843,0.6281100529386614,0.7069863879329024,0.48977072123401,0
0.838044,0.963873,0.926059,0.8807043850804228,0.5873195756066244,0.5775389661804865,0.22713378206381252,0.21528285663965652,0.695997151010325,0.005445917467651884,0.9166282393177518,0
0.0908626,0.97265,0.178112,0.4318991723592852,0.8105885131423445,0.8671587395580873,0.8213384815919814,0.9260444767559669,0.05706993203215338,0.5118046210309619,0.1543109456342151,0
0.885609,0.269336,0.962485,0.09123082005420602,0.1002917635831726,0.4552186366175085,0.8563581927144448,0.3031939916281319,0.35639429116729204,0.4474488351921607,0.166045629397352,0
0.936447,0.80713,0.87547,0.5342049470335263,0.32221370656139836,0.6416049880899,0.4098672093064819,0.2664123257483296,0.015792568740020108,0.5214328642342183,0.544201387609893,0
0.00203195,0.684095,0.362415,0.10909607741000993,0.5734449454910259,0.6120880658093174,0.3223039000227038,0.008238627566355405,0.23663704243232153,0.9735004349364802,0.6906513425250378,0
0.125949,0.633532,0.67648,0.040330340942100085,0.5032437735815503,0.026779292352725026,0.8904244039753592,0.8349818801712278,0.9182420311938769,0.11686875768293847,0.11678535815424151,0
0.719026,0.427212,0.425956,0.4465165243606446,0.11811880803063446,0.8088184472877669,0.08442550400694859,0.6320095972133845,0.7838408831535666,0.6799376874865733,0.5413487436345105,0
0.137266,0.650444,0.437068,0.545656580386734,0.40665388362924015,0.5165744211416635,0.11664414179047045,0.9195911212194197,0.9790049838309774,0.25365641975930675,0.9820084337354998,0
0.522916,0.842685,0.394042,0.5710569255340076,0.18359271261603305,0.17101362347205673,0.08793633317274208,0.6016980840719832,0.1656821158509848,0.49982630918301396,0.9782594039025249,0
0.782641,0.504416,0.0571924,0.9683642750153018,0.24415655026580063,0.7778448459294226,0.3975402505527724,0.476644385590704,0.43187972556270793,0.3607253643215761,0.6506705260877792,0
0.485721,0.549635,0.674591,0.5110915271156424,0.7318901741480003,0.06513059192084525,0.6516984450542147,0.5243094777912852,0.5958156011013122,0.1432733252373306,0.6393755922439738,0
0.81745,0.0350742,0.52649,0.9096919314482179,0.6171275523479341,0.37159548528022324,0.966898706725805,0.9623630894127033,0.0826959015799631,0.26681982377217894,0.5773689909103397,0
0.657863,0.999668,0.597203,0.015079891190002304,0.6287576694281838,0.677628649726478,0.6957742325073402,0.8328411694588614,0.2947164478893384,0.12006447720624447,0.7859241419895427,0
0.216904,0.975495,0.574825,0.9644977059604228,0.8134833985543017,0.10367651941540657,0.44657743600685684,0.15098253700538244,0.7501658616330761,0.8097665095870568,0.0017909600962024985,0
0.8379,0.0823782,0.469809,0.9489679468160117,0.9845957204105622,0.1457107518657602,0.3751040624617682,0.6527803873666733,0.7346820771576776,0.08707411903253437,0.2985189718129322,0
0.243705,0.961177,0.592354,0.04823039683001751,0.6709701527032437,0.939575596875232,0.5141291351569818,0.9826654035893115,0.6239286229131021,0.49543903181243476,0.7186826374350328,0
0.409431,0.375304,0.546415,0.4284339285372232,0.3961456085973436,0.8758211878727823,0.4853015352084682,0.3086638702680119,0.7857830210251142,0.18491503600402626,0.5293291378100521,0
0.674247,0.652616,0.312796,0.37055650194004663,0.6728269081239585,0.7004007587570693,0.24774279712380476,0.802349634823863,0.6439940836651087,0.22590630559154168,0.34110935393921904,0
0.0839439,0.161539,0.634836,0.8026572440264148,0.5057930671590902,0.6744476149384189,0.6813380035922799,0.5179185416044185,0.6140296901170649,0.7028550832273827,0.8364968506234708,0
0.456918,0.498837,0.46541,0.449254705447803,0.3807449932995549,0.23886836565997804,0.8060614177833259,0.9745254715207665,0.21796608984325128,0.57342078824277,0.8545863380355179,0
0.896044,0.599382,0.207521,0.04975050156084504,0.7642971999406306,0.8400741399902429,0.7091670971946663,0.9019075837403382,0.23501429288649012,0.8769808192020878,0.839919230853194,0
0.362731,0.916254,0.253057,0.4625094417746143,0.5913692999611314,0.46405268913227704,0.28613975060590513,0.1154274844472668,0.7896141418985583,0.5401303526951042,0.09728730170426958,0
0.521008,0.9102,0.442645,0.7639818012927511,0.023538825397752983,0.45043239088634,0.4070954359365999,0.7186090772368163,0.011518525927978196,0.6893893425406785,0.20833384144375888,0
0.489579,0.666797,0.607013,0.3501903489618088,0.6201102909255789,0.02951178911757535,0.527968489507043,0.6438974108210619,0.4652054024239728,0.201881678747711,0.011963578975564326,0
0.385465,0.780614,0.715319,0.9849207974746119,0.25515519961631306,0.7471073243277208,0.7383766750792754,0.6798407679677637,0.18606203702449975,0.8440170849416225,0.2788216755675428,0
0.870012,0.0812095,0.978239,0.326568737360563,0.20116719800552652,0.7045257163711296,0.84337153223049,0.03488917954903625,0.8806402758212355,0.7644501724157153,0.10785291680854436,0
0.943803,0.119474,0.243199,0.7743664715155546,0.321077328940369,0.19465765620162456,0.22736664778628313,0.8492970237502443,0.391644349339344,0.3961535077307087,0.9137098338577422,0
0.747421,0.779525,0.106173,0.8096994340518898,0.19694286557490281,0.9323803864409772,0.340476026737893,0.8321745458443104,0.5000989664021613,0.06582963135705189,0.9814603591052847,0
0.112959,0.985087,0.29014,0.6452820005743088,0.5987490613680004,0.09270329980996639,0.6388511843019855,0.9125551100065883,0.27674489253375945,0.024194608281653762,0.11592227735588356,0
0.873308,0.00467537,0.411644,0.8192143708472939,0.3184930495657492,0.44307818068605986,0.14469221106281804,0.9163387726665482,0.28991806356638905,0.16758914296506422,0.22970573105535386,0
0.509452,0.799688,0.265842,0.3332254750493483,0.5617754715178317,0.36639471644274557,0.46301799957713896,0.7725413179036348,0.24337802616716608,0.010883164929242128,0.3723833071669054,0
0.787897,0.565081,0.844821,0.9231547948331711,0.5192218627633068,0.891781196214134,0.7171882896711962,0.6625477778063301,0.5051367312438004,0.5627675124435526,0.5892128633787391,0
0.0823243,0.442816,0.991257,0.24299301528883088,0.356191602785763,0.30809445799286905,0.9650526583620249,0.3598583457686979,0.5665264038682024,0.05327646962981669,0.802917478591411,0
0.378437,0.630743,0.352289,0.3556259776346594,0.8193744604972516,0.3705221223147217,0.6027680484740628,0.8911528889095306,0.5537888938928678,0.7452448362501587,0.39995649514309195,0
0.0550444,0.662784,0.554428,0.443121111114935,0.08356922127437705,0.9476613527781734,0.1092302070629132,0.061621680752591224,0.12907532285057666,0.7204425414987534,0.24233707213200073,0
0.64618,0.04045,0.89173,0.5914025695089753,0.08212396554917345,0.2645739810874528,0.7713553115478505,0.7226051900010209,0.6782876457354259,0.7668647217909732,0.5788284742401034,0
0.917442,0.864711,0.0475776,0.7126922126228846,0.5425943287642062,0.851535585960579,0.6863588224414667,0.7300996446417154,0.5152052019310179,0.16021383776193843,0.6453869171545568,0
0.514628,0.202333,0.490435,0.3016652409534434,0.4154843029974401,0.36314785305170627,0.4857539944266097,0.15970125120020673,0.5657109115071485,0.825388175474888,0.7120914909275965,0
0.701924,0.789088,0.285884,0.49993904605550843,0.20232181795263626,0.023007462857132288,0.887505389310185,0.8060827048903211,0.6101661809025225,0.3973552371390807,0.9638061142922261,0
0.196548,0.781474,0.803676,0.27997792756284257,0.8556855632470626,0.3743956510400057,0.5770529408580154,0.8542763992959493,0.7052618253922232,0.11191086946361484,0.2857680984542773,0
0.108559,0.602835,0.644736,0.17745946563957915,0.5542542296418248,0.38817354462850917,0.7477449969892467,0.8319878715831492,0.44091798117187964,0.4915781773200014,0.4555458736066629,0
0.717731,0.815545,0.344526,0.06009839395469552,0.12345958338574159,0.7793551378874908,0.5915157080904871,0.14378477874598883,0.597474583404243,0.021577605539075173,0.3498300200826102,0
0.151656,0.42448,0.120518,0.7659859442544377,0.04679327747860129,0.8340376323431081,0.34697950652228815,0.2172506530123598,0.9443643322884132,0.10116159447682549,0.6146214301833696,0
0.372458,0.463333,0.413417,0.7854304662580885,0.42967338037876945,0.6754039332237555,0.4109416721160778,0.05522887755410055,0.9467450202561944,0.6203547263066665,0.46678685220364924,0
0.40495,0.400643,0.764003,0.8711689173302941,0.9439310470487129,0.466616303861241,0.7798086223793208,0.797456547959119,0.25660335724200156,0.25638354972427724,0.39566843013438724,0
0.964461,0.0945768,0.56621,0.35500155549025014,0.6105656539661269,0.5607880207740265,0.8720529350620704,0.8676599712821368,0.8816305419368402,0.5109459525218929,0.9540487935901402,0
0.729983,0.478083,0.176715,0.41582038360733165,0.6695466014439786,0.7315039034415978,0.6021641452961767,0.08326820846488692,0.14469828996980338,0.034748566091514665,0.0904776298418003,0
0.90322,0.481036,0.97051,0.46502195629339815,0.5229472262754977,0.7320668451954664,0.9770647218776504,0.19992539804127607,0.72869976593358,0.7012276578671225,0.9083693765837056,0
0.726787,0.704857,0.178074,0.2003012937322709,0.7685545876314474,0.35782788666616316,0.1853740755338984,0.9807944111318788,0.6018170867911737,0.11673873228894072,0.3626382233917874,0
0.130126,0.0949754,0.160703,0.9271687368517819,0.5496730492164147,0.3874502495200254,0.8915990191327564,0.3702334804898576,0.8212342312101355,0.3632713267841552,0.5863156197093017,0
0.698439,0.0736704,0.0156811,0.5536075163623894,0.8162122130409426,0.8704660381632627,0.6960385464444427,0.6711375709940681,0.22509908649011223,0.6443718891881252,0.4896290019047248,0
0.231897,0.928553,0.322279,0.5602553891213614,0.31613030406936604,0.01963567325864657,0.8673454011978222,0.6310014920902239,0.3304065597890907,0.24034401747190015,0.3083438184780939,0
0.496438,0.916413,0.212049,0.8580535968421737,0.353708116438361,0.5892729618047251,0.6233057442908359,0.2720208384173385,0.9534646965089622,0.20206670799030235,0.6641628792540107,0
0.884382,0.025912,0.881906,0.6804974521179871,0.003643543157127005,0.9205850205070129,0.48804767425598083,0.2921323866986144,0.8166815196365163,0.9182932800811597,0.6763348210728943,0
0.094378,0.724258,0.0744961,0.2942429197135842,0.38728215362993146,0.0163162514489118,0.48895711520343244,0.8308471262055487,0.07071981153169604,0.03891487741910682,0.009016451809319537,0
0.552501,0.0451223,0.624686,0.18512934178566665,0.9596288104319038,0.359088513252223,0.2841605184769942,0.29730250809805814,0.7229219570118327,0.975069366000279,0.773160686131065,0
0.274775,0.186182,0.809337,0.6498367802360521,0.04894723896565589,0.9106940747102998,0.3812176489066348,0.21783036264336664,0.751514021410664,0.19987208796619316,0.2922393750416392,0
0.213375,0.0544393,0.823804,0.12178696908308784,0.8742054211447928,0.5485454065439808,0.07573288228051134,0.626271322898818,0.29093092275615395,0.007196682797488196,0.9489764411817608,0
0.829253,0.920271,0.0686694,0.25229599370414524,0.9288617384507948,0.4351973966493551,0.99917946299306,0.4357147305809992,0.04801369819419643,0.09977654179657347,0.5604694970972962,0
0.211432,0.487509,0.849582,0.49185704280809683,0.18329336407307506,0.2965743151241891,0.6034783044962998,0.3560752443761409,0.34701224073050796,0.10539094340004962,0.10442188930604845,0
0.69248,0.975308,0.720751,0.5300488681789225,0.7268713369947063,0.663234920340747,0.3671586786077543,0.9070229163654159,0.6469937365648089,0.7447854822664045,0.3895790349710323,0
0.358516,0.711893,0.652127,0.06985960787788303,0.07328964221929501,0.23279921753950183,0.42040074761150914,0.5475272274850344,0.1319450581445183,0.8106798873818499,0.6499716117963236,0
0.656608,0.265278,0.378312,0.7882329467516989,0.804577333484197,0.30437206876465805,0.6212228288813596,0.6379977657926906,0.18740864448631522,0.03156582535075425,0.6545094834122136,0
0.746819,0.00159136,0.895903,0.7527532672922647,0.1927206229228816,0.9178546488543354,0.7254023307107802,0.7155373960257653,0.1864625189877257,0.844410187938563,0.5153247715769953,0
0.910323,0.335484,0.91399,0.133202544142219,0.19405210484909408,0.07619862858420345,0.21387135494847365,0.5502026118003864,0.9601085500266082,0.31134792470490313,0.33074265128905656,0
0.935123,0.269571,0.0352771,0.5198762358023137,0.7754287557007076,0.7821789881056864,0.04004273481186682,0.7818807061110468,0.7121509867624229,0.6566253564062747,0.9289806968093821,0
0.0843115,0.674727,0.574396,0.5635031978789262,0.00858836179455913,0.7093658013872214,0.3614060850559947,0.5589707250605968,0.7309179539856672,0.44464892645514587,0.5799920767086961,0
0.450359,0.523787,0.25472,0.011207331563241496,0.2138169840626658,0.5594609378475388,0.9977372087679265,0.688741913377312,0.9933806376063866,0.4864491164989502,0.4753372291141841,0
0.855916,0.878405,0.21779,0.12417089146332183,0.3685080890784591,0.8168113724152267,0.8837829696594587,0.2735541039270658,0.6351152475370191,0.6291067044525837,0.8741782642402057,0
0.278422,0.75183,0.345237,0.7476777953783831,0.5782504945295052,0.5648218689050931,0.4269036027148919,0.1699035979256429,0.9100308852367721,0.05357839755656235,0.9142892434312209,0
0.253482,0.534203,0.381856,0.33928044569297267,0.15724554736858976,0.7904264299003789,0.3833977907463353,0.8597431251086672,0.025543636020248117,0.5851448030165559,0.6397921781053415,0
0.811631,0.705321,0.0554291,0.32152644122797736,0.4659673166158501,0.6285288739015605,0.8652641200387456,0.36923519064866583,0.6504168028930332,0.15689135969029067,0.439249425681563,0
0.756596,0.525232,0.642284,0.0703755452244319,0.0774984935236851,0.48065236708450776,0.8653780633632592,0.37001371270849925,0.8186823503787476,0.5468242431707536,0.754838236758462,0
0.746792,0.983442,0.233475,0.7719154256544155,0.6727897568228891,0.05580339238797127,0.26982295215330254,0.47003509665756016,0.06954990215578016,0.18262438236883105,0.019379223504315313,0
0.126925,0.353315,0.222617,0.6752539759858533,0.8094781408717882,0.7553574178148266,0.4086926739625576,0.015223255145902725,0.31023488111841235,0.7411167737110479,0.2572192851406604,0
0.498767,0.817226,0.613445,0.5732960573009158,0.3719063715061339,0.6025558396817718,0.7413656850595391,0.4045705932286995,0.37123466645676073,0.8726162262847066,0.941569479275847,0
0.61769,0.106991,0.111025,0.6378492888404855,0.8998137170429531,0.14887390779138743,0.5220934937722723,0.9784849204537429,0.3610734632053709,0.40715801670729757,0.17750358958880674,0
0.17641,0.557405,0.0417355,0.2878748754901973,0.48811554637989085,0.691417798811007,0.6932736368482494,0.11989332062465663,0.7864273530104438,0.15797112140126213,0.4028367212655438,0
0.14488,0.1551,0.351276,0.0954784745881857,0.8803696684960812,0.10139030409675787,0.7427285373792097,0.2264869509602614,0.17762712792125246,0.5746446122714831,0.6009835051966378,0
0.517825,0.942605,0.786154,0.5214782625396431,0.7919088218506105,0.26594184826953016,0.2799755724442544,0.06905144692506149,0.962613821268101,0.7777819365978186,0.7385947056469616,0
0.240347,0.648444,0.59147,0.9155089532831298,0.7616326667480802,0.5183166202434666,0.4072609402946471,0.8225893604621702,0.045359369953797524,0.4604291940729449,0.40324098904331973,0
0.858346,0.801842,0.402619,0.7621984195874865,0.15068796353048897,0.31992387407675427,0.3244137094986532,0.6084788130598595,0.18904012348401433,0.2666906313989966,0.3115972112386911,0
0.421835,0.211186,0.666012,0.028519591580949855,0.5054148186942808,0.6139153410176234,0.2972414514831916,0.5620677765869596,0.044343965619345393,0.1858538350123775,0.44404744314815814,0
0.92398,0.0110791,0.0478302,0.19069491603404876,0.3486550813996592,0.7237965700489906,0.2017621964698475,0.9572466807006668,0.3736149217145178,0.9749469043277696,0.47981652033977307,0
0.700787,0.0556702,0.894759,0.23188898733286,0.19766173452419333,0.12371055273530063,0.22924287032525792,0.7494666174548772,0.6462716226852203,0.14957037591067535,0.030413854240024962,0
0.0261874,0.521883,0.71177,0.725094643871994,0.6823012289380489,0.22530988380461703,0.7461644546968078,0.900343823050694,0.22840726321042748,0.17103939936389057,0.41759781453755884,0
0.915995,0.419569,0.833353,0.6768222864270288,0.12132541775720818,0.6771704513395838,0.45592627311135736,0.6591507668941942,0.649432608574731,0.11721797175923243,0.0417377784537416,0
0.400594,0.27847,0.0372274,0.6527094876286429,0.4310344960264878,0.48754769246467256,0.18078879198160547,0.14975571306526891,0.7769484683193554,0.533688265164587,0.565560976369716,0
0.350047,0.958102,0.0418501,0.6614351122930726,0.7382637286590304,0.6187383747995505,0.9018916470866107,0.9005454688462714,0.2395088394099738,0.649141912361464,0.24068691427337585,0
0.673778,0.40562,0.225629,0.87773994434833,0.12698229965522323,0.14731854974246328,0.9290518873409542,0.013106637829340406,0.10048414330090516,0.7416115477051559,0.4155994393813668,0
0.127788,0.570689,0.0533038,0.9806761356857484,0.06649307130484128,0.8590165236902895,0.33383360919495797,0.19392766202265166,0.7792119459365326,0.6754714679058673,0.051398626059713126,0
0.318807,0.237379,0.781608,0.16905765289348396,0.1857539812185528,0.7075141457571541,0.6365931490948671,0.7260771548499503,0.6564678019878033,0.43911780700258196,0.7016497641572007,0
0.876103,0.567474,0.855478,0.7048275641047086,0.5843014536442053,0.7556104698773762,0.7586603552460925,0.5265501463648251,0.9103806905071973,0.36369659214405115,0.23337900613923512,0
0.640068,0.782905,0.341577,0.7892747011305058,0.06811234099826691,0.08514058405358071,0.5223141014402464,0.014965517483541246,0.9233142088590329,0.8777633845424652,0.5917222686315674,0
0.335275,0.452047,0.865833,0.012073731309427904,0.6405762419964572,0.04885306558210878,0.6663241308684181,0.37699593793292496,0.7431688900658463,0.8533257783815591,0.5915193054287586,0
0.604064,0.0802622,0.0232153,0.10084718880995147,0.31803235584937084,0.07506952243141363,0.7769507610921987,0.3574956889176638,0.3845235865330636,0.2692370529007606,0.5838305761786177,0
0.694271,0.719485,0.864316,0.34006040881843025,0.5957067919043477,0.02352558344530875,0.34835316353928636,0.977884266148713,0.7468387462293448,0.6895118717069595,0.6729385912339497,0
0.919416,0.79178,0.557973,0.10576058277063172,0.1995098099758601,0.5819097181273242,0.35946990173194293,0.5398692216405873,0.6609831220492697,0.07397600797725701,0.6889061208214405,0
0.196274,0.491587,0.975156,0.1074498776328392,0.2059736332866402,0.6791868678282502,0.8066354842473727,0.7257461065224431,0.693230276284651,0.11191389931102069,0.6537500664082613,0
0.102328,0.879232,0.280493,0.2085325189709749,0.554166058926842,0.05486074383578554,0.2889030945970822,0.8176524731922814,0.5240330229120495,0.3995827343072099,0.7387735092641156,0
0.40178,0.29108,0.209794,0.40445552565409104,0.27548355740222075,0.9460831374219292,0.9476852546782573,0.6565838386990545,0.1531046962662842,0.4913211459953474,0.1488991251393179,0
0.496091,0.678937,0.769292,0.0012947520171949778,0.38357732466812344,0.02244115229209087,0.12848261975192565,0.5803607525383452,0.5217773745601093,0.2726191006797404,0.5190662342949309,0
0.517864,0.772718,0.368225,0.7965575182283223,0.5239641462257042,0.600333934215463,0.9667122055513377,0.10632271577484587,0.8771864510229794,0.13199371144110728,0.47209482802681246,0
0.81476,0.733791,0.975523,0.6758804986605479,0.5067048194913008,0.3445993292820251,0.01692943949466652,0.5450387945383505,0.17262349742570315,0.16480057600160547,0.9910608129368774,0
0.612746,0.141325,0.774369,0.878966590105928,0.0006603489049326061,0.04489259264406953,0.42708810955290033,0.5740632212241549,0.8169918432170747,0.7715795601737384,0.4288444301556422,0
0.123065,0.786467,0.927218,0.22267055110162248,0.7705661744209746,0.27648203695409856,0.916876624496985,0.8549641051306536,0.5560454556927074,0.5912805833873006,0.06094890858037472,0
0.876346,0.402648,0.611376,0.45885922076586927,0.5895582052061691,0.7675225711919316,0.22453192933789823,0.6051923813787292,0.908040841207371,0.35280224429373097,0.9886345574933487,0
0.684575,0.641155,0.206827,0.25813780240222306,0.6335297653547037,0.909868557343134,0.31336467420909053,0.5494783633104865,0.8608101112348986,0.5667830249429474,0.6922683381750773,0
0.653984,0.732801,0.43408,0.9802802362644144,0.500559772239955,0.6734030739622504,0.6226253255560732,0.9495571911873877,0.6522369917385176,0.32732310772607087,0.33896345035696374,0
0.126244,0.965263,0.864979,0.14414861880577667,0.018217195168742872,0.3984933000593529,0.47543437953429313,0.5839928176391338,0.5756767232496462,0.01945119144770502,0.1413053057459479,0
0.561762,0.561589,0.316531,0.8507880231574015,0.09478515014092659,0.2675671112115371,0.31159812188605096,0.9542311017890897,0.1325997552645597,0.8537463255071382,0.8285662329068354,0
0.82453,0.620151,0.39544,0.3166202464450345,0.2010425494778778,0.24606140113063735,0.9609787192683862,0.9820967069567036,0.6246312712484434,0.7301010224147727,0.8664959270140755,0
0.183293,0.951111,0.143792,0.6826050221589743,0.18337248967831998,0.5410080067031361,0.921334494502129,0.8283739964815537,0.38996493485222583,0.48780440866495167,0.8500352291258889,0
0.821796,0.523157,0.834235,0.984172341432233,0.37555217154229037,0.9530488157987255,0.5966567709477357,0.061263301108503754,0.6875192435136763,0.803017301150968,0.855674424292821,0
0.502189,0.0806844,0.427558,0.1508521283127906,0.6984608631539314,0.09393248691719647,0.007399149534664029,0.624889630175083,0.7951772922245062,0.47522269111869264,0.5674452716577862,0
0.590925,0.259695,0.981365,0.8369213944820787,0.8133310620082395,0.777411466417922,0.6031225195935885,0.22722667320556333,0.010580405660553627,0.9695786889798319,0.11701201010577211,0
0.23229,0.0722765,0.440793,0.3254590789801717,0.16470628251708563,0.7624641875782515,0.2751813210062465,0.5882437820177059,0.9684221856659178,0.7423697198513614,0.12813655040588545,0
0.588593,0.0399737,0.307905,0.4379215129922023,0.277230662501432,0.3986990815970013,0.7980270796579336,0.8222080858579741,0.765009057114089,0.1107552482904347,0.7713963806200247,0
0.610033,0.115764,0.349352,0.5965927002963796,0.5350366717653233,0.3524377507301001,0.18866976153847648,0.23260571328352275,0.6161577950089985,0.06020320748886787,0.1267322791741261,0
0.584835,0.941796,0.793528,0.8752282487483783,0.9431212470083374,0.6545856611224432,0.9767522614815873,0.4472847114024331,0.6088355696263501,0.6280042911460326,0.990750880844362,0
0.77746,0.723037,0.0859955,0.49041776609234267,0.7492283542986257,0.060486725469542035,0.9064090720368424,0.5459389975924782,0.8895305862309376,0.15680951970774515,0.6341916299748709,0
0.189608,0.248346,0.047098,0.5963264283841958,0.34305430633211187,0.7303302328242608,0.048718369647759885,0.4860940604455417,0.8510963254454568,0.9994815365686656,0.8319186862958642,0
0.585638,0.723479,0.547573,0.6701012884108076,0.7801683870980918,0.7256126187082828,0.4268798060749215,0.7307402658377479,0.722694147550192,0.601947885246934,0.9747975877818117,0
0.0101515,0.316469,0.402248,0.05134595739193448,0.5523032439991408,0.7690576729763653,0.5574745044335206,0.5921925244701604,0.877041146554916,0.32418949397566454,0.6787877212553991,0
0.116806,0.350839,0.620755,0.07795647558064611,0.1602166871830274,0.11623636743837384,0.06450372127836657,0.578506862127282,0.8388235918195027,0.7353128240119722,0.6217490112034879,0
0.0314506,0.833732,0.675999,0.8456268577927276,0.8391027946743723,0.023938256978614514,0.25917854801713525,0.5732484093395328,0.7175793248048411,0.2145861837540024,0.10728405360406112,0
0.0472945,0.774182,0.215488,0.26461055425883584,0.654959440708076,0.6247713114218164,0.3169802567462201,0.18236580083452936,0.43519603998279477,0.5444194225161062,0.6033007052358459,0
0.279342,0.475715,0.229149,0.207927198767209,0.5969807537605427,0.2749440530218358,0.7395270760024519,0.953281135683074,0.7196680085202918,0.8268555040148736,0.7669011055156592,0
0.845982,0.653996,0.00471558,0.2146254211198786,0.15267021901938027,0.9647258209436678,0.5796286829193448,0.2024342433285944,0.5194880310379796,0.19442141158585158,0.5857253227377547,0
0.683464,0.204693,0.83744,0.529946678025789,0.4857495096248121,0.29301033358969475,0.951100046201814,0.13863608627740642,0.4838930143697051,0.6546070750088795,0.6105554375275798,0
0.850088,0.317117,0.925442,0.36776502822652823,0.6579061106468015,0.06794038765838284,0.5343595486113586,0.06066035166195738,0.03831766891995325,0.24857721304139102,0.3480641647418923,0
0.942008,0.714373,0.0221724,0.444111446186194,0.47191414777573093,0.8444078756683487,0.422461457631073,0.47840920676360943,0.3895004749639507,0.27526172370749336,0.4064125152767063,0
0.466841,0.525338,0.603636,0.9310794431036501,0.796425628732154,0.02465204371568741,0.08700191322741802,0.5922453183642438,0.32288416497451666,0.9682394955524231,0.6817156474955713,0
0.936858,0.639169,0.868089,0.995881677322834,0.022598886549683117,0.8699467002805192,0.17917246191457548,0.8456504876811853,0.5297977771685329,0.9595060897890779,0.4135848102033426,0
0.262332,0.960054,0.954605,0.48591327172588095,0.6587089611977042,0.7917305680186046,0.4858810019623383,0.04805428860666627,0.38734724349577054,0.21214998062104606,0.37559561839174593,0
0.950579,0.789574,0.386819,0.31664836751150205,0.8582977884948824,0.6346893710754151,0.21306889141249652,0.7951072636152791,0.18683659988196455,0.2713493767487213,0.935742419177454,0
0.862242,0.913679,0.2381,0.9118903513745925,0.8798299628804982,0.5422046244070484,0.5831080691743175,0.40121224036702097,0.5371405119507604,0.7740827275556025,0.8060209943505163,0
0.807137,0.448039,0.211638,0.20214854340618815,0.33958515441596493,0.5574428166927609,0.6543843057592488,0.5192931556915609,0.3988997469871848,0.23902385376260293,0.6350675640953248,0
0.925237,0.0461125,0.655888,0.4865292431904402,0.8293930860523792,0.8339879154882327,0.09125474896281371,0.24865698469147068,0.09411908521938117,0.6302699101577346,0.8408023819191676,0
0.675885,0.445111,0.829513,0.03366645794731293,0.7278127088689629,0.980029892531803,0.299496282822842,0.5703758802609088,0.2624754285224874,0.7493549750162068,0.40040149448733764,0
0.382376,0.107717,0.890681,0.18682011367416618,0.7001565041101077,0.15335169522522696,0.27812661198782684,0.7696278479950516,0.8090505477390545,0.11281335274830295,0.9378607711469987,0
0.303454,0.996572,0.0289318,0.1313983683302502,0.18482143179626598,0.6416951606222498,0.01762355912599267,0.3495943049910498,0.7438731510677536,0.7034556174328404,0.8949625206109293,0
0.101079,0.960964,0.902738,0.9759644720878263,0.2262005730041351,0.43067966869669005,0.8015818846163036,0.6054559270462081,0.0003261457653430666,0.9142222845232061,0.8355802062055929,0
0.568898,0.383442,0.442622,0.09301304596290227,0.6364373489169232,0.2518982179347794,0.6011174156240251,0.04445897013627298,0.6815988855473615,0.4248688251284748,0.2685817074347914,0
0.817756,0.969282,0.841376,0.1440029964253733,0.7526974751000687,0.7397543754377138,0.13277930478069155,0.4380766519489526,0.9458209291961902,0.15107656169172867,0.9584783683602605,0
0.187076,0.279901,0.635427,0.8328302192606784,0.9388839388052364,0.5491061214824132,0.5854966481112629,0.04189430664768645,0.9965213352478111,0.9629419482839179,0.31177119759768457,0
0.973882,0.136319,0.19748,0.3813489777474991,0.21290384559858577,0.9722534264629804,0.9754648189004906,0.8752744987086594,0.08498039231438737,0.5544082168466554,0.3825424361985008,0
0.73149,0.31232,0.217613,0.46613736977903786,0.49654249750931123,0.00971935985847261,0.8902705497429425,0.5050640392725387,0.7897162054771397,0.3063169594643095,0.2079538586594678,0
0.399791,0.681938,0.284199,0.5559789264640878,0.04333520195376972,0.9572719739167072,0.7789180852506669,0.5150742896247329,0.23682714851538733,0.7537623584971278,0.49546213381527926,0
0.79546,0.812101,0.140212,0.9479558858016447,0.7428672282556217,0.5961461016488215,0.8755162974912362,0.7406881501933582,0.7401882031157572,0.11887136803801746,0.07040137478740505,0
0.79533,0.630074,0.53334,0.34199041796331997,0.7152012859457924,0.6790149378284578,0.9598875121159346,0.1246134933053551,0.12053433752542275,0.17808039533952413,0.21659182545053723,0
0.128334,0.615214,0.584338,0.23326710159924202,0.005144325327397281,0.7852894890399945,0.8582305887335473,0.35452241830175124,0.7100343856355731,0.46157044075122433,0.1204596707894241,0
0.348268,0.403441,0.93116,0.5186686595439304,0.3002343989879289,0.3320803690743438,0.36130545216033405,0.8809149163540277,0.9281176285356181,0.40715266551287144,0.0698863538814034,0
0.842924,0.521018,0.540627,0.6301335278107342,0.6622244921099006,0.8000969775935707,0.8861985782117643,0.005806846823995904,0.19962360103538124,0.8341510703702629,0.09414618908221928,0
0.542481,0.255946,0.935583,0.8000571429986172,0.8348006604937803,0.6214867588913808,0.7901377479341689,0.07635610077111554,0.9415816534741169,0.43564519928866374,0.6605795937858359,0
0.635657,0.279442,0.258698,0.46294972117104016,0.26606031615024095,0.8747927436219013,0.6924388526711176,0.29740519162715806,0.3972810524780054,0.7545992477977456,0.3722054881060086,0
0.662252,0.504891,0.277603,0.8897401844958681,0.13274579585901314,0.9088097992508173,0.23834400177731974,0.02239392391748596,0.06755434452005604,0.07438622139693651,0.8234131132076393,0
0.744809,0.163108,0.277607,0.39583854621936665,0.0376526418570724,0.5006479520143159,0.7074773918028825,0.9316208315514849,0.6988025702126234,0.7856952431984158,0.6408997809564289,0
0.78245,0.349104,0.782279,0.35138929391080054,0.7793637660659644,0.25769045860623163,0.6522458826295146,0.34753828129909703,0.8807453948139934,0.007524786785917392,0.8496805988965324,0
0.393954,0.132127,0.752973,0.39104932925563685,0.3039592128724663,0.9704418309532092,0.47474894397108425,0.12667268112011443,0.37477556329016615,0.8904128775140898,0.6464084521272128,0
0.472343,0.705978,0.363106,0.0684072493588822,0.8437009216175554,0.6381888218261578,0.21229877291972354,0.6113155295651864,0.7457914944968423,0.9255705511464597,0.7353693482058395,0
0.817594,0.114173,0.0364206,0.887953468694531,0.25831937680089423,0.7201554371522421,0.4876988938487299,0.4383078409149982,0.9712428634780131,0.5862822730537344,0.1347838413113397,0
0.416462,0.429135,0.384392,0.8751762760182201,0.6413888067403585,0.5971138128957132,0.3579915078494059,0.27439658701162606,0.7221368542902488,0.7326896611356867,0.6341880097658729,0
0.996335,0.0851489,0.924832,0.23088620440875918,0.48996387801461116,0.13347597324156824,0.5317095921357421,0.19423666756810332,0.3195623179871623,0.6751261357201399,0.9583320702891622,0
0.592848,0.656722,0.277806,0.9030447772115217,0.7999793039710291,0.05951196548425053,0.9113675364631171,0.726357814063797,0.28465411461859735,0.5366963671908676,0.7748322845668266,0
0.847605,0.742169,0.21467,0.2557977864607691,0.08073371617646752,0.21373644065146968,0.9650768695824917,0.1260840002106446,0.5628765515226621,0.20955016772224022,0.16884773927336205,0
0.429949,0.344732,0.861646,0.7216886711338907,0.4938994021750306,0.9051800109952792,0.0192352108461179,0.17458818872030746,0.09472859256811417,0.503117102243693,0.7286524990560901,0
0.309082,0.86374,0.971272,0.30459950025511495,0.600786885334398,0.225018516648826,0.9040012027602411,0.06670133593672067,0.2510126386273649,0.34351467321756846,0.15733074620915677,0
0.0464513,0.325668,0.831979,0.7669801000196111,0.7250443175618733,0.7341606095227181,0.6978065639929876,0.15977571931638257,0.39048313789408196,0.9000443115994311,0.14537557813267465,0
0.207761,0.526012,0.725197,0.8720793450881036,0.4790572744432655,0.30836804174359733,0.9099417260276252,0.7735532452740941,0.045425282068807804,0.9019962169715445,0.45807098453475614,0
0.219252,0.339368,0.418164,0.3414005829320679,0.5994194471855603,0.5135475900702511,0.634226045815182,0.0008313447456936851,0.13927660851620105,0.886188866228024,0.3743529737090533,0
0.265419,0.711481,0.118069,0.6148466591144581,0.05208789211691667,0.05438999703529945,0.7511615055921106,0.739218170237663,0.12030333693969208,0.7083431898625394,0.4765598221432965,0
0.505018,0.808519,0.708509,0.8287813419868357,0.500770416879879,0.8256343205839347,0.7736515362341853,0.636925079885854,0.8639942746508648,0.7062179091487374,0.520165560317008,0
0.443889,0.607296,0.578695,0.3987543512959201,0.1562597011650726,0.06234566131335684,0.0223590327339227,0.1755758944041912,0.8310080977086054,0.9734678071874306,0.42478359303343427,0
0.246208,0.794771,0.642408,0.9788313445626413,0.39480231075288796,0.8649575705615301,0.675447746511589,0.5073093927213043,0.05061624223270389,0.06117486567156105,0.07226093707200565,0
0.798344,0.433551,0.516398,0.5829455147792151,0.298049205568645,0.47535243427764373,0.6240686929714196,0.45359797160938575,0.9170677388484363,0.0837280339240295,0.7614822276687317,0
0.381321,0.917674,0.76936,0.4855310506355969,0.44206016901405754,0.6479682615369978,0.06794863467926937,0.6196663533988437,0.12863712139083427,0.7370572057603961,0.7688469007402806,0
0.105348,0.11773,0.344223,0.19680535452853198,0.5571642795865709,0.4967610932296914,0.9930353670023067,0.4861665124397617,0.05827424653710023,0.6407289832656085,0.19180710073336804,0
0.920774,0.91661,0.231317,0.09513574847011042,0.39358889341451087,0.07702063055660624,0.604018955172667,0.0991492965021914,0.8605379771394894,0.16498398897227973,0.011671317320086971,0
0.356562,0.201013,0.185437,0.8473516262654717,0.7929117941677839,0.7523798803720467,0.2154304885123871,0.6207757461973532,0.9062149618351272,0.7218863284221413,0.8019250488801304,0
0.910007,0.621629,0.688458,0.5283376977184678,0.13951567138761112,0.4347509874767348,0.6463156369296904,0.3675941208400202,0.09778210110325902,0.5423343042433267,0.4528949892188455,0
0.411345,0.840335,0.131908,0.005155788981904941,0.09640040788871884,0.2385238021074203,0.37821747914749293,0.7681404295071524,0.5247905775874848,0.057038058653778534,0.37705472182418776,0
0.694733,0.0989998,0.479914,0.4780517375727056,0.34307274353666717,0.29700211988322966,0.7566218135518537,0.7562751346528945,0.7747631021033493,0.7180745221021616,0.7969093766561464,0
0.773747,0.116876,0.179276,0.9762346768108304,0.11831647892659247,0.3619567413462683,0.25340279215530725,0.9625864134000455,0.4891060479575692,0.18671307064580878,0.8797160099678933,0
0.0239308,0.215444,0.669085,0.7626451580706679,0.18998252174893648,0.4126658121286978,0.7566288714964116,0.3341020163951838,0.0765694699941396,0.2080510105659228,0.23485878770497193,0
0.024098,0.0734805,0.119478,0.8616510814003298,0.31998852482495554,0.7367650623636558,0.3468926168750748,0.6249725088599413,0.2802325117660003,0.40385155745971335,0.7301208111332731,0
0.316663,0.212428,0.255401,0.8582730088986591,0.49941176935853027,0.30073125561086733,0.6821183946746873,0.5821895661122762,0.07161601816240637,0.516187110564542,0.057620615947638454,0
0.902216,0.19924,0.00159932,0.20737303171162713,0.013386971731842556,0.9478091553114398,0.7765253219269961,0.7873434953071436,0.03022589708674528,0.4611090148148401,0.3687787028822661,0
0.325023,0.0828893,0.0929895,0.44836829256695454,0.6493760760910849,0.5022877439068462,0.31695954129282844,0.5581847585948273,0.5994079088707336,0.09816960362084803,0.35475663774235533,0
0.938892,0.868903,0.963229,0.3667869476216631,0.8917843077930349,0.6035668478594429,0.271873246246921,0.17090787382143557,0.7241119757952208,0.8209940668339614,0.5696894111412295,0
0.234256,0.221685,0.868933,0.9602396560089074,0.35600236405184105,0.9542075042261442,0.19690920822948355,0.09787101017117128,0.5193706749194651,0.24777183676336012,0.9169499783222894,0
0.566048,0.211928,0.93225,0.5088355056321503,0.34953897325409533,0.17789907200565935,0.6170043644859644,0.1894716121464015,0.5178571035079957,0.8565940648830681,0.18367217425490612,0
0.48783,0.292797,0.694141,0.4097568768997977,0.18648011876057158,0.8801393090298589,0.8890750209668119,0.20559343559439203,0.377377386588559,0.13580403804896068,0.8157193356461675,0
0.0424938,0.613018,0.226759,0.9501802279058655,0.5305527681646398,0.12281298895090875,0.706020384188195,0.04242032476947033,0.36440877952935025,0.3067427081857784,0.6105817584958467,0
0.903703,0.771418,0.00800511,0.29533561294077737,0.5562977726241214,0.9853349035019905,0.6655035220410082,0.029920428112833464,0.8945796041925079,0.6298905165930836,0.37630962475751606,0
0.396099,0.446996,0.703027,0.8218308769608659,0.7665519727496504,0.4232306256506728,0.036285485886129676,0.6059590773313983,0.2636944168933596,0.6220056416179586,0.5202612422697461,0
0.148487,0.713851,0.390174,0.9314909687165196,0.504888850688936,0.5641185620903065,0.6966411310093814,0.7690749833373519,0.6010463400664114,0.8833059527402036,0.6755527040761068,0
0.775236,0.579264,0.431511,0.7324209117667884,0.085083106648001,0.039043089019379695,0.8148307555505196,0.2800812940716514,0.2931703996647521,0.3174294017731193,0.3575263800281471,0
0.680566,0.138877,0.546351,0.5684749033726115,0.9012480943404731,0.8860714590977581,0.15858131027947286,0.6692785555475383,0.3659924533710591,0.24817940941636218,0.8464605263964675,0
0.762472,0.899003,0.499515,0.7956629747347,0.2597760414497473,0.5989758177659364,0.6955384848847018,0.31165712556390335,0.9667889997154094,0.4910225645004981,0.09637894876905284,0
0.711531,0.16257,0.611144,0.24300664491627366,0.1375729852923845,0.05402484052646617,0.9774887407604899,0.8856346235295771,0.14092336465859023,0.5333566085410449,0.04072798607483108,0
0.145319,0.0715769,0.607705,0.6678041566957241,0.07358839070520484,0.5630189653231858,0.4739837884393213,0.03833563530927897,0.2842238310042453,0.29050506380085606,0.11415156302301344,0
0.409993,0.00514849,0.814484,0.9968883154228705,0.38092094289262535,0.48325004442052044,0.8922075918829215,0.7741197678850436,0.8274683455540085,0.7092883270445468,0.047265914124349995,0
0.77293,0.265131,0.752247,0.6358574935696812,0.6602166026327517,0.7551802003423876,0.42528484069825645,0.5277650275827309,0.8811915825202433,0.7356230281493906,0.8736185721008278,0
0.650175,0.569615,0.694661,0.9811186667358702,0.45358954039127397,0.7702036167248563,0.1862673283287003,0.9846854629600384,0.1534015596007,0.8788309365473226,0.6927794172763173,0
0.970283,0.938387,0.600585,0.7412688203177895,0.6975033567868709,0.6910682002137598,0.2861635329243548,0.3607222849190602,0.6635291007484784,0.26473530158754877,0.9083854847885581,0
0.428384,0.143235,0.609875,0.3537966818021009,0.5552088488367761,0.05866675610752459,0.8593933691150034,0.023000793605919778,0.9843208609110449,0.6260260465418142,0.8908806265554988,0
0.534352,0.339451,0.591408,0.9747205856286089,0.037257597390391584,0.45801795803389644,0.7413700506824633,0.3120074879481498,0.27952553234868094,0.9666064465657487,0.5266168455302529,0
0.240555,0.682621,0.25962,0.5143696426982206,0.5886158074502691,0.2514832918017833,0.2877514120787803,0.9904579217514101,0.37527614832801615,0.2895742950313065,0.2754684215204817,0
0.0908461,0.00513457,0.584678,0.2693633147987109,0.6972301442488995,0.5915968378277815,0.7301192037210453,0.6958518295722345,0.02854306810805063,0.28698059724133396,0.0342672658082096,0
0.540137,0.46641,0.527966,0.38621403700448254,0.7040569756366462,0.007810908708627551,0.12890705776880962,0.2798365598873148,0.20143038666761703,0.4504503570110433,0.6845197013435214,0
0.126706,0.859756,0.199195,0.6415612660913331,0.5382704875913827,0.25513158990934215,0.31447325439199225,0.2507879438791317,0.19351748432388416,0.32839522842362934,0.785309883480168,0
0.324283,0.264187,0.00281162,0.9105911973224917,0.011080332475958854,0.46336153343308906,0.3720869665262083,0.6736842656152197,0.11819112824857936,0.677378342312706,0.06745564761323652,0
0.643936,0.652971,0.64961,0.8273311237647314,0.07063972096443927,0.11783252342680162,0.4441221213386085,0.5767368302583007,0.9328982304112913,0.6090338098134159,0.7819534678481531,0
0.482724,0.0726447,0.890003,0.053471542806376116,0.038294713776038325,0.26476695884199997,0.5780322216937265,0.8311444063783785,0.8027661393084616,0.47252793128548976,0.8380986732296303,0
0.98458,0.911634,0.923986,0.7789592427585339,0.21642777845070182,0.18076589190434578,0.9301750212489994,0.029862525100271542,0.5025169641855101,0.543940274224781,0.07531759664096538,0
0.563283,0.608159,0.893246,0.22716797080567697,0.9405529835811995,0.4217926450170866,0.5331408083336898,0.7497036173239943,0.5432389610121959,0.339374349624766,0.18481594404815616,0
0.56912,0.773195,0.258491,0.8447446069921257,0.6800319879895957,0.29240551128824566,0.6233680973128933,0.7636308423325996,0.041304610246449824,0.8801534484310817,0.3950997782062885,0
0.266206,0.406921,0.776423,0.3394513496408482,0.029082477947677043,0.6429266788404661,0.20122088772673286,0.2502625055908847,0.08083607591926356,0.9601676038495741,0.11420188135648213,0
0.261938,0.0313086,0.788934,0.3862055679185834,0.40941452677787715,0.2796592433887579,0.7144036833545379,0.951165288508701,0.517721013753553,0.8935134080993667,0.406573150559412,0
0.772383,0.924305,0.561961,0.5445350163066182,0.23449445249017786,0.7195405041976959,0.20769263031881358,0.8302299276524299,0.5426489990598451,0.5157272645112269,0.1930631599974465,0
0.927148,0.421579,0.329113,0.7926753873016206,0.09054789733610014,0.0474468409131219,0.8808600123512246,0.44891956110099407,0.20696349184249063,0.007851658567460729,0.41737642875458436,0
0.629035,0.436112,0.200231,0.9299594775666963,0.8134428599320813,0.19172681316808593,0.4457381463880813,0.06410991936448474,0.9434635580312033,0.13702772530364726,0.8748235963415473,0
0.834784,0.0952891,0.599421,0.3945224846603099,0.9638858770782172,0.5503505092323617,0.33656371114102657,0.16526283738248204,0.5096571878063975,0.8063865187707608,0.67763961132504,0
0.684059,0.341252,0.828788,0.4071149355661092,0.443106633143605,0.5230954264607297,0.7094781602082127,0.13171341976185758,0.5964095684625224,0.8087310560674655,0.438251134538172,0
0.449047,0.0638967,0.55673,0.23121005899877678,0.9561349225968748,0.28148401215413676,0.3200300301916985,0.24449179783593644,0.6665220075731753,0.0927710193054122,0.5296928894465336,0
0.234538,0.580738,0.88764,0.0730343274237999,0.42612509952712685,0.23402568299575532,0.2984809090241569,0.7069319562068787,0.4151022143315104,0.6147368897442874,0.8244020503309677,0
0.609188,0.594269,0.940984,0.7314398631462233,0.6938294594201757,0.538389218097143,0.1898056773396306,0.890288966695582,0.1882835107689439,0.5537257933447427,0.42538798827619284,0
0.920899,0.982468,0.784687,0.5272619208465985,0.9754348836598992,0.7059566138438943,0.02466063815873676,0.8700253561588246,0.99447081815649,0.10323522884962155,0.8154509697548031,0
0.924184,0.583055,0.963805,0.8198660728225792,0.528443258574979,0.9805040427434984,0.3947664531216275,0.021645037015403767,0.7788879670601866,0.24065708053275459,0.01913879649018846,0
0.420084,0.911379,0.196914,0.48331069966869034,0.40279478816666836,0.8847453944626625,0.6136589638994799,0.2565577143375082,0.6468828234956805,0.030020455702554183,0.34848648934000426,0
0.90593,0.598773,0.970595,0.28416340048857236,0.9746464932526018,0.03020764223766137,0.9994666402989008,0.7829795687284092,0.8996612870211554,0.8036586301756949,0.20216244743053036,0
0.889104,0.48407,0.905891,0.7124744804865432,0.14544156836925137,0.4122333415810029,0.2826109738416972,0.21601418318393661,0.4740514437186806,0.35259015086467094,0.008907591161987694,0
0.537957,0.557702,0.0279983,0.2308012073968817,0.26661577609425213,0.06541325841606327,0.6381379811134189,0.3150063301732823,0.47239525656544057,0.938741986396361,0.4861111544513902,0
0.566409,0.928475,0.48377,0.1657134547352933,0.9774490460876524,0.40289357221610533,0.7091149079980316,0.9789968580455081,0.7434695612458025,0.1496070041138432,0.05842757303050994,0
0.716928,0.506776,0.595214,0.010292409563949056,0.4221731764160507,0.4506902253405961,0.17066401575804147,0.4284798551115635,0.20748814114685343,0.11182195775000425,0.11252610957154485,0
0.734245,0.0724418,0.0456802,0.09086820813819485,0.2525993300127489,0.5548185888128458,0.1917363239137445,0.8014948432797141,0.38385688040613664,0.49529139552631074,0.7385746768112096,0
0.342926,0.430251,0.777649,0.782498187557322,0.749386529552548,0.8813578586954028,0.6705509602518075,0.8677355020235843,0.9696754745504981,0.09156483879967836,0.03717438604116208,0
0.974913,0.783451,0.4054,0.381777066404965,0.7553122598423917,0.25464962582641604,0.8859592321529142,0.058732795034348584,0.6866616590125232,0.009091720741099651,0.32397753396926277,0
0.323587,0.875384,0.754885,0.3200021758630952,0.3532584155740489,0.40905276830492254,0.15800974039226812,0.4460555485028649,0.26502732151915653,0.3322271292365474,0.012919260756106277,0
0.751579,0.701807,0.296992,0.7885683888385858,0.1070357336206681,0.5744443753468463,0.7788608700428863,0.7921165325461232,0.7981341256619339,0.937867361998203,0.6753665740828761,0
0.497041,0.376134,0.0486552,0.788935709429445,0.4440115045437869,0.2504024110835976,0.16638910410596175,0.6900686471414376,0.9404155503270782,0.3525953823089467,0.8991382926610223,0
0.507371,0.544028,0.796694,0.04636996955054806,0.9685242719888968,0.6295785366218587,0.050152340002109996,0.26602031879161825,0.697425292546323,0.8887583288240102,0.4073355716487833,0
0.0561113,0.370513,0.482755,0.9776390966304305,0.2933889639054261,0.8896687139966041,0.37229443190065403,0.08995592232288985,0.6311162056096483,0.9820998952121772,0.5718230650187632,0
0.659882,0.986811,0.094353,0.535450073676816,0.6855202885473605,0.040403885994570676,0.21409283569450954,0.2973294913539526,0.4314599804712165,0.9436399336499149,0.3137215605055138,0
0.331644,0.142632,0.434824,0.562788138091637,0.18617417843219008,0.5932124501010443,0.06493747774858138,0.2936002075906349,0.002082248688521471,0.03350015533870576,0.8976690017189853,0
0.871327,0.581698,0.512974,0.4585919363332399,0.3724621687652715,0.22686651121419266,0.4293954724485409,0.18182680908613813,0.318949398236159,0.4560243685105686,0.22055928135735636,0
0.200413,0.19548,0.897456,0.2416667193570825,0.791964591017387,0.5515023544283573,0.603574860757753,0.9116639307314198,0.3897503858088619,0.5191949982924091,0.29295242718086356,0
0.731729,0.644387,0.211525,0.35418768594536676,0.2863998168695574,0.7447547072408282,0.5530972244205711,0.7304538704881717,0.19048146702434077,0.9969526342121462,0.3875577306561653,0
0.369546,0.13094,0.02371,0.24595054844784003,0.5018355411761595,0.7194319055113562,0.5074509923887484,0.8730165011530743,0.8786446232079798,0.15108941357575012,0.7841128939092085,0
0.0255887,0.185873,0.0337645,0.49569661082923544,0.9589189971331802,0.7928962850162636,0.5667332764532659,0.475472134667121,0.12579792983117055,0.7187125006266956,0.5194723694097534,0
0.242076,0.591108,0.537586,0.17657911184105324,0.10148197672995729,0.9956004236832144,0.1890847047176194,0.6844185478513336,0.3571169921255244,0.16336988566332677,0.08757125814303268,0
0.835571,0.696177,0.680568,0.8169411982010999,0.729960239897136,0.5158806531455788,0.6518671038689395,0.8590366824679353,0.12785584795201554,0.09433249412216449,0.3733178299117702,0
0.0459839,0.194676,0.652142,0.46385022451528124,0.23911565512467325,0.4285014845702112,0.9150756081202437,0.5312056397367556,0.636870750031914,0.908137313136355,0.8870556952731672,0
0.668262,0.455416,0.291879,0.0996942506508618,0.6486944922262353,0.1700799079133456,0.28111547058672914,0.7345511170609346,0.5516601917957765,0.11058283858744988,0.8047328531209077,0
0.713402,0.930376,0.513528,0.17003358603959473,0.9332041451966033,0.39362794667589984,0.8955156559250286,0.3742496418648066,0.8142460946604706,0.6503436778286981,0.062237202295382876,0
0.256365,0.763006,0.0121889,0.7825417653815432,0.4397614867381662,0.33166171949296985,0.9545408653867679,0.705032880957924,0.38414534106510656,0.01736606378399075,0.40171188896984145,0
0.585829,0.2768,0.422272,0.6920143659009044,0.3694244419468029,0.05216679578532413,0.8175318622734219,0.8156457900056946,0.3410238334981257,0.7693363475039388,0.33398682885351794,0
0.573726,0.549072,0.620543,0.5947920130985067,0.5236783765765901,0.19694888408010613,0.9644797728817887,0.34288550998056355,0.9349359566644182,0.3102427999099949,0.21185787058136363,0
0.990244,0.0879419,0.915445,0.3403164882464945,0.8925565121051771,0.6360956689416676,0.4568126785994572,0.8839234826842735,0.4436162772240394,0.4721375247061367,0.008740719372665073,0
0.601735,0.813393,0.323867,0.11984967743233133,0.505120229261992,0.9410161278345149,0.7703420288232908,0.36236840020509886,0.1480545398168377,0.23091447436106427,0.2092337279360823,0
0.549083,0.219037,0.544154,0.6907095270909953,0.42624399142481617,0.41427226100495107,0.07249110550404159,0.7013133205793154,0.879983029878479,0.653487553802549,0.4505055971911822,0
0.818007,0.703702,0.497096,0.5379780124151355,0.17827767022673502,0.17763422337232926,0.0872732188612495,0.3347632625348115,0.28250632240720475,0.8368012702154186,0.7175527260032857,0
0.00227866,0.661994,0.161874,0.9189350948846042,0.8938925808262863,0.334779866693787,0.6431927998435195,0.36278947407799944,0.08556629684087169,0.8635267959728172,0.8094647032850775,0
0.90898,0.788175,0.20348,0.6168425001802801,0.8187710185242796,0.14586371028673062,0.3727773625950421,0.10918066210511879,0.9213774303212231,0.3808501199311597,0.6544570400413884,0
0.310359,0.077098,0.0905299,0.06086976429987945,0.8481564812469992,0.22215604659873955,0.9308135389013574,0.05456509653512731,0.6405309963878413,0.5466523360739906,0.5066161038367246,0
0.811967,0.562017,0.862998,0.663197867210798,0.13785996043960458,0.1952464013781543,0.1410265108290043,0.00387917552736583,0.6249831048065818,0.14679120513246757,0.06896422387356005,0
0.177807,0.00963033,0.431435,0.26369626000901014,0.7609493568989624,0.7994761124759193,0.10776996282579954,0.6826338987092985,0.004305707770914546,0.17373306263086685,0.4154065306735951,0
0.0933308,0.613768,0.958359,0.3742102935900822,0.498502404041935,0.3584546063172812,0.1189103135616133,0.4335182518386519,0.3075768139824534,0.7427965878569491,0.8575538506920279,0
0.820506,0.644257,0.0115766,0.7458367391516109,0.7106616685023971,0.9540139718602678,0.7502413644081186,0.9347058787427966,0.4636613822746396,0.8244123214226964,0.5785882451705803,0
0.920663,0.345242,0.783796,0.20210036386809938,0.18122761915113006,0.9325168146129051,0.9797491428794891,0.46245190202100617,0.5965913539718366,0.2636244614555908,0.10800581683649002,0
0.167922,0.159015,0.718467,0.43419408579230656,0.13029906799087787,0.91126900286884,0.793461109506525,0.021839780967741418,0.7938341845725313,0.9382880119839,0.32121502288322445,0
0.32766,0.410397,0.663771,0.5085011657089957,0.2948518002496141,0.6655287144275835,0.11031883358685746,0.3976627979540993,0.6609868107031625,0.6555765921008632,0.5368269684684425,0
0.590464,0.817503,0.231515,0.4847323587103206,0.9451426647157575,0.7920099987897795,0.9584243623047577,0.0954011256183005,0.7354999244030183,0.23684028296657877,0.8453609094901201,0
0.141499,0.113507,0.506176,0.45602032956882366,0.16014005639848117,0.7359045444141563,0.9880680044060908,0.3588966311009645,0.29124909940500154,0.9823721388495432,0.4729634058234603,0
0.282947,0.44758,0.166173,0.5980691480514034,0.4090412290730453,0.7037391711499881,0.10173327861408477,0.17775767386721975,0.23307838233147826,0.5334395714356058,0.6954718670736366,0
0.635802,0.793471,0.455909,0.9700497221663005,0.016785420028047393,0.41549973743491875,0.3263317389893121,0.5488550981613632,0.7961899536552322,0.7730789762664149,0.4353901761733411,0
0.916347,0.986409,0.976836,0.21812503473407108,0.11492757185016822,0.31585121671026084,0.0234562458310682,0.8295535215886454,0.8481890212893934,0.015104050952985393,0.047356463199588195,0
0.434295,0.67708,0.108272,0.2827113542751307,0.013792335027778213,0.23952074075423235,0.9891967580256519,0.7047222352741256,0.14422994649521215,0.4856481564784473,0.943682723403336,0
0.846025,0.155771,0.229495,0.5115852274107466,0.7591730782729929,0.7881244068860195,0.06636214135721219,0.39018649010786055,0.04925902516210279,0.40064253490144763,0.09922251707131668,0
0.592478,0.322729,0.372146,0.9211459322515091,0.6900517347128812,0.5588459936533829,0.7771000765291963,0.44702016464565175,0.7124990174028215,0.99878550141433,0.7740629390969889,0
0.955113,0.946044,0.730929,0.9170439628982229,0.4787803895902327,0.8437561536170933,0.244688190614755,0.7688029915610509,0.9604770375269603,0.8973062560490397,0.2308271505070586,0
0.41832,0.851119,0.819684,0.7314895927349632,0.17477502278117452,0.2962525909817796,0.8742799285305606,0.27404203277040884,0.3771704438839981,0.6797795604903218,0.9184232415954232,0
0.21636,0.644901,0.522551,0.4774553173687912,0.5729948279829902,0.47714213208431666,0.06417926874769331,0.1143552111998487,0.32072989170750177,0.5440670862080784,0.3072742134623716,0
0.338635,0.56337,0.769558,0.5586039781265464,0.42754337631187467,0.1251447053263791,0.6062798361633581,0.8474308989159571,0.8270310440909726,0.7141464445384428,0.35967841648236565,0
0.683175,0.452335,0.607457,0.47904436414498275,0.8270629734778667,0.7531110568376451,0.7934877966291334,0.3870990465371359,0.07254484504943526,0.16112612603077303,0.12081166282075406,0
0.0842015,0.428652,0.213904,0.7151248101404191,0.05978228837147914,0.45855181659447886,0.9688143399115515,0.8651966575872861,0.5340974183017505,0.25841204591425126,0.03738713674942473,0
0.371201,0.234398,0.327109,0.5391973208567864,0.06446184238889474,0.6977314880011205,0.9774270707549094,0.21528659203527245,0.8941876284255489,0.2614140782017098,0.4582502799124609,0
0.287416,0.246427,0.729801,0.25593336513648424,0.6085656459011412,0.999114026346095,0.38562849182888803,0.24420099121611483,0.7515555319698106,0.04491841022085097,0.14228839297404205,0
0.894258,0.581039,0.142125,0.8647981045386104,0.06000575226446869,0.30593324544509115,0.24956531396526072,0.5027197185102498,0.4833771202596232,0.47179110780014055,0.5648595364605442,0
0.20644,0.0209499,0.2124,0.07499807379074142,0.6339147216187656,0.18090159158054286,0.18056246715771562,0.04993661064240962,0.5191851475958149,0.051002959579041884,0.5514218139538599,0
0.146717,0.671598,0.141172,0.39408040224797447,0.7868253959090732,0.14034774277404105,0.27385300011223246,0.162088024745752,0.3552322781741789,0.27618347930673626,0.9819686636989642,0
0.667738,0.434382,0.647075,0.28260018708827583,0.3529709691927114,0.4526362941144997,0.6216353082800896,0.13997706498110818,0.14496360721377533,0.16310102829103368,0.20388774195115755,0
0.882599,0.509248,0.848668,0.10706328320340075,0.14807128559756655,0.2876238813582601,0.14332054549361306,0.9444540427073731,0.560097818875277,0.13704684737650308,0.6315054902219563,0
0.313269,0.368356,0.660131,0.7126320983626576,0.012397484162943728,0.2843825246536612,0.2756525762928812,0.8043663873264311,0.07609159656229825,0.8079635895657808,0.44091920756066827,0
0.43057,0.943752,0.0890777,0.09022701949891421,0.865062078435884,0.9523707789203506,0.7147532866903746,0.03556784233031807,0.6415045891503035,0.032735094890431915,0.051849555710167805,0
0.0438916,0.866524,0.393224,0.592206189896701,0.60262939389788,0.5070763101821628,0.5122993026633319,0.5965089988925713,0.5323394869256275,0.21876099637397672,0.33239299811991163,0
0.0251942,0.309715,0.620857,0.2731177026385496,0.26399362245424096,0.7199287868817853,0.6151669353936452,0.16079600008912032,0.5894990692828421,0.6695456123665003,0.9971647686343076,0
0.387613,0.741616,0.969637,0.7218071902732286,0.06415490910709554,0.1081621219206651,0.48534998121904815,0.9855364743833671,0.9321473192908122,0.14744678710608972,0.0005250352820774795,0
0.352379,0.979335,0.802216,0.5281961978190901,0.2612256808208612,0.7506048946599263,0.1980565491691032,0.10120476375222709,0.3864662498059479,0.9290259177015032,0.35738880411586027,0
0.884325,0.152905,0.541335,0.6444300738450586,0.8873396149305438,0.34461904224081685,0.4185461878780785,0.9891078471965792,0.13370203638795275,0.09232537091601989,0.26503788223336655,0
0.131092,0.291264,0.611027,0.21628187569853852,0.26385949448334045,0.9444073191501482,0.8212853097165469,0.12971331943573827,0.5872502071833111,0.18312593392844234,0.7405081988314213,0
0.182837,0.0646657,0.427597,0.8428191745704293,0.839180611917625,0.7002405068880101,0.4661534411092608,0.12283928858045978,0.18157178220891546,0.38498785645517664,0.3824641011647477,0
0.333364,0.590368,0.615165,0.10893171020722647,0.9019917356714929,0.9303293169195528,0.18562094947936358,0.20412831811872423,0.2581664111369305,0.48822975672485314,0.5752897338967855,0
0.213839,0.753587,0.322495,0.7755403921711672,0.295965733755984,0.36825156891406685,0.8922552473520885,0.3957303266068506,0.46606938507427,0.4063768144423494,0.7856436899222312,0
0.722182,0.40053,0.421706,0.6688284488376599,0.2973854136832823,0.29645365567338333,0.6859341314196846,0.8492622457155649,0.3226104421428504,0.2435083994303605,0.7101912932527148,0
0.871448,0.622058,0.515571,0.9693641526442671,0.9418213729682324,0.13460825865516723,0.5200944867218694,0.9012545928492685,0.4562409214977382,0.22423088226529164,0.2940979671312296,0
0.406122,0.660205,0.755017,0.9722283882551228,0.03685375121443124,0.8445349691209507,0.579777638063403,0.826972331535908,0.5097577744337455,0.9140142979362228,0.90612092326984,0
0.0631269,0.691214,0.489702,0.9780823606681445,0.6329529733320366,0.937084557374668,0.266488832040802,0.5653619624998324,0.7121522077062741,0.6179258670372624,0.43113572881089324,0
0.701301,0.148023,0.827016,0.5976709440685221,0.0632001519170523,0.39276147622270885,0.21374121346154673,0.22063601002740807,0.9952623342593256,0.18395457972148122,0.998098835000346,0
0.16958,0.942237,0.426588,0.37004543932497114,0.7063152931013553,0.8185467312068404,0.5329901144286056,0.7764486763102698,0.6766099451873469,0.18048905849373553,0.04225024228138652,0
0.594421,0.907235,0.0783626,0.02683663055020402,0.9330518084987812,0.6209126139957561,0.5019117010170182,0.07883417770734258,0.41134722230616494,0.9840727777501961,0.8017640691097303,0
0.379799,0.341106,0.502913,0.7006129708560119,0.5620369107188575,0.29477964958329417,0.3663502874697061,0.04063302809729519,0.6770583156376418,0.6593950058990796,0.8707779621605937,0
0.549007,0.471151,0.233132,0.30723898782501124,0.4255837777377256,0.005074226990272379,0.46184896943344933,0.3436606549340566,0.764610496410593,0.425661406292694,0.5006418695822173,0
0.545282,0.242989,0.632041,0.3552307618607058,0.4593085470700957,0.2989209249460575,0.49345108910582636,0.9602561513456236,0.43725800584533314,0.5938335303485289,0.6460975088709492,0
0.117735,0.613823,0.823807,0.5941036697114289,0.649754077151915,0.635927779815948,0.8760542301788701,0.03554490711828928,0.10210971360950916,0.2033970187342432,0.08919360618064787,0
0.946782,0.987732,0.348864,0.9604343120587355,0.4698238938895932,0.45203369210878475,0.7452293514589635,0.39891537925402076,0.7596783304220749,0.8590257035294625,0.9509747812234652,0
0.966433,0.293841,0.302482,0.9050545737419323,0.3391413303133577,0.2127866138939125,0.16980625091410273,0.8885977933974042,0.4206367164769931,0.12524028504775397,0.7644891114007231,0
0.308825,0.805734,0.248581,0.3032380086584957,0.6449362626044297,0.6428448243315917,0.5779844495121863,0.9344319543877552,0.17254835880087027,0.28526527004343005,0.753414172731496,0
0.444419,0.0454336,0.588241,0.7097557040763726,0.7275085247296669,0.9239070500681045,0.11694870629096232,0.40720416677129934,0.32154763645114093,0.3879866763686032,0.35720242044849415,0
0.687855,0.864837,0.521819,0.4870863353515542,0.27091293209875655,0.9965839503101238,0.5017229256349705,0.07405381798965327,0.002047366368388981,0.6493105264829921,0.9262999314771094,0
0.991399,0.29176,0.636883,0.33792414672282056,0.6108815276327703,0.05443389028176826,0.6622913668597762,0.06624490852777731,0.18801665795957223,0.5964623890742523,0.4243498571582667,0
0.467436,0.725976,0.31193,0.7241872842404334,0.16371861438722457,0.8088487493768904,0.7506418158129423,0.8495821326046953,0.5122681279645448,0.45567826226400887,0.04269870673355358,0
0.62133,0.175693,0.139103,0.3162491875174229,0.48074430004221225,0.00284383926191778,0.9321710344610163,0.6454923490587845,0.247781799488613,0.6841059793585117,0.9745199308366713,0
0.155867,0.265893,0.854566,0.3262676994400492,0.36644571120449954,0.2898730538585478,0.24223268007279086,0.08780590368743113,0.8405009928031657,0.5541800014182051,0.46692479491686856,0
0.0984023,0.387954,0.844466,0.3469470207833607,0.3736303722643026,0.9769088788766536,0.28827385242086834,0.5500871448050697,0.5590685202445113,0.012291784914248649,0.23400273989249598,0
0.108342,0.630028,0.23216,0.7881756700859669,0.07493053308977837,0.6901960486097402,0.8468062991744836,0.3690054123737465,0.7764847290829381,0.06818591471697366,0.7768768968654736,0
0.138561,0.0416731,0.876507,0.9749969286640198,0.9984645127718494,0.07400205327549503,0.8055565661606826,0.11352544837027179,0.4847905244332811,0.1537534206140757,0.0024175349083921382,0
0.486279,0.851114,0.874855,0.24286059541472582,0.9968547661836336,0.7205316074607605,0.7757559573149755,0.3388028825831364,0.3611632735064203,0.23878276311314695,0.8677260530142463,0
0.737206,0.759776,0.33004,0.8513713177403734,0.8496082471003457,0.6674651333746529,0.5678931895268492,0.7739183277780608,0.6417235345126896,0.7099785978894626,0.7484315188374752,0
0.640513,0.411963,0.39112,0.559931432587717,0.6725477494012705,0.5538415488647962,0.7185322360812206,0.836064062239315,0.32250291888203986,0.23114565677317966,0.4169227293033402,0
0.799818,0.0771725,0.438901,0.033495943630006964,0.7045003636853953,0.42052061603778557,0.18759211411999843,0.0743362050136327,0.37275477860902995,0.8396573902001142,0.9596149170649538,0
0.255536,0.237823,0.527462,0.8091519206468011,0.8168837451632737,0.38824833676449766,0.9430745142964012,0.7237153362285643,0.01085056233512327,0.09443048034574908,0.08445747281848637,0
0.553282,0.967193,0.546361,0.9199767272840749,0.0727706755539812,0.19763516654742097,0.5706675640287975,0.8797548081726662,0.21372863244886875,0.7827210823350956,0.30288585479513197,0
0.599034,0.635183,0.364749,0.5725156147376115,0.6281104139032593,0.44677346014740704,0.49857077664017146,0.03238511652290621,0.3943915257921461,0.589988345809612,0.7540434748305264,0
0.537893,0.0915385,0.581484,0.7270561603017237,0.39889246786462995,0.30211418349703223,0.6460596044329022,0.5989113642583193,0.6270582708164626,0.39321124642059957,0.27567629819739126,0
0.468592,0.265546,0.537007,0.8982214196036652,0.43219426163269936,0.508835628712462,0.10380226099052359,0.1866441185596721,0.5684574837113331,0.9217743616389388,0.21015563031363227,0
0.0969364,0.157299,0.444265,0.7135217701542063,0.49610186923805366,0.9922354199563072,0.051942606606474984,0.2524259904342204,0.9258011732177646,0.6069174089221276,0.2227476916589135,0
0.503108,0.562656,0.787624,0.04555386745040024,0.4581868451167348,0.7918804995468324,0.8171698331783465,0.9722060014918107,0.4077814783562139,0.7349901777607192,0.0255171614550721,0
0.888456,0.8935,0.57236,0.5210719024273583,0.11247874974131633,0.8189180511997505,0.023545720189640296,0.0797500949457528,0.006040275840843323,0.32287685248902664,0.5691592102120526,0
0.879908,0.320388,0.46679,0.2448156596497696,0.5354764224993751,0.22722066097102978,0.6891383843741191,0.7661832996795024,0.6615055222902029,0.355983477391987,0.16458646940518107,0
0.894194,0.962026,0.354523,0.7996736672138565,0.22933717949603272,0.37935529495195597,0.2851903400599769,0.15064633856571785,0.15173510309868365,0.9464755315693045,0.48495345144308766,0
0.800085,0.4781,0.710567,0.9970444041659232,0.7836138112352187,0.1500881694656203,0.9605830842699716,0.20099275920580384,0.997044495101393,0.0075885092556217115,0.6516025027922125,0
0.383772,0.603754,0.768555,0.7402097641599281,0.7600407557743293,0.03262584187098916,0.8945260440138265,0.8091643665860486,0.8029390888138233,0.42128120776637823,0.28625223602130845,0
0.454313,0.801685,0.96371,0.9273846117049037,0.7113427925612297,0.23334761314502905,0.1359574760190193,0.9462438745653917,0.6867414960383313,0.4648777983706476,0.589959692459116,0
0.0957818,0.596515,0.336847,0.15318226910724775,0.500298322144607,0.0980797182006159,0.5820022808132408,0.06099821071301148,0.3591264676341682,0.6017611826922422,0.9817187438341265,0
0.548863,0.983554,0.0797822,0.6335803341251371,0.3653589156795938,0.20249798370726313,0.9550195049788082,0.7455002494663627,0.9680113294296802,0.1999848819683857,0.7070686346036624,0
0.592502,0.391237,0.120838,0.9499065363015186,0.056373215081119254,0.3500064584540933,0.3755565985597641,0.16803723695600004,0.31903036512798866,0.8527086929865872,0.8838537152353296,0
0.534275,0.156174,0.56286,0.9154530984804831,0.7395614901948061,0.48959847147455204,0.8785238584155984,0.3143900758392192,0.5907510107985853,0.32686583301125616,0.5994913001721855,0
0.612132,0.0552083,0.127359,0.15895353396981182,0.6817967322653947,0.07244581360513258,0.3415083894114809,0.17795583667198578,0.6713779816665555,0.39626992152333573,0.33694006473844307,0
0.756003,0.799935,0.942895,0.5536391352582958,0.10168787838066107,0.530567499394491,0.7830928357076675,0.05558457829027719,0.5730224833775264,0.3055942008870043,0.658617464782983,0
0.976023,0.125034,0.27774,0.21153775740128067,0.9336339880877238,0.6567027290634933,0.962105367357465,0.7980526579624373,0.40338082992707935,0.5160920093101002,0.5445491147517518,0
0.0939754,0.00115557,0.285882,0.08509041773433978,0.6291187354902568,0.7804674303595599,0.44056080198676795,0.24746344330441117,0.9160786750261659,0.22814904534179814,0.3024696519421751,0
0.300429,0.0710061,0.611942,0.28778605524183376,0.6649543680373304,0.4063435956892918,0.6453238367306151,0.15270272643270566,0.0766072180736771,0.12566228159033466,0.9259985689613379,0
0.221008,0.546495,0.277504,0.9042939592392802,0.6586856516985214,0.3664777462355556,0.2912467537125042,0.043809879475741664,0.7720705041405944,0.3967578716680412,0.9241424042570843,0
0.390953,0.410104,0.927165,0.03596339629682044,0.4880757540212326,0.241617299085927,0.2691425152938922,0.649529268331579,0.7159106604100981,0.18987527955611683,0.08578742324276112,0
0.832933,0.240758,0.61732,0.565254464409269,0.6372310800512122,0.6292819213458015,0.47015012880271134,0.4090939181695139,0.8545230689529209,0.10804254782312284,0.07197753657171146,0
0.809315,0.389362,0.328587,0.09871565376751701,0.01787380239210179,0.05357614262981081,0.7210677379655682,0.09991958044871174,0.30038990058778015,0.9961660376703886,0.6618300392795705,0
0.151628,0.369358,0.165198,0.5729872556109723,0.887409460798996,0.6033450238932369,0.7980314449365992,0.3487554093998335,0.07203886590118369,0.5717939681246885,0.8533558742979358,0
0.59911,0.808099,0.537403,0.4215070883541463,0.348842151416184,0.2798141909917069,0.22886559366102255,0.9358933557675985,0.4622134332374005,0.8484416184530963,0.7376877725549018,0
0.157091,0.952427,0.0301711,0.84287108399053,0.672097600019666,0.04107011235051716,0.941446375267427,0.27258312889923253,0.6966822386380334,0.27841964552903997,0.026994916276584124,0
0.569968,0.762338,0.857951,0.489321341136005,0.8079028185120415,0.5918766687519843,0.6336351582387739,0.5706831634639306,0.2106271712300335,0.08242159597271115,0.5579948031861544,0
0.438567,0.76243,0.98135,0.6089830849644192,0.816609454049207,0.9838673120743937,0.9968070526316195,0.4624756544286015,0.051018491854804005,0.4213527276343232,0.19115068707219385,0
0.879005,0.106557,0.793722,0.9472835301606517,0.26544672158098703,0.3316741375276623,0.5660715059793591,0.9606842085251667,0.4137664249637656,0.7907453673141124,0.026388630632196652,0
0.786846,0.310174,0.28696,0.8073719995075354,0.023431718702206283,0.28622254504596345,0.38466833659805144,0.28526353848821906,0.9488381112379298,0.6702409531824142,0.7249481649186191,0
0.907508,0.095616,0.270772,0.6596162365197692,0.8956509941886962,0.6629134035469785,0.6073259059317199,0.6411141283535784,0.18724844802900065,0.44302640315738195,0.9879132073212282,0
0.328579,0.656476,0.530834,0.11503167924504709,0.0692148660682127,0.2125892653210273,0.05100334108682514,0.45822394304448877,0.4687973531316487,0.2433522972681782,0.2794594011557022,0
0.0181997,0.147192,0.624703,0.6429732262596214,0.5228185253576711,0.0698857199559314,0.7560885062777758,0.6102156610851992,0.5030434290029598,0.8387481842978661,0.4632466136783354,0
0.65252,0.214778,0.231798,0.7668833430213076,0.20374905246256791,0.16712441937273814,0.35598809616103677,0.2750734692302613,0.6917384058704522,0.2890537679673807,0.4100138700456458,0
0.639931,0.201516,0.658226,0.30943205225269377,0.7750071759369902,0.04806272035112302,0.4924460420122664,0.8502738605969814,0.03802037133008185,0.47326228726634534,0.3909928921372928,0
0.787168,0.821783,0.683806,0.9088069452461939,0.9087000808891723,0.2843325743051167,0.8865399889136258,0.8870605788625044,0.7444251528903785,0.41934785069797775,0.7072553280681284,0
0.0262518,0.547626,0.673416,0.627119620825353,0.7305349718705758,0.11950206509553407,0.8980140325312874,0.021200348052998863,0.6407521518456937,0.0818605879086014,0.7790629989593434,0
0.330578,0.338765,0.662292,0.2185350756787241,0.06640626257251858,0.6660848180894644,0.7268874196270129,0.709469037618737,0.9135263498061765,0.24096439660063929,0.5877890864524953,0
0.935366,0.300027,0.443417,0.41990152863565844,0.8924011367049702,0.8188201302754079,0.1803573413321874,0.8650141967656537,0.7208660565437434,0.30910887479994154,0.2610433460558622,0
0.312695,0.860694,0.215035,0.4253074210383164,0.49293136913432745,0.8958212424936927,0.39453842406026407,0.17165093069261583,0.08257271943890687,0.5454531746375249,0.8014293482059536,0
0.688259,0.225932,0.588748,0.6289627219774225,0.13222997369191558,0.0981287847987854,0.9957168605880664,0.6705073801866094,0.057942156676725975,0.0580543747072807,0.9754715964502364,0
0.84032,0.35721,0.312296,0.184383889410492,0.47184427768193216,0.6933648892938933,0.9073759214891309,0.3525400723627995,0.6511462216856495,0.5570522055851646,0.3720469531624536,0
0.761944,0.553829,0.8474,0.3821714399760431,0.03390378156174201,0.8523626805303056,0.5045176795123149,0.3461099281943616,0.9262160940771884,0.2909742862827599,0.8867473765767242,0
0.552868,0.880049,0.745459,0.631731266670007,0.6811157132694498,0.2496798392308861,0.5914897664789278,0.20899684485415793,0.174400136145891,0.7614471712113587,0.15464350454797537,0
0.0958706,0.773367,0.334816,0.7429145405196271,0.5667593466505054,0.6963994597578895,0.12240966563442868,0.29462209038974496,0.0503798278457539,0.7016451738614813,0.509585370472876,0
0.571847,0.537637,0.65641,0.28146323622358516,0.7484026921552377,0.6555246305276019,0.7550753573425558,0.9067508265928863,0.010432977902738783,0.3149409285020839,0.9931173486416496,0
0.434189,0.66779,0.921785,0.959358867282646,0.0699570095681884,0.9077123685608415,0.39185417353886176,0.26264844177611446,0.6857638536480034,0.2827702173934319,0.5043051849689014,0
0.216983,0.198033,0.05553,0.9201858660430678,0.11357884369553395,0.5765033884877043,0.9805169445017786,0.9754894455042462,0.2788506835254876,0.6910774986425035,0.9358514489300899,0
0.984404,0.711611,0.381517,0.6094787127211182,0.16247695056321199,0.8603766084765353,0.14463996161711767,0.8558881030325557,0.8983723048885965,0.9536986108595797,0.13052320288817376,0
0.222427,0.0889683,0.568055,0.1474303126046007,0.5961717118012376,0.3764799457700698,0.32467347377995603,0.2281046905971552,0.8074996912663219,0.33962177881254385,0.48496986136989473,0
0.528751,0.683294,0.744362,0.4605529080653794,0.5185348741905093,0.642892253065909,0.6849925817580983,0.10767705628922297,0.18095648602723513,0.10290319245355606,0.8704753575405789,0
0.391712,0.820416,0.575795,0.5117125624315093,0.6416588742639853,0.8202923506038419,0.12001507962806823,0.16604220898258326,0.7419571436823316,0.2324811386333755,0.6836565621042383,0
0.68188,0.544957,0.733746,0.27008015625190296,0.16577756289743617,0.8907073724200897,0.28815070971178636,0.4890313963108347,0.9412196190933384,0.8441724612563284,0.5046313055670493,0
0.259786,0.627759,0.212657,0.2437268374546918,0.6345089536741293,0.23363256652174136,0.15901006552365204,0.4937524347673924,0.1645472676519818,0.6139210225512194,0.11103391069663437,0
0.600602,0.167363,0.158306,0.4288550945353301,0.26715379382981796,0.48001303277394747,0.4332952999309593,0.24686994230813142,0.4486790267012536,0.7569542460991504,0.6263927926506412,0
0.108136,0.629384,0.659636,0.7889358965339883,0.46874232814034467,0.011157784568903928,0.3017738168583146,0.6761039391875193,0.05756095508939052,0.5644100705891802,0.825148741259732,0
0.770471,0.288047,0.164464,0.6016016020864966,0.9999931026152881,0.30383355684047986,0.5936000861737737,0.4157314531258467,0.6512221716426915,0.7946273011147429,0.8373330157796429,0
0.846627,0.388967,0.557971,0.25102657746868406,0.8852470829093483,0.29805621326166654,0.8322005507655444,0.032872513312012686,0.7416829911864778,0.32332276233738,0.7291322427665848,0
0.515292,0.759379,0.195477,0.047395015618734604,0.895179873099879,0.8634944005235362,0.18620048288645208,0.17905997990131506,0.2772156262069093,0.2461012216804893,0.9540583514177797,0
0.510719,0.273062,0.764227,0.397196438332749,0.41632759468010117,0.3149393408929989,0.7684681208068022,0.6231598680052431,0.10157773588494046,0.24254288688280545,0.00143122839739529,0
0.87728,0.0628116,0.168312,0.3385600549994535,0.7715230133347138,0.9734388555019926,0.47548797181815894,0.824823860710247,0.9496552688299734,0.5484422184802581,0.8592961098586974,0
0.699393,0.889226,0.641354,0.8014778241055233,0.7449822068098996,0.8789471993784465,0.8013874910085197,0.31092157044227997,0.14913559272423205,0.025314455901859545,0.472558363464202,0
0.957493,0.577392,0.607835,0.6380893406997775,0.7074489948108453,0.1315274787286399,0.13928461775342738,0.6543543067025559,0.18783589432771375,0.3668172709537446,0.08734310182185256,0
0.117144,0.180932,0.97583,0.3983322977795529,0.18874232815275793,0.8239392728040267,0.5564895430167895,0.8318806250151454,0.7505149258006433,0.9605035603706449,0.73990514985873,0
0.975339,0.145843,0.275308,0.04423465343973876,0.34872241495384004,0.0859641039069623,0.21384865723581004,0.7189310613229817,0.8915482649292374,0.4775530353317674,0.022112645098853467,0
0.724067,0.315875,0.0896353,0.4172590216413451,0.4691433325051808,0.39208830619244983,0.1771268311008597,0.40058960562924284,0.2971755151353248,0.16394638717907384,0.31082049963176483,0
0.461279,0.993854,0.707926,0.09519777083373393,0.3325344510964483,0.5716914044761523,0.2771757383069384,0.3247724590354133,0.9883347170879215,0.9519308116228306,0.28354448328250526,0
0.787745,0.312337,0.341475,0.08617245817162578,0.5997708772671537,0.932388125373617,0.7899178551429754,0.4259663919954998,0.03652543721541457,0.4441015485922989,0.4419920965686339,0
0.985274,0.975266,0.732841,0.2716426422536503,0.9757207451426265,0.02892083550345581,0.16807795134942694,0.3262972165560172,0.11658282632031036,0.16104021809810076,0.10671462507492302,0
0.789893,0.0595707,0.166389,0.6565925611033223,0.6613399433960943,0.3868757093960309,0.7795009560604367,0.06069817389508103,0.12201764042090912,0.822156414157568,0.03396639674491919,0
0.611179,0.318956,0.631182,0.035638659727127764,0.7272301214560918,0.1779107029710143,0.9063903753333211,0.39805051086728493,0.23450259952804053,0.42183832770581087,0.5214741459379779,0
0.23559,0.571405,0.246766,0.6737855454567065,0.4748550457598113,0.4736416114772257,0.8570477034899389,0.9511757725579043,0.9339833381735763,0.45691126753917766,0.5951186079767662,0
0.542822,0.544444,0.749897,0.37409102403474026,0.20557882623315105,0.6386980929660668,0.2718405939873486,0.40299410142906344,0.9264345725465221,0.5255736821206807,0.7820975681582197,0
0.845149,0.298742,0.883375,0.35357338403099603,0.03248910619885448,0.30458628856849834,0.15976530454444005,0.9030024900397966,0.34412868831277654,0.2358741486571948,0.7450144430125806,0
0.409187,0.63958,0.743084,0.7119266285628228,0.4017129981337807,0.010001030119149767,0.20836954005051012,0.43021643279935695,0.791696153400882,0.6074821763441304,0.5432176166298408,0
0.278208,0.988429,0.00477712,0.5945985198207875,0.8608932898774952,0.6597504501479884,0.06558125035483153,0.7914784933425165,0.0009130849753302694,0.9841430670731095,0.9674127325260496,0
0.428918,0.00321025,0.618438,0.6863626120986728,0.551550385645823,0.14803439305177102,0.21949316110521122,0.9501925138041679,0.35349341099281106,0.23977281483905022,0.4138192193035063,0
0.0336579,0.0689823,0.00169025,0.5174267015648396,0.5849803504914707,0.8278867091305094,0.18049216404152846,0.8127573490244155,0.33873194077158464,0.4057402715566587,0.6840052039033784,0
0.0130973,0.473925,0.95826,0.4567396901431471,0.12712787219343846,0.5572483405897585,0.8425118627255758,0.35879616013680427,0.24268102946486114,0.9219012422506533,0.13388288566264095,0
0.86915,0.0181151,0.898392,0.9662865893880642,0.48855224344479076,0.15132690769463553,0.4054539360483802,0.9574718974634548,0.1991169130175704,0.7061737283840439,0.42613552157251855,0
0.160981,0.324608,0.998097,0.2995149180692137,0.9330688596236172,0.6090092132254588,0.4954815611230228,0.9045936547694923,0.9547511819653938,0.666588823921296,0.3506179595892288,0
0.181952,0.669985,0.342096,0.1601997831662585,0.39259243177910896,0.3097244945443831,0.6836715920121014,0.8943686756458493,0.4730283925615647,0.597339133556602,0.23613199521557637,0
0.493778,0.645737,0.373628,0.007017265032401743,0.7980551613588833,0.7005392188661277,0.8153618474341953,0.6981116556908104,0.621535279792568,0.973782458351659,0.6110148529383652,0
0.0458867,0.679199,0.0124581,0.5687287766312031,0.5993623487281289,0.31722653838634873,0.4276272641093418,0.13322863982547417,0.5981948886107323,0.09356761065140995,0.15359563840450507,0
0.601506,0.479738,0.433824,0.09482501494044093,0.7788883064188212,0.7430623017620792,0.617378326591387,0.846414290203649,0.6431913445180878,0.00614916116015507,0.2671297486765595,0
0.250022,0.859113,0.985632,0.11868240547674924,0.9072232232177732,0.7551022706744747,0.1913690005288713,0.8488916174371581,0.6824059849453366,0.039678970913187284,0.19683097571273855,0
0.0984189,0.347312,0.672858,0.974389400349424,0.7514983467387876,0.46904293669176766,0.2707980892722066,0.394868823505517,0.891611965978131,0.6623140164132533,0.5441510573105179,0
0.818429,0.844635,0.276269,0.93993913051964,0.4139967731334999,0.7748220698103068,0.8353683089311783,0.8350450516492046,0.24715019755448364,0.41170390671544266,0.4891443139148314,0
0.560495,0.582945,0.0305297,0.1331850382257601,0.5026955297414052,0.05189602724291531,0.36793565392134486,0.5754721927175136,0.28826038268476584,0.6329115746800407,0.7343516950815875,0
0.187407,0.00819836,0.172264,0.2535181552385597,0.12823191962197988,0.6709522371396474,0.08733895482951759,0.3261184265803678,0.2011291127103363,0.6776207969588637,0.32628393374206377,0
0.955287,0.345431,0.985643,0.9183633715473243,0.33167560817998043,0.6044518487298953,0.20458358341452643,0.2562974802749437,0.8757679969802911,0.3933715086136954,0.7627428117043569,0
0.213032,0.170724,0.54422,0.5040358160108508,0.23265326625734395,0.3013383582791429,0.652629257159365,0.9432388897937553,0.6704245225985596,0.01347210573184665,0.5536409194363703,0
0.330609,0.0462201,0.93987,0.8769748398376291,0.4585073282021046,0.7326368979147936,0.26355870169546236,0.9483569753379677,0.12065407048194488,0.12201273805845492,0.3653118949318591,0
0.334789,0.13469,0.978187,0.10670192263447442,0.27293718447941917,0.9385131617629106,0.4034560886270008,0.8425158165455697,0.06010544449556732,0.5262414330664645,0.3048604131110497,0
0.721863,0.647318,0.205452,0.3138064169223478,0.6710031074791258,0.5062422467755202,0.8083410945286778,0.12493765040466809,0.721298725257336,0.5691404932703047,0.30053365857864145,0
0.924649,0.85777,0.215398,0.5764948719098236,0.6219482681003506,0.7771694487719794,0.7442910120263185,0.7235972739904994,0.10825498162628377,0.051958544054319544,0.37611970675667294,0
0.899279,0.521912,0.524588,0.14720027899891752,0.9983970951643513,0.8192662080159681,0.27142858562730676,0.7703871918965053,0.9585824666418188,0.44087535115114374,0.18320974508022214,0
0.642278,0.507694,0.887469,0.6615979034761846,0.33306415642850307,0.5116902914594135,0.5801592196036847,0.6394373329885541,0.8709877028098497,0.7090624071777393,0.9292696834782104,0
0.418108,0.251838,0.528233,0.39315390640610703,0.7157295781748801,0.19479936688313604,0.9854703826740048,0.03414974645165825,0.8640866522680032,0.8378821401240772,0.6595960927008634,0
0.551782,0.391687,0.633077,0.7924043795529634,0.21608552350731836,0.9500915007695017,0.0931760753108194,0.766444179857928,0.8101430310616549,0.5193730250668316,0.9615738692333257,0
0.403137,0.65737,0.404691,0.1416687168590246,0.3020137003446973,0.9299623733963047,0.017036313112891,0.4427311910208125,0.057936576747265156,0.6299511389718917,0.04918944107045675,0
0.73141,0.843425,0.871117,0.22331005841546836,0.6219133940597947,0.1403159688336496,0.1571947170184821,0.3885510914006767,0.06127331475360931,0.07146752966964853,0.2180060918144633,0
0.452552,0.291355,0.188648,0.29751655362217344,0.7026001968007983,0.648139897965,0.5186368681795581,0.22139645733692048,0.04912972666707571,0.3154281373153891,0.9996564531724822,0
0.153839,0.399904,0.223779,0.15303844640116637,0.3348801929728912,0.8270859119742233,0.642720781194527,0.2448531977847349,0.3703773610505213,0.31968529900742726,0.36626132969038916,0
0.821814,0.759166,0.00349528,0.5484789394743106,0.735445525636697,0.6258715938805194,0.3785960144516475,0.11297763411880135,0.813334726360227,0.2574111048639395,0.3243218806340157,0
0.260548,0.0848001,0.480946,0.6011117122305764,0.10428268448515932,0.4198257110482352,0.11512935364768384,0.8146963531052409,0.5414285725176304,0.22382462691893545,0.7408151752296864,0
0.540283,0.457942,0.978226,0.47764975275616595,0.8315621366300135,0.6232837308505574,0.6249791886930006,0.8794598966544241,0.8989424664824698,0.38085082742569365,0.23293901998719324,0
0.834378,0.837104,0.30318,0.08692730245453462,0.723131063015445,0.6959830009613794,0.34316184359094604,0.37602773256822075,0.3963561064968337,0.8195047427065041,0.35347307720933885,0
0.216948,0.927735,0.193422,0.8667467049787776,0.3568838784553323,0.3917189446747116,0.9582503460538497,0.2584339381391825,0.618801465230089,0.023913610788339756,0.7484579014635865,0
0.323774,0.469773,0.175796,0.4478674540113492,0.3496442324098017,0.7939000865452056,0.9538983177394719,0.34306309929511913,0.6710968821876794,0.20292420402492128,0.6492705950100338,0
0.0251244,0.999607,0.241739,0.16664493576887096,0.5732387410234007,0.9509357276493084,0.6270185177009739,0.954217845347202,0.4985562241460575,0.36326477869391893,0.4721220416156896,0
0.398064,0.515047,0.572661,0.4238556818362802,0.34421312699189055,0.17798627524186073,0.40623993301962535,0.3914875213922039,0.5005118048780175,0.9911855423930708,0.0779868062217266,0
0.196702,0.119446,0.481281,0.1803280028475407,0.8123598268064179,0.44086535561420226,0.3669355269799244,0.3246147421176787,0.7249103591799305,0.36099934771319175,0.27187750230368546,0
0.242153,0.267911,0.777006,0.5180872721409857,0.11329079224419047,0.4597865909422064,0.94110024789717,0.3318495818500342,0.03972481247057258,0.31233009320506055,0.6420340377345455,0
0.796354,0.272686,0.19633,0.40249066649925447,0.23726660493897356,0.7133294338960019,0.7909991801404223,0.33915698279954565,0.249113945982962,0.2884038758667159,0.7291460826981536,0
0.523939,0.920991,0.29485,0.9043042067252323,0.030547426341389405,0.24462323742954406,0.25534630648510703,0.17563452225913712,0.00883376570657779,0.7038733427010255,0.5303234251646057,0
0.0864258,0.700685,0.207746,0.14858544823741482,0.36136771903172304,0.5987332884620584,0.5282799685536569,0.7670395766361721,0.39198965296346655,0.09621143850981617,0.3785031636168136,0
0.223223,0.861864,0.736212,0.7471223778078778,0.11990823139327345,0.01185073130249581,0.6007223523974906,0.1469028406514029,0.4875245353748098,0.8845747426284448,0.9121553888640499,0
0.0734259,0.209829,0.806564,0.7155508017912878,0.8455100182871542,0.11977213186166269,0.7141097009659827,0.3859303879685321,0.8286817278120976,0.6880404966637501,0.08818292255490023,0
0.745864,0.79288,0.817858,0.8061104631178095,0.7472321187440047,0.3819346123716161,0.626781721197775,0.36827489482773357,0.5275583749741727,0.4344584830959707,0.46522558917570245,0
0.294742,0.140157,0.0994091,0.5817975619882999,0.7410713604598906,0.8020265071686746,0.9555651691815117,0.978409258204519,0.16821396695911994,0.6866160276673888,0.03088446401508249,0
0.959069,0.0988955,0.163761,0.6986815030652661,0.23519792602730816,0.1779887112361782,0.6604007551764136,0.9139928173933812,0.023043635834868903,0.63608982685817,0.9423345468874581,0
0.407088,0.582728,0.203635,0.8873624906457235,0.9503278158049631,0.6141137636475245,0.998605660351524,0.0170144681996367,0.883058162315748,0.5185044647676522,0.7012910579495639,0
0.220555,0.795401,0.723962,0.21695590538141685,0.4652167953245624,0.7150704229004662,0.4730341947755232,0.7405084430529798,0.5115417028688964,0.7124739452487262,0.41147305841565707,0
0.0351405,0.538367,0.384981,0.32728971402337226,0.7394670249605223,0.03240573473346808,0.03904760920725092,0.08323746393002318,0.5582485871469307,0.15189077367811077,0.0016482113996705294,0
0.403872,0.28847,0.166515,0.6805043013297718,0.3044943785016513,0.638115244996333,0.2754879272711618,0.018236259214094996,0.733556201302176,0.5514689781521875,0.34423227211133056,0
0.195925,0.437827,0.0562081,0.29011425865617557,0.40947808135194697,0.9582276153920666,0.712574185560267,0.7466431451988137,0.21075995807345027,0.9014626757503701,0.863597757647291,0
0.41644,0.174839,0.226699,0.8202359274845856,0.507185859080914,0.5742452343318106,0.40364369420753565,0.5996545906160765,0.5223569357189544,0.8258638581082983,0.2978011788412177,0
0.272367,0.198569,0.547379,0.3604558284205702,0.45528492821644084,0.6086918192597186,0.550178804408963,0.3262492682307886,0.9650635848611292,0.9305778346577849,0.12876532757036774,0
0.176577,0.297923,0.570619,0.9422709282824047,0.4797136622487631,0.5042975901028524,0.6252706214368777,0.6487787591096605,0.8951250897599063,0.9281714129778437,0.47095585444132904,0
0.274317,0.00425399,0.103661,0.008556366123780967,0.3968468649327215,0.9819000056221124,0.5684700660976783,0.9100073094036941,0.018318397377058204,0.5452480737564126,0.3005795461111067,0
0.579233,0.564892,0.207377,0.8045383206114874,0.12112563662518006,0.04520019423020116,0.6546269403663658,0.8499427703133992,0.052724895790812965,0.7862586432047655,0.9446995817588983,0
0.0580999,0.617193,0.655026,0.5347312314100464,0.3807295620913055,0.7932031395732374,0.635141108990713,0.15042949715847898,0.742764937463492,0.14321574099357082,0.5627882334492496,0
0.340493,0.744181,0.132927,0.15503389883184737,0.9547681744934856,0.3721498285662561,0.8049301455948924,0.43582039097511194,0.6270807246764964,0.535291194077769,0.8082525194881331,0
0.918636,0.0176988,0.641323,0.48676806063210676,0.5133207464847531,0.9757168279598621,0.4660749026930283,0.4019847390789538,0.5449051816466242,0.5313529460006393,0.5727934571328241,0
0.963278,0.319727,0.254161,0.8518097938791176,0.560517617572534,0.4616502899658287,0.950485647034255,0.776122540066403,0.1160505633392247,0.6328453707332227,0.24942376878908223,0
0.271567,0.314085,0.41998,0.09511204635423487,0.7603503291290342,0.8664412959369205,0.9605105105807945,0.5660553056329863,0.1923846381982406,0.18011325934209466,0.6593543533758391,0
0.646094,0.811914,0.683939,0.3415367800934921,0.9242981702445319,0.14686290786236733,0.5848958163598045,0.5712632825793328,0.7064702046078178,0.6853403775206143,0.31165269555732755,0
0.217631,0.183193,0.415162,0.8612424677456567,0.6139038132090395,0.305601096317225,0.007614249705528708,0.30190521558609096,0.5310758774839495,0.4771638914355373,0.00010903210723234302,0
0.186707,0.310813,0.389458,0.440548532616135,0.40961579331175024,0.8988204760869253,0.44610163953645365,0.22582787788975045,0.11363569037109911,0.8131081825916684,0.757743852827893,0
0.829264,0.268357,0.535655,0.8031182207768724,0.7627040773733096,0.6639740194279148,0.0658557918607191,0.15355752766028574,0.5026984155804934,0.13213578978873886,0.8789567329906217,0
0.722186,0.185976,0.589129,0.23535714860110302,0.22021504070158537,0.28735618536410745,0.7493430389016176,0.7665175005164303,0.1456069850352606,0.20990885024806005,0.2651481175484385,0
0.731658,0.184196,0.62569,0.9473021447708623,0.5624533094394063,0.6915101187767492,0.14122710574692965,0.030926176769766944,0.6325778822528086,0.8398039429059619,0.09716041690347099,0
0.732784,0.0335851,0.599381,0.4870850148599556,0.1398176335389496,0.911201906581932,0.49446115752913045,0.17744688612045623,0.2940738509083717,0.8523545566620624,0.3758911914148033,0
0.237464,0.293259,0.117977,0.347631951350454,0.9325828408341021,0.06767267799375465,0.9275816157166248,0.2733112271614575,0.19609789506866626,0.6163233477184629,0.7831617389041559,0
0.559295,0.578728,0.492854,0.9784415204267821,0.9136285194908426,0.8753291480356206,0.6695125425519731,0.28594936811932525,0.4692453702514696,0.9860103545419674,0.19913162849360755,0
0.84185,0.614912,0.46473,0.42866365373870985,0.6188823923911639,0.5505874407035374,0.40724429940756246,0.10631463354600745,0.7138242163774077,0.3639761850399875,0.346357006666718,0
0.123424,0.918921,0.42677,0.13447803306786732,0.7443759185144044,0.18871814098123152,0.31400648421846966,0.10469358497545245,0.908556267957638,0.2782062487546132,0.06457118549889052,0
0.666923,0.126459,0.922667,0.13982065507581354,0.739030029099023,0.647278360285186,0.6298983051223296,0.8094280666173223,0.3144540849122536,0.863585862835809,0.3917070473215092,0
0.952731,0.393177,0.532233,0.37102658075688,0.8436613588006435,0.4875276236053958,0.31161471949988495,0.551995948394471,0.09259759846197879,0.7707989296843628,0.9222007388890854,0
0.0795457,0.706646,0.393367,0.42954573026672216,0.21028185384147868,0.4506513430281647,0.9127174730472253,0.2801092933922136,0.17730813171643112,0.1500127721291532,0.4905742517688392,0
0.912107,0.769542,0.48022,0.4554182906037042,0.08603597757814763,0.47743602553869646,0.10843711131195988,0.2788084820285981,0.8295932591607531,0.8237161495506403,0.872641668071746,0
0.688494,0.968278,0.446874,0.36719757434069944,0.45153122941683466,0.8004593821019388,0.8880295710563192,0.3733567599001798,0.4911494637265823,0.5804573851626017,0.612232268321653,0
0.225308,0.894895,0.324652,0.013750268787148467,0.4033975983689966,0.5168150639152203,0.15098194329889192,0.07188296638022329,0.08072942052026255,0.821081671582379,0.7341176729961624,0
0.990224,0.0858927,0.715726,0.5877530126955444,0.7726459351202085,0.9689015010492508,0.42149348315780377,0.6271686850671541,0.11556473604089446,0.4945974139965531,0.9119045435954793,0
0.64497,0.376659,0.828875,0.4801571386029376,0.3891012148011539,0.6773595078668708,0.15174653194742016,0.5307102570774709,0.5195879895161162,0.7630452090241578,0.234845246564357,0
0.250186,0.541752,0.601099,0.4024948050372741,0.5994158487479732,0.9303460542976363,0.391609711168866,0.9543578281572372,0.8709920835238028,0.9912362223871369,0.17049813209888676,0
0.504983,0.495306,0.773191,0.933995258231703,0.932345715151418,0.8305257369118931,0.7785026647273255,0.31063867480270635,0.3971465418990723,0.5746714659556763,0.3342365077331192,0
0.983589,0.749701,0.584131,0.4922137549709269,0.2984149340876786,0.8265657341304464,0.01372799062844332,0.9292859236289688,0.059518476117202956,0.2272782435008961,0.4501834031919323,0
0.817748,0.298063,0.588745,0.8642527339843465,0.44207246982459925,0.0036024030343675406,0.6861362476316293,0.2520544925183361,0.4439556394264693,0.07766484766936144,0.9444119593964682,0
0.151691,0.831351,0.709969,0.5162536967962077,0.6551902476890887,0.5413386401571468,0.12634027578635643,0.23549162228931242,0.8884585330877363,0.23047229710544181,0.518365911689869,0
0.423589,0.174068,0.565245,0.6172215612058646,0.36836972752320285,0.165176229205111,0.16219850783126455,0.09972067074567414,0.6259746105667016,0.46982650748209276,0.2772424624230784,0
0.957996,0.290098,0.481408,0.9571615288036188,0.8894803546358891,0.25377052576304393,0.04440623615091588,0.9456110611493576,0.7123384925474033,0.9630600494630902,0.17273724562401993,0
0.59403,0.973075,0.112714,0.21338969372068917,0.36176149634923604,0.15856592845052975,0.7684394896585135,0.58281407634487,0.264372315063495,0.28921208669842724,0.5174041669491133,0
0.10426,0.572605,0.567186,0.015277885615072151,0.9694617269032345,0.0838320644963938,0.010896354930600816,0.42813591098146664,0.0991488922326127,0.4100408860497078,0.7440272773869114,0
0.271848,0.908679,0.611035,0.6139759971287246,0.9308318197176373,0.12590758362507903,0.23353543795521425,0.7354509128866198,0.8217952328138893,0.7967662440492047,0.4139369026600015,0
0.865668,0.320752,0.232133,0.9166587915274735,0.5384382429133009,0.9606721770139639,0.3307989925533139,0.3217113881879541,0.9208679419860244,0.8838014604987173,0.1004862319310521,0
0.362665,0.33651,0.73443,0.5566747188205999,0.9768455255543019,0.6342463434141642,0.5900114802828514,0.2708647635995912,0.8193223903023351,0.4909813932333039,0.23147412413631996,0
0.796857,0.387991,0.827304,0.2783487816289082,0.3573065750831338,0.7604519270496343,0.8498729112787484,0.0033820264848021253,0.6915462328955838,0.9698555782968472,0.935215945708492,0
0.194648,0.12658,0.26513,0.4279596401771454,0.25863968591519926,0.4118036097277282,0.640786042422818,0.6999098562228314,0.07800072399765501,0.3505042233313942,0.9198577784166326,0
0.454465,0.34167,0.385124,0.6322270997614449,0.7961661576147905,0.7653011003282725,0.4637586613423711,0.8583202774745183,0.2804514170528952,0.09237653559266701,0.8446010708674077,0
0.799398,0.694664,0.00639174,0.2611971559905606,0.3272693193659504,0.8265605122352722,0.44716124717722494,0.5827656335577771,0.41420638833584744,0.2069731835882217,0.9225624957417738,0
0.240341,0.5047,0.408,0.27411964411186773,0.11489694727695599,0.3385451649473733,0.6457330360895238,0.9313591336467201,0.6718911045224819,0.08448478680835803,0.07231632903957597,0
0.85035,0.462559,0.164568,0.41881050855425417,0.7804768662855758,0.21817036643723275,0.9167436540269281,0.21169281451471222,0.8455211714450248,0.18465917714362912,0.5730904316137861,0
0.128715,0.567151,0.244558,0.7654190994741938,0.909723423376243,0.5039798443795589,0.572283028914764,0.7413461892795755,0.6101481272652821,0.12959355594257094,0.19284469408798155,0
0.894467,0.209156,0.444568,0.2541402865138256,0.6706721087375573,0.2782193754018102,0.7186506736021344,0.6981610552975539,0.13303693723473486,0.0939009260510485,0.4041944352284458,0
0.96843,0.0414048,0.841181,0.8604222843505847,0.6518413418954255,0.24250254335387011,0.008553300521066953,0.6591060482578626,0.8492835482735832,0.7049459114915555,0.5864168550302534,0
0.359133,0.477373,0.804891,0.72344375188296,0.24916140985348512,0.8115456975137229,0.2657006707981182,0.12103316813417231,0.8018486231478652,0.8532798932465736,0.5457719399837162,0
0.708904,0.793315,0.189256,0.09134136182910513,0.17575918810963442,0.01661412329590828,0.2796399872256793,0.7599629768649155,0.6133059702246415,0.5502557094297923,0.5154852223386868,0
0.832899,0.0645491,0.435236,0.17975801165537597,0.5729475230089092,0.9758358536608266,0.4474041697218727,0.6264792483147757,0.8182618008664773,0.7831024586612586,0.19797182552346804,0
0.547874,0.4421,0.736651,0.8317273874531852,0.5236983584379017,0.14564973774152323,0.7061567478323831,0.5392460468714585,0.5610558687194276,0.8622926969994631,0.38240579981506306,0
0.207948,0.879542,0.448138,0.026126208505453552,0.33661552478784507,0.4578006333028224,0.28587593133835165,0.11645066616128541,0.9147048369896161,0.008083758018466725,0.48266524764733265,0
0.127886,0.308468,0.162775,0.0791742067664345,0.9916526096932575,0.8826220897502068,0.8160631709328635,0.2686508504839652,0.06220043041299561,0.7972009449378444,0.5310706129157657,0
0.82093,0.484759,0.772855,0.9545645164154514,0.563735852975599,0.8400042045938552,0.3288258459180263,0.7295111028582002,0.26041274143066306,0.35014236483420924,0.3874046045106935,0
0.822678,0.278224,0.0918029,0.9633609234472202,0.8151836535153424,0.13385572991822736,0.13497737419140554,0.9157258863252123,0.7048434708141242,0.5928376965512249,0.8529209711173333,0
0.802832,0.270258,0.73666,0.38897525138278144,0.5921567865408268,0.6523022378699118,0.42180464504445125,0.16708265074042616,0.7026313384932891,0.7988180363350454,0.8150439673246317,0
0.116658,0.376158,0.217112,0.5530677753024051,0.5525101722296971,0.5324901220497167,0.3408801257618528,0.7377190150907784,0.9995296719307503,0.30688575388634143,0.08617072969392148,0
0.0780168,0.720257,0.238829,0.20929097459630563,0.9081180602585711,0.7093939880824195,0.5427129770513892,0.513366699523075,0.5927426899456146,0.1556803086497106,0.9707523650066486,0
0.592594,0.0826945,0.0256744,0.1008813049865861,0.79045713734889,0.20138487113861614,0.19630924231209523,0.5518102391734716,0.8623782845625845,0.8889839912327436,0.31854286384003905,0
0.411777,0.502333,0.0799164,0.7351525465464434,0.741658605261429,0.7201025316728198,0.4111062321811324,0.20837278745643284,0.22899693819549005,0.5699269379309423,0.5336547308894567,0
0.339452,0.52983,0.797864,0.27431171615992656,0.14827773096150687,0.14422913569781326,0.2710490574570269,0.22282982984668498,0.9219711334393788,0.3014594062044387,0.8163917454095665,0
0.631439,0.00854167,0.267284,0.7170983537006568,0.6982579662389329,0.7659826094703756,0.7530104674479884,0.354882593336446,0.5746763169349094,0.6667830246022922,0.5767783938785525,0
0.13036,0.352569,0.363159,0.7168519903066787,0.7494473852011448,0.8679680743107321,0.6819161711688628,0.6121200805584429,0.793027533129819,0.40305883865801084,0.8692089223408443,0
0.530979,0.580835,0.829098,0.32334184762789775,0.0780956617276416,0.29057123168493615,0.32422223404518424,0.3349252203837132,0.30184691730969737,0.9236241350257075,0.8359564775053918,0
0.416492,0.0020461,0.538289,0.8985744781284146,0.6570495128024619,0.2853044636809169,0.5111483565630636,0.7618377335150134,0.49693300143510977,0.7266498507741603,0.023100542088740794,0
0.115829,0.166951,0.502298,0.05677232607629468,0.6001999915777609,0.026010218327615076,0.4536608367508883,0.3167237182220798,0.6038366179452089,0.5747945986525285,0.7358191418037945,0
0.373163,0.326684,0.119706,0.28297296967841945,0.2860699522435164,0.5790302186323788,0.5858514211425652,0.3131590158019597,0.08267192521277367,0.8853773790384266,0.9931661754105343,0
0.0515987,0.2304,0.781555,0.7689292326317594,0.6640422863416445,0.6355104315813325,0.9572684783090204,0.8868123755576731,0.48522688700667216,0.6138051845032058,0.6709656301666476,0
0.800959,0.121953,0.825567,0.9588527184365354,0.8065632734914228,0.7685341159627956,0.693974844244074,0.3945525995573457,0.47162258821401304,0.12915164409584712,0.46455103667504805,0
0.0841175,0.808884,0.46742,0.3400965166270713,0.6084989465268045,0.0398700462255972,0.868354276709169,0.334939170356106,0.3650795622408797,0.7368235916998995,0.8002087977096228,0
0.501282,0.560951,0.409661,0.9070747034311578,0.6838212897176459,0.6288806622823256,0.976088118095064,0.20604313639769223,0.9571443635248787,0.31195628888999705,0.04633006490072056,0
0.67983,0.078625,0.223334,0.8918237331997314,0.0025557421704148764,0.7593550870403191,0.18252631025695343,0.1464577145243855,0.30412333468453756,0.5336263277716116,0.5186576997561904,0
0.57871,0.613249,0.378024,0.9139214405771141,0.4073033211991328,0.23657944375152873,0.5836427144545288,0.931483261863641,0.8869993201247423,0.5818411187999313,0.3842676860267773,0
0.954341,0.378326,0.538429,0.2104534486852826,0.40216408329341713,0.36350554158563997,0.6409077027339125,0.7437252075158928,0.9277366638471501,0.7850732815974855,0.2713039911728051,0
0.332409,0.871633,0.240758,0.4573490674206253,0.553842492736133,0.8479988065486369,0.2986740595368952,0.3120434606216722,0.04490269597181584,0.5498340821033632,0.5582052003769294,0
0.656269,0.0449978,0.567413,0.11766900446183759,0.7098273709647078,0.3218076638126868,0.9192475099810593,0.5379105300794392,0.8871883050173074,0.9082719600023692,0.22025732857912217,0
0.256597,0.931802,0.762635,0.997994969151949,0.22973189454532883,0.3812832185227698,0.7544985729136016,0.5361302371169603,0.0005930952333410566,0.5373554029765123,0.016496722843137746,0
0.458252,0.0162867,0.438862,0.9346676597722304,0.8777296106924515,0.34488405253802357,0.8712201947016757,0.8815008241467945,0.9169883384683724,0.24597555866146892,0.24612464293065384,0
0.827257,0.564757,0.478116,0.4208066172569459,0.24730630041249224,0.17171656147174852,0.5519584132116622,0.7877406173568329,0.1825286339689468,0.6827968439783694,0.1036833627894852,0
0.0767784,0.340831,0.455937,0.6143954154067074,0.9126801116665108,0.8215347961244249,0.5887481625279756,0.2582693947036123,0.6186298975492645,0.2547414222470932,0.0975699427517771,0
0.36582,0.227166,0.844886,0.4903022142610044,0.32069159703209715,0.1908451336720124,0.5094256312951381,0.7952873145720358,0.8858472591741524,0.3345724424983214,0.305370359010377,0
0.616565,0.246478,0.929291,0.7293624893535814,0.9053453258446219,0.08227896665064416,0.3180981641204337,0.275850727007958,0.7849263780685912,0.7154670204294583,0.8148427423844253,0
0.506059,0.421259,0.425415,0.1800861047199368,0.14292892955963454,0.6570070451268162,0.18191149459745426,0.2937647564932955,0.6051182009784779,0.711671789630998,0.1486039299061861,0
0.791177,0.259884,0.7295,0.15054040651934752,0.13740210116829188,0.5327353009386154,0.23832003029815196,0.2199204413391066,0.7718306270713347,0.6295301557955967,0.18952648715330145,0
0.895813,0.184883,0.927205,0.3448959423602461,0.687547991143826,0.18254135373551794,0.9501492227627372,0.22669481304635897,0.5149920648566793,0.7291610185140828,0.17216844262421205,0
0.870289,0.183104,0.709102,0.22985264109838166,0.25196175467716464,0.04780300378384772,0.8320871247281845,0.8087980927791646,0.9532336284119503,0.5114449705436201,0.018992760205525094,0
0.623695,0.0500905,0.737486,0.28817575741170887,0.06532336523214666,0.5380215623585997,0.3178535167176022,0.5991886322435271,0.8704031978832062,0.770103489573818,0.00587947293836677,0
0.562363,0.125832,0.922375,0.27047248487528897,0.5476274218839599,0.1613907943163112,0.2422821017739969,0.3119036644148976,0.27075182066188597,0.8885303680421756,0.8716897717473568,0
0.903473,0.00511258,0.0486585,0.1440814572820509,0.4051019051486914,0.28908697038093223,0.7536990003283282,0.41493819265118115,0.5999831759712599,0.38302014843194887,0.38415053081284267,0
0.0606997,0.304923,0.626837,0.37142146380804386,0.945529126249026,0.115716548741022,0.6769365040746051,0.1082443334637605,0.4833122251853531,0.3321851955509961,0.9389760999201772,0
0.122537,0.577508,0.0529516,0.39663806039503247,0.9159023417522647,0.7361034920756729,0.9071904015252134,0.5896162738972996,0.3234517755902603,0.09464798625913518,0.6310444319481172,0
0.630569,0.737537,0.401089,0.8435175640575541,0.5125305019368731,0.7085914403688724,0.32359259416874886,0.3172180623304065,0.6321220245147324,0.5846481003918581,0.07677595395144654,0
0.121042,0.555995,0.0102323,0.2096424263192721,0.9866020668756569,0.7775156437250159,0.15165452846149774,0.5706070787568996,0.4461999507193998,0.6651550961026766,0.11639996052087864,0
0.719032,0.237311,0.544208,0.4096698500805568,0.40802654269743255,0.1625658364711885,0.4610977458793206,0.41866600200578064,0.19555101727269153,0.759564957983262,0.7071464842591083,0
0.177673,0.316493,0.920479,0.2958973291076378,0.718619051893173,0.39582322035969875,0.9306037453100406,0.3757258729719849,0.05223173475533027,0.17296999003784574,0.26275455497888767,0
0.128336,0.963922,0.140551,0.970547825214964,0.43443264019387284,0.6858880919011207,0.9667316433744219,0.7204202797894841,0.7297410431317468,0.8667746159347155,0.7579079921994964,0
0.569145,0.374467,0.00158226,0.23795930182966285,0.28720641147316917,0.5277833141859679,0.48388570130944975,0.4947082099134167,0.19356368737906915,0.8585244479752087,0.7178393466666537,0
0.0124867,0.0168279,0.0147047,0.08197015925910178,0.30166153815418917,0.5165250803307535,0.1588597257804032,0.6317877727935963,0.3315305653937033,0.9690085761657433,0.6271115572900297,1
0.00483582,0.0209468,0.00211825,0.4260986191783146,0.7748966127118917,0.6201030828204847,0.19217102812219766,0.5305854913657367,0.20332186296151966,0.24215062042218571,0.9795430247314012,1
0.00490232,0.0046182,0.00073723,0.6241513182122587,0.543743621706571,0.7593140335284986,0.9349908789860081,0.9031238808886279,0.9902443868368661,0.8136299533086756,0.5007660435024057,1
0.0286837,0.0176639,0.0123437,0.16464682104743944,0.2999003572578206,0.9796788930682176,0.21992610201355567,0.04491223367417507,0.05520036893413094,0.724129283308843,0.035292625089834995,1
0.00702655,0.0280092,0.00964641,0.04493843454988533,0.6109151268629653,0.7476426257101079,0.4879867659806809,0.49951685712242166,0.49055983924126456,0.2859133825501724,0.29969401987923716,1
0.0173178,0.00477695,0.00680757,0.6721398419208706,0.15634346091487017,0.14569423823001448,0.9203952681050155,0.06716124251404987,0.15693805025668606,0.5249182515479974,0.10445850508991006,1
0.0205989,0.0381046,0.0171923,0.6164122851360591,0.7001051767014619,0.05915555600720446,0.29776299967466036,0.6785954277864533,0.12688180671785299,0.5467600395489935,0.37963461821960953,1
0.0098086,0.0116934,0.0294644,0.9688606879319893,0.9220093847029601,0.6616825033408223,0.21454286831455371,0.7996438422100697,0.17743888660656648,0.9057372016712201,0.8457890722216743,1
0.0104542,0.00146647,0.00450424,0.6480548551816507,0.12667536612911,0.3120890204340905,0.5306582834383586,0.8800876721059216,0.8501028882230359,0.6936986034222854,0.16761270792350302,1
0.0196786,0.00367126,0.00140102,0.8348746752539822,0.6591897421481865,0.9698750755876392,0.5946432080578327,0.9582805115526752,0.5563851189826494,0.7481082341346542,0.2562551823610575,1
0.001368,0.0231554,0.0105503,0.5173399717130394,0.6946086322980577,0.8483890313222975,0.796057975626954,0.3580468813281634,0.07056247651420089,0.2075085432425393,0.8152707157232171,1
0.0217404,0.00221038,0.0474135,0.4479931902389298,0.6541096526106939,0.6874643890641035,0.38418904948897226,0.8889769405592028,0.41621106618630155,0.3666442216502144,0.36115584964254654,1
0.0181241,0.00125884,0.00385849,0.21677124990234475,0.051263336466160325,0.14363583553856096,0.6407435384682993,0.19521636426136357,0.7959120046620132,0.9904236261320746,0.6337205261279143,1
0.00473103,0.0058472,0.0182465,0.10611105497600859,0.37408518072952945,0.5284832676220949,0.37881291096828185,0.09499271195797909,0.5790363723183781,0.7842896018159261,0.2563878906815269,1
0.00474006,0.00532038,0.0164182,0.3975576185620705,0.5525707957417525,0.23203261099446182,0.33780671838353304,0.4092808833246808,0.4373622394054303,0.8650358691140743,0.15780436541327725,1
0.011494,0.0136893,0.00990111,0.7834517312340344,0.7956544236632427,0.35217861963214336,0.019019545909507607,0.865025602049286,0.6219371782350214,0.4804653344317905,0.7038621305628981,1
0.0130221,0.0453977,0.0026802,0.10971741116880251,0.19852726555151567,0.4677110911831921,0.5763787266522984,0.2519886150375946,0.299324586885951,0.3949658619922599,0.5396992943925135,1
0.00305797,0.0116007,0.00344144,0.7892586038896624,0.4488704324682602,0.5150866570618485,0.7129544014516612,0.944179811335137,0.620114969858003,0.8052152743601447,0.5962703676013582,1
0.0209451,0.00959537,0.0163936,0.7401040702434538,0.618593746015799,0.5763957797920399,0.8348107620810022,0.18903421514532948,0.7143713583974758,0.08894402066859153,0.3326253657569357,1
0.0305228,0.00359167,0.0274368,0.495512652159786,0.8464325796739175,0.7503995612977667,0.20379810636569007,0.3723471859221138,0.1607353943142511,0.8273380168500944,0.6691310492211991,1
0.0442611,0.000930172,0.0233884,0.3935974155553419,0.38983689010581435,0.2089263526255506,0.24576276832413235,0.6363519799869539,0.8204648344844935,0.8690518989098331,0.719368412303278,1
0.00364101,0.0102174,0.0158534,0.07934996075514089,0.18206509905550106,0.40028971278927994,0.01769168246497177,0.7831546323935528,0.8236457045478205,0.5419197214181093,0.6973151176849014,1
0.00870151,0.0235764,0.0010499,0.7787955089880985,0.2923523845273497,0.09088267499211189,0.11109580306709455,0.9517973349435961,0.1510919185492452,0.20124529473454122,0.6850775167093389,1
0.0130544,0.0386337,0.00370849,0.2335051451444552,0.21980903133411556,0.5936218007108113,0.48751705794155575,0.20218553619099422,0.9639569537028887,0.5388307268641855,0.4397784578272761,1
0.00482564,0.0359977,3.91e-05,0.9607687499197438,0.2672523991354778,0.4331092567991296,0.64627498232813,0.15334031479496824,0.9610182435527467,0.8063839471510686,0.21040730598255086,1
0.000843951,0.00606594,0.0101237,0.049966697831692164,0.042447274116293676,0.6253602483837976,0.5357047869728494,0.49435138458167216,0.4075448315914264,0.7298656432613194,0.019688422263210992,1
0.027869,0.000696979,0.0091312,0.43238978920681437,0.3274963183715648,0.47783898480487774,0.5693492629306725,0.14937528692533186,0.07940027486059398,0.4279761723747598,0.6404599178160197,1
0.00768315,0.00685834,0.0067977,0.10404662817168175,0.3642881374201997,0.8168008568367653,0.5319558852312634,0.5964792739456365,0.9081633888865631,0.11089820504430559,0.6857196795482509,1
0.020451,0.0141251,0.0383709,0.2547726149558295,0.5648732148430928,0.5962834811894229,0.8828781766925916,0.8587276602825203,0.004462280148162079,0.20949160974540426,0.9586070593862182,1
0.00739037,0.0122689,0.0139871,0.7535996216866674,0.9805614622121064,0.8866815874905489,0.10299762481733477,0.8796127769450894,0.2351894391881193,0.144382234920563,0.04882261884403949,1
0.00375769,0.0109683,0.00304328,0.6404954859178725,0.18477168801505484,0.01945731001721196,0.8570379424273505,0.6945580071973733,0.33434992093202376,0.05031738984849743,0.7582867737764909,1
0.0113031,0.0140203,0.000681462,0.03976743782248804,0.8162774524669113,0.8655946371120105,0.7354654309844548,0.019172006620199022,0.30121339499400246,0.9559320492240277,0.9647364105378403,1
0.00840677,0.00342423,0.0383235,0.04883490231638077,0.33282812966657105,0.3172542671037082,0.16988238962829572,0.7463051691916178,0.8407368180118833,0.4381324639645202,0.9357567706196296,1
0.0017082,0.00487822,0.00426151,0.8947264116893977,0.2017484278935514,0.6182980648211323,0.056207608284860155,0.01862529084428799,0.260723734635697,0.9976366216795169,0.9495796521647396,1
0.000565792,0.0136575,0.0037076,0.253900009065569,0.07115346830871794,0.4882383320894128,0.43942901436047155,0.6672161274444537,0.8463370282278289,0.1794650684756134,0.14389512948843142,1
0.00231966,0.0119007,0.00957554,0.24609544695006003,0.3505001596594619,0.7815535806872893,0.8531695241426205,0.6199349905875113,0.28186800424672553,0.5817214041166696,0.7019319268098887,1
0.0157033,0.00392641,0.0025083,0.6337644022206012,0.02856126829959782,0.002649622493299475,0.1477821496500895,0.8367706245740665,0.08692223690613654,0.10327734822182943,0.1516816251587072,1
0.0235522,0.00710965,0.00682966,0.6727803210440383,0.02871563724109205,0.06029963103947478,0.945416843991215,0.9558898243031376,0.6732697159516986,0.707321678864624,0.11659593019771153,1
0.029283,0.00463655,0.0250591,0.16211164697739733,0.5226617179273747,0.9355619067385161,0.2841192096800337,0.07843941481654171,0.38636763274196373,0.48289877933657244,0.5172840085105161,1
0.0197673,0.0122356,0.0073879,0.40495072158507717,0.05614248809674094,0.6464487356402281,0.2494947363144795,0.39012251590433644,0.815833841031128,0.8016859762278818,0.46455891521879433,1
0.00334942,0.0385084,0.00535671,0.5064981639040494,0.9758387066281039,0.8014912102044282,0.08751563298404497,0.008151217012262513,0.6623561653210444,0.8275637053080803,0.5027195416229661,1
0.00853464,0.0571886,0.00241401,0.535389897628134,0.49441702555534206,0.7992288891304394,0.22601448372058153,0.4692919836067959,0.3866089458073859,0.22208497531586024,0.14643664882379137,1
0.00826483,0.012492,0.0107543,0.6945339553903565,0.7298322697840463,0.8603400180650551,0.28430097790271847,0.013362750302167825,0.8880374392848964,0.7363966264164863,0.6744572414429779,1
0.00153896,0.00137884,0.00647609,0.636857951313289,0.692604247293812,0.5496422362101023,0.35887550916456634,0.12288297214980703,0.6580533985343774,0.4698955297867484,0.07115883089924913,1
0.0074623,0.00459698,0.0183509,0.9115957689788982,0.2962299681717563,0.8918502917294272,0.47109647659296805,0.48334739663646176,0.7083166718254661,0.1639872826698504,0.026779816240367293,1
0.0124947,0.00231253,0.0088157,0.12154374405190971,0.545210975061196,0.02219873018477958,0.5810334477584191,0.30406074504319036,0.6952899908771659,0.17710008633121388,0.969234865992594,1
0.00984049,0.00903301,0.000432421,0.2150685913139897,0.9347811555957107,0.10261672354718643,0.10757766823298265,0.3967786066833172,0.16643620458416597,0.008169977636268588,0.17338178497752832,1
0.0145067,0.0118838,0.0238424,0.8406254674165045,0.20660579589710504,0.10702697118849913,0.7174252943724575,0.11937344384202375,0.04721892257610183,0.680697757159184,0.07869083470124283,1
0.0127307,0.0516213,0.00959497,0.638352207009154,0.33041972127690855,0.40119200818470635,0.623237296026736,0.35224503376377225,0.010257001441353886,0.6848613728738212,0.6300623937143159,1
0.0172861,0.0387996,0.00286339,0.7518616756420174,0.9421487989055874,0.00833290542327536,0.35142095944480867,0.05704803585952789,0.9575001052400741,0.8099538226013145,0.2708208715099668,1
0.0150108,0.0123836,0.00742828,0.5219223550841114,0.8413862538996162,0.25542576065483047,0.2894892264458472,0.7074734336972777,0.31292915484983885,0.46738856009323415,0.8263129806530157,1
0.0143738,0.00421773,0.0155054,0.1398039448708963,0.22038688799191575,0.9057125084744894,0.9396873202369208,0.670260795685717,0.023908403715649285,0.2197720326118573,0.8686578502587757,1
0.00413277,0.00160442,0.0101545,0.010334082507339026,0.017554167399888132,0.37909035564295657,0.2801916192874899,0.5945728975461996,0.9290484610894294,0.9442453002868386,0.14959577952329306,1
0.00716944,0.00392413,0.000934632,0.1772055725153593,0.24064266932057266,0.05885094315413553,0.8701397360869936,0.05259458467742384,0.025277499118313673,0.1925822967113383,0.5354606529464977,1
0.00149238,0.0230905,0.0195888,0.6116303408915358,0.714760717585601,0.3747769470645179,0.29490402881313105,0.05553551335972584,0.5931287234585627,0.274061999302857,0.791602623334908,1
0.0171143,0.0318288,0.00988387,0.7741163218083443,0.3967385264711243,0.7961015146393525,0.45052295796133324,0.46855817627006635,0.1441204072492308,0.6423465467348233,0.9063786388119693,1
0.0107419,0.00263012,0.0142775,0.07297626077241426,0.51838084726918,0.6587835442918742,0.6134661381057174,0.5805327525991648,0.7623802563685771,0.9967937988598172,0.13868966883679823,1
0.0014943,0.00653358,0.0239093,0.9300618681141118,0.6811700346988439,0.5096312617297868,0.7926496909924238,0.011115607462271249,0.18570233668910185,0.48752010555394465,0.13736159187264074,1
0.00750272,0.0027756,0.00465362,0.3328372557294643,0.2152549113057982,0.1193061619556317,0.8350850393830621,0.19046975964146506,0.40830651038186394,0.13974469168353276,0.5780247415535881,1
0.0221361,0.00184379,0.0263176,0.18808066409940205,0.9854140106448971,0.8871039386445388,0.6759435682131103,0.06932841770148546,0.5327594328252686,0.8035094388659747,0.8784008670997014,1
0.00331486,0.0130141,0.0104429,0.638800318897444,0.3205674931669742,0.8277396315106674,0.46919561004042365,0.04557533048009044,0.0520295402324259,0.9782964426579618,0.2595766868180509,1
0.0104129,0.00138387,0.0136991,0.9227220597470718,0.17798559503697786,0.3572948232448997,0.402535391300056,0.11838372646417528,0.24276325123111975,0.4176020685986236,0.1537875183165548,1
0.0246158,0.0114264,0.0269171,0.5210794721677314,0.8427506403627136,0.968345187919186,0.9715697635045502,0.20981922744078085,0.6689486819735685,0.340733748511452,0.35083204138020196,1
0.0047608,0.00497768,0.0165661,0.6608547712424769,0.604159284816441,0.35317636411149733,0.07181742212670195,0.689826538073022,0.03758961061481558,0.44916524130444513,0.19100565059957186,1
0.0200455,0.0082218,0.0118429,0.11610910612476533,0.9514326450223519,0.5721893746213532,0.22455291854459958,0.37887375997198225,0.5808506217429451,0.8276325973818492,0.4560709370040329,1
0.0207279,0.00560084,0.00904736,0.6721402734636851,0.16726335680023274,0.9068663315074793,0.9163582851958243,0.5919472083704336,0.8033412245907983,0.6245461302834591,0.7247231088535256,1
0.000547194,0.0149031,0.0100578,0.20314737500265256,0.9334751853878203,0.9647946732630617,0.6929991061570338,0.6205783238570058,0.3171138527580343,0.35019369919207766,0.47585580725145427,1
0.0155095,0.000707236,0.00149888,0.6212650259779217,0.3018551656177484,0.7170031396143041,0.19156754066056958,0.49349565382538174,0.6499164473332448,0.44149278464066155,0.43403353239410114,1
0.046343,0.0125901,0.0135397,0.899612023992391,0.7667504164477749,0.8878470804698179,0.10851143652341544,0.39780238098998855,0.14396408954086704,0.88923867586037,0.7979773943230861,1
0.00253312,0.0514109,0.00417021,0.275408400655479,0.6387466988522942,0.3221231778627234,0.9096603101862925,0.36330890026678275,0.6502188940792348,0.8661380642555498,0.5257756734581261,1
0.00255354,0.0300698,0.0233585,0.031942640815773915,0.4124134109949341,0.15261427393762983,0.2096071058683041,0.31070148610910087,0.69193834089261,0.09278526871448856,0.7448862185226262,1
0.0213153,0.000150979,0.0133672,0.36603113850879254,0.2813809837422262,0.8260377534597456,0.8661174046960775,0.010825196195265674,0.4503782316649029,0.8060399690446854,0.20246657972542403,1
0.00650373,0.0333815,0.0128901,0.07421884200323225,0.8878538771661372,0.521514941623194,0.12090529559520513,0.13413710527994127,0.8842071153844713,0.20071587088625686,0.23906662950289725,1
0.00184744,0.000524413,0.00645891,0.876750356402298,0.4452628454960861,0.9860228795829037,0.5107579769264297,0.14511973111287657,0.8738975610584628,0.48982740688312054,0.5219934705934728,1
0.00573311,0.0002914,0.0209245,0.45934608027345203,0.6589130164931665,0.2784124151178313,0.48183588827006374,0.6958722392359241,0.7247496657278698,0.2959315162871504,0.5671086186929365,1
0.00111662,0.0101519,0.00308595,0.12986168431113432,0.7760328748521933,0.7081857331136312,0.8559985798571306,0.312085472132975,0.38058491239414616,0.2479802318705755,0.3613055938227506,1
0.00299218,0.00375385,0.00677853,0.8750437860503596,0.4511336822815456,0.6020771970147322,0.20903902433252652,0.5148837285060894,0.6988111031978216,0.847932911644441,0.5810057183575132,1
0.0256834,0.0122685,0.0259191,0.2259536660570184,0.22821567320752467,0.0364297711152175,0.623244802164368,0.19428368434482712,0.4447207838449866,0.44875160760364596,0.6767377816385987,1
0.0100991,0.00262927,0.0120521,0.06320238768681219,0.8866734170039247,0.5806359837508228,0.5332800170436192,0.9340183947443218,0.43853671824130147,0.23375314883947285,0.3952497360432732,1
0.00718335,0.00128994,0.025676,0.4510500828116535,0.4787655774077342,0.4484131311513062,0.3153243608906555,0.5091628657279761,0.6680778948091974,0.43116276761410754,0.9435336700284459,1
0.0106887,0.00180836,0.0125776,0.17563363909407326,0.7664784032889634,0.5191920004054661,0.17903466290792747,0.7366693116605508,0.6601861773113193,0.4371074885605698,0.36254170093442917,1
0.0142372,0.00538579,0.0123864,0.6231420583343057,0.9070315399339364,0.46138424211490003,0.9421303855386332,0.9053168918057224,0.4141695603274561,0.03543014413697887,0.7439457591562857,1
0.0233955,0.000884459,0.009119,0.7698835946630538,0.7112108393144174,0.580654191403935,0.5548760316788471,0.4727121566272463,0.29370181231619497,0.1996810088647979,0.7133769618488686,1
0.0383485,0.018225,0.0365189,0.010525966410291021,0.050426631859230575,0.015738056526627187,0.4579959934301824,0.23046388421553254,0.6763719010290877,0.6126905847893228,0.964872634953192,1
0.00112136,0.0300247,0.0085421,0.443771344758656,0.8975456542159472,0.807110762795934,0.5957433222614854,0.3503781297300791,0.30687917401823794,0.8404043938379584,0.05413601767452403,1
0.00421061,0.0047956,0.0135154,0.050712645897786124,0.2554365193906102,0.5937294165333677,0.47388576008723504,0.4991239131048608,0.20897136768661717,0.23557013183047004,0.42468552245638,1
0.00961716,0.00350396,0.00109911,0.4227940516278571,0.3895907240225913,0.7300205617119919,0.4347689118078216,0.7951265825866052,0.35127173157144476,0.39540496047230567,0.5397061816366037,1
0.00577864,0.00529041,0.0133029,0.7153165451962386,0.046290049150073065,0.282208978762751,0.43306336843168514,0.1534473272929061,0.5894505793054825,0.12011232936866656,0.8702208791003532,1
0.0351382,0.00484983,0.00155074,0.2563320676869829,0.4349159079050595,0.659148675977741,0.29324132256240787,0.7026020381412402,0.4657055556741524,0.7515670659335529,0.9402327810823597,1
0.0248873,0.010394,0.000684413,0.6381292059922286,0.7703255808806011,0.056300814107091424,0.050246258973477564,0.267245287794147,0.029712936475048357,0.9738799391225531,0.6466466838071359,1
0.0257096,0.00636542,5.16e-05,0.03404476772769749,0.4289861059983461,0.0007335285387742863,0.2258670335881484,0.6530665215009505,0.7732624256759522,0.45952519581258655,0.7513028986181799,1
0.00236398,0.0146811,0.0182957,0.6650266132121796,0.8092330137539511,0.2797434357143822,0.8969760167524945,0.10761511579375971,0.03856288548095976,0.15163685667189442,0.09252153049675427,1
0.00195689,0.00710566,0.00377262,0.9839673028508643,0.38350748992693373,0.21742304508573396,0.2633205162510023,0.29111573791640255,0.8962547596760438,0.036401071096856086,0.8939108204612738,1
0.0118894,0.0077044,0.0256497,0.4947696378901695,0.9544543247061172,0.8088747112084754,0.7277441530452227,0.783175950694935,0.360492207189262,0.26358596186987093,0.9608316450634183,1
0.0275376,0.00379703,0.00115454,0.19812871626835316,0.8235543476901224,0.7370184832373639,0.5466307905030858,0.16557050169434928,0.8086664474642297,0.4725662829187187,0.8461053787663525,1
0.0154325,0.0154142,0.0265533,0.0776496510717245,0.37912526389826195,0.6417350652320227,0.2838985272090253,0.504633811240956,0.6070389122089296,0.12004906859440301,0.8269308779116025,1
0.00227821,0.000547448,0.000658319,0.1509994208000256,0.08901670297088415,0.2182510389607918,0.8042757357297396,0.9373039006438357,0.24279031935233386,0.9407439788201066,0.355050820335566,1
0.00096352,0.011021,0.00615586,0.15875457218396294,0.3611932245031412,0.960822246369405,0.8343906045423145,0.7760394805538772,0.5945057832169958,0.3072025090141627,0.3297869937345064,1
0.00344945,0.00477136,0.00776044,0.1554621592566613,0.28689829187974103,0.16852203400664,0.8588298491026676,0.6449544841358806,0.3848718405101951,0.7916304310047411,0.9077474259167596,1
0.0082399,0.00118093,0.00378485,0.6395320688995577,0.8470969201054683,0.12469854181281526,0.5749341723191542,0.7654564952918562,0.053337637806520455,0.03707578090624186,0.6301313077440055,1
0.0502966,0.00153028,0.0112337,0.673201285748317,0.29528222876436505,0.07385608772001473,0.1563813754960902,0.7087802668976602,0.22669127891063923,0.6804493419506563,0.30507513388081875,1
0.00168656,0.0122009,0.00439449,0.7609650391362077,0.2022002574692089,0.6608246689189906,0.1391213297153704,0.7807262323870737,0.07918626751352487,0.8250542839593585,0.0007455983139496025,1
0.00460832,0.0030291,0.0108314,0.3416506485584956,0.8939133219106127,0.5270287115963769,0.3433108018117793,0.8897298509203925,0.06944412024932334,0.815915659687744,0.2286506977117133,1
0.0121842,0.015222,0.0159553,0.5918136768679583,0.7227234747656609,0.3520674487918899,0.8607584409562611,0.8902624237625608,0.5436722890953987,0.22562581883242694,0.7044646074468999,1
0.0117298,0.0254758,0.0173626,0.7461083847137346,0.10137342013943862,0.37428106678000406,0.7182241404216736,0.1927720713767045,0.7758907416740309,0.11111636007402381,0.8816908643980018,1
0.015531,0.00226935,0.0243293,0.7999779273561739,0.3512692833394657,0.08620008007268087,0.657033708815593,0.2309356561576913,0.48335788308540106,0.3987594203946653,0.125618477624035,1
0.00341241,0.0152094,0.00876868,0.4840018047061533,0.09239157495236416,0.13654122714349215,0.28035623958172085,0.2104734185961774,0.11630287905827519,0.8996697234209852,0.6629785754623273,1
0.0243435,0.00101585,0.00664289,0.06765907657658454,0.31729864284735176,0.8779031253064696,0.2432238228253969,0.21836198322771272,0.9683502192783016,0.543740086505292,0.8932025528533998,1
0.00109138,0.00207722,0.0400215,0.9177313987757365,0.19740800577949835,0.6342504908390468,0.5852206638608308,0.2297318560940168,0.7799001932482267,0.3539256925611355,0.6911811873638903,1
0.0197678,0.0218472,0.00363597,0.16851204090582317,0.6450125277594115,0.5786654262219493,0.6881454073881452,0.7722021262330699,0.6537548193795788,0.25669371043863565,0.9243955568575771,1
0.00214012,0.0211149,0.00644472,0.7667641397750916,0.2810847949243239,0.10576672684709076,0.563891440719379,0.26467234424225405,0.4785304977249454,0.9700591438899397,0.0625997554937423,1
0.00243011,0.00927092,0.00175035,0.47726215774478997,0.3557322121455294,0.768635012904847,0.9033661235860136,0.715031690480004,0.15370171414928768,0.443810060634118,0.08418920389898255,1
0.00389797,0.014425,0.00717786,0.3197144445370441,0.3262072218482519,0.2176993212818824,0.40178210911978085,0.5636336235850021,0.10486104940107144,0.6126405419967992,0.5686089579432899,1
0.00873183,0.0340098,0.0169144,0.25805106502738684,0.32348746558769426,0.8973858837043335,0.6392878546511896,0.507777863804646,0.9211433278600292,0.518955623614731,0.6781375552952709,1
0.00228618,0.0176661,0.00665962,0.9810001243240984,0.34413023028713763,0.718418423685961,0.3952923886740387,0.05772722338722369,0.446098098308675,0.5557970914594784,0.7908707300742605,1
0.00202737,0.0227635,0.00769593,0.4494473222662032,0.48870868922735256,0.7686998149195139,0.8912936375253949,0.1009358936730197,0.767329228649472,0.23941272119171708,0.0016909467330058492,1
0.0065482,0.00481715,0.00120243,0.5071397043555,0.9871284827369213,0.7232248311780367,0.7823976005968807,0.7446742418616084,0.9605522414291162,0.10826494893573912,0.06838860071367425,1
0.000814302,0.0297129,0.00331107,0.6882299101386244,0.30454923202890594,0.4294417134255162,0.3751564627823638,0.6737591442763293,0.2915216822546257,0.8878141481092535,0.8512057833793965,1
0.00432732,0.00606173,0.0175452,0.4522201128076794,0.1828694852899595,0.6970257951300707,0.8962198249787094,0.19317657132663302,0.9477993013338969,0.6418274476647795,0.5655339997817498,1
0.00399852,0.0172333,0.0250785,0.9280782533945885,0.9730171372995184,0.7790645315939567,0.8465321251072709,0.41204507878834784,0.09146180544497617,0.11999164519987982,0.3186975867009919,1
0.00775146,0.00697844,0.0396657,0.4803980018175862,0.5344208093790185,0.9837532051122079,0.719383896664294,0.25591040635168205,0.26387260541883517,0.6336159786638167,0.924272989358241,1
0.0131761,6.45e-05,0.00169713,0.8648574293945019,0.46123394291247377,0.8245309731370879,0.45722877009118246,0.29028261561115065,0.329573544165762,0.8415377128985765,0.06354354817240337,1
0.00380615,0.00222397,0.00595343,0.6157106456736514,0.24056332696738203,0.9427752650812617,0.8586703027227933,0.4216224520444687,0.24643941328058494,0.1995311713040575,0.3818247727284805,1
0.00823231,0.0205207,0.00138821,0.5870355969590698,0.887972906793499,0.061907984896040325,0.6235110758458389,0.38311985898409984,0.017292595344940653,0.08260558900571313,0.43125016883020506,1
0.0498858,0.00807119,0.00521057,0.4429528470230706,0.9915600688272695,0.20169929638799233,0.7238748966088712,0.3181539071285371,0.42769378343154674,0.817401065826219,0.4959919087122615,1
0.00692252,0.00599084,0.0114609,0.24427889308526352,0.3182150974844693,0.2223146669774293,0.9460657415525618,0.9507144056055291,0.5389428381210569,0.12158793945299973,0.7908105575925277,1
0.00724407,0.0264534,0.00697916,0.5410940812377928,0.6771691546228564,0.92953612065477,0.19834862358153804,0.010587735884595051,0.19212274090778536,0.5672781749531689,0.7568210552179448,1
0.000672041,0.00183561,0.0092898,0.14348574365084754,0.04708371568399072,0.15228563284682228,0.2161512420339441,0.9918447316779266,0.3980460379266576,0.3325166624962774,0.413858953120519,1
0.00532229,0.0167024,0.00457022,0.07306300973851099,0.48213770210302,0.8955244923190591,0.11882549705724288,0.5745833427997197,0.7708075136100063,0.4736572380680403,0.05595603176514774,1
0.0296826,0.00843383,0.0117188,0.6186616221415264,0.8205879071413115,0.46037505623525754,0.7336474036061216,0.25331686919402474,0.6056956008229214,0.430775706307608,0.9683183662555792,1
0.000611876,0.0137423,0.0011838,0.06097311190408372,0.732143375464024,0.553639614663607,0.8943432379919838,0.7543795526657001,0.23766188872430016,0.2071736627743841,0.9170007205798051,1
0.00602557,0.0244441,0.0174807,0.5580359126334258,0.8327089149781419,0.8400273137946208,0.7050969050379,0.974030395260024,0.07980728084840494,0.5754426493637063,0.43995519584313936,1
0.0296484,0.0262399,0.00342448,0.3764110743280882,0.36465096770135075,0.3253727807461181,0.5416669291021493,0.43354188689646656,0.7525363908183177,0.2093697875249777,0.2139610015050909,1
0.0115002,0.0157379,0.0167281,0.7871805818835493,0.8695807746200366,0.7444552007696167,0.20435838960914976,0.8109826964525645,0.8340196854863426,0.6739525109515334,0.6487296483186954,1
0.017276,0.0182278,0.00637686,0.03897656525599613,0.37542579489690575,0.21385821784636805,0.5897904256584037,0.8225940245662554,0.08456930096311577,0.16938841866827747,0.4507695084938256,1
0.00893016,0.00820159,0.00824893,0.9713690451144279,0.4309977219210701,0.6244669604629689,0.42222029772914216,0.9778720475416152,0.6571422964160185,0.632089012441393,0.038878572810875034,1
0.00738047,0.00895363,0.00543528,0.6091898143264448,0.3243045990718564,0.6894304726981779,0.8398407912985986,0.4661943743071947,0.873954071770407,0.45712355663791815,0.4085141310098682,1
0.0238366,0.0071294,0.00419941,0.8300565401719457,0.6994874464016337,0.5056083245182668,0.7044158806249706,0.21487936455175038,0.9179784132292333,0.01687169964022761,0.8151847031023093,1
0.000469269,0.00504463,0.0102483,0.5462674159155766,0.4311057723498005,0.16896055194346715,0.9827335021332664,0.9776628317355259,0.5292058141818119,0.8248772842480608,0.44995838583301284,1
0.00274806,0.00339451,0.0022101,0.814963451181075,0.2896829355319538,0.7446553567930492,0.8288508925704686,0.5491898611227017,0.6709121029808762,0.11567386990134998,0.4728988060112923,1
0.00617098,0.0225933,0.0287651,0.0723214034479146,0.43962903648624796,0.5133408694454143,0.495311435736992,0.23568471707293603,0.8902074099483512,0.40526654986545496,0.39106554861515386,1
0.0154518,0.0140794,0.0135877,0.021632457008750383,0.4864390607532496,0.3248782382899529,0.6423449954113152,0.7427708640064151,0.20621608568817373,0.32380513065525607,0.8535366582803018,1
0.0293755,0.0106257,0.000513771,0.8199063160639914,0.6232604209917748,0.06179909176217835,0.8524653899122975,0.0424586729077312,0.3441812865865015,0.4543754995978604,0.6349718958199616,1
0.00554092,0.0026443,0.0283235,0.4716188236126925,0.09504947304260603,0.42054124037787854,0.4784320801632125,0.2675646327660276,0.8163154899649364,0.6108580901744014,0.9376602934436548,1
0.00215574,0.0125218,0.0160743,0.8381624564701875,0.17623979342980622,0.6614833955674942,0.3196470273725882,0.3405339452625151,0.6573499602519316,0.5108088072977881,0.5421387293760892,1
0.0099468,0.0157396,0.0124406,0.18528114140268215,0.32569158702479795,0.6144885723295629,0.8505058382308457,0.43213932268737976,0.5088236100026576,0.09298419324277996,0.04395778992185617,1
0.000133437,0.017982,0.000295314,0.060631909949063756,0.8370146175086586,0.43714232337605186,0.4533464588263637,0.17872368338847755,0.7983150031771611,0.5564986166165897,0.3113054045061102,1
0.0268646,0.0257516,0.00457755,0.46573845537107705,0.7861859845794764,0.5862294879563594,0.9858459200809941,0.5399720545035619,0.48066009130820353,0.9756940515895557,0.4287014547956033,1
0.0292994,0.00384292,0.00621093,0.49481050781972413,0.36673967667368,0.6718738336714298,0.07072437190563041,0.4293573894805707,0.2573818421490228,0.6988945157800286,0.3752307257047849,1
0.00536181,0.00427204,0.00292948,0.8430649032989188,0.9733935149967301,0.4342533301514795,0.3588087882647817,0.24788139124831343,0.4949911040901823,0.2057633750654574,0.6894285786095244,1
0.0115644,0.0230913,0.0469049,0.7471763595635256,0.6618703857857422,0.7760497506452475,0.9914643766869202,0.13571627327287628,0.029206906049297876,0.4121991130856508,0.6651840754512227,1
0.00492921,0.0181173,0.0190469,0.48576301551217793,0.16888167891011452,0.4537744644877493,0.7236514332064645,0.6423114498623,0.7380849500603285,0.5320737451866581,0.1928031447632138,1
0.00470264,0.00438326,0.00250071,0.7789619967851589,0.07494955890119259,0.8975961060491267,0.2505559286129784,0.3473407531525662,0.42550191387767533,0.6243558498227086,0.4113114640659533,1
0.0235781,0.00848737,0.00622483,0.508674017216153,0.4650404259977913,0.6581739664493613,0.8925910734368195,0.2690597169740362,0.4428598421537885,0.20148490501036298,0.36353655133318896,1
0.00162815,0.0253096,0.00668207,0.7412532219238037,0.17429096412897738,0.7384498565511142,0.21727323112405572,0.12185512157826539,0.7659995195875038,0.5381776033204411,0.10539828642665039,1
0.00871531,0.00405319,0.0130154,0.9069652846612151,0.4377115202366849,0.005370840738703309,0.5565286151833854,0.9984142048127858,0.946227370865463,0.29410901762375263,0.15863734750720437,1
0.00320268,0.00900019,0.00518122,0.3174152411006499,0.3413590384722752,0.3425618333358075,0.6489556726105927,0.7078283060077291,0.8348617892082565,0.29201482990983985,0.7611254694999308,1
0.0192156,0.000440003,0.000627367,0.6859408627740193,0.0018697507334601848,0.6221692444555885,0.4822677820832746,0.9818702138633342,0.46825468264217507,0.15527558118561213,0.07104354510793431,1
0.000263347,0.000137898,0.016702,0.9254913989794401,0.1048145509050259,0.7984773062129514,0.7722104220833038,0.1003178113828902,0.7966259037627051,0.3604305691882089,0.6170730653027028,1
0.0138911,0.000945829,0.0341209,0.0439178547827348,0.04640362169134826,0.5338159374598532,0.3889459688068805,0.2601652314701569,0.6001594967731534,0.16010820271255766,0.8313750177695993,1
0.0280056,0.0138795,0.00767375,0.1292815669262911,0.6006994511202415,0.639400237584552,0.10358357154556852,0.8029475955513631,0.7935618128944616,0.7922455712557164,0.3015712092460403,1
0.0104898,0.0168048,0.0112599,0.44729260660597137,0.2877565786930132,0.11170997343807532,0.1062114943878617,0.9464730017040713,0.3126311306326647,0.3612038142655275,0.4710198847987437,1
0.00176707,0.00796231,0.00643148,0.057998824020382145,0.16153046129630366,0.662820440448383,0.46566624310195337,0.9021441583509386,0.8207604310732658,0.15965183877375522,0.7062577521755079,1
0.000705984,0.00949334,0.0264018,0.9522868413187463,0.6781532186484197,0.1480272211937912,0.5191139897912472,0.9736815808609021,0.6330848537650016,0.92996522511034,0.8034669463299156,1
0.00042621,9.67e-05,0.00778751,0.2805359543873457,0.5818095550127429,0.9965861796838047,0.2086954688412871,0.507072792714378,0.34465565998539527,0.5174922168349504,0.8254592720852819,1
0.00137367,0.0296298,0.0450927,0.06886382398384783,0.8663509788844341,0.46851710766878774,0.5050920127236838,0.29889775226240145,0.6849516440479946,0.5739180009392312,0.46764669634871947,1
0.0102585,0.00107628,0.00344689,0.07229927432120442,0.23175121508716345,0.2803041184674627,0.8545535187519383,0.4267923335289966,0.9729293579905536,0.5437791821802649,0.24310528746716709,1
0.00484921,0.000129714,0.009713,0.8480965779728507,0.43098744044607606,0.32020243018856487,0.18658313691423767,0.17739644768122587,0.20661914841584272,0.26127089489370947,0.8293086900144471,1
0.0312307,0.000161769,0.00577007,0.7278960925011435,0.48998494256499003,0.9608218656886071,0.19653052877285415,0.26357428560204454,0.9527356750082419,0.8550963640077589,0.5841830100068934,1
0.00155811,0.0117015,0.00762908,0.7559026652896665,0.48550879079732934,0.7889721076608454,0.7904593518698492,0.7287294664004487,0.18536472350317734,0.23760600309899982,0.9369178431185565,1
0.0119181,0.00122094,0.00211987,0.7735876596200173,0.025528005442530644,0.16129092776855314,0.7080592352389112,0.33849239784294083,0.030769666837024756,0.7691875537013709,0.2814272883207706,1
0.00700178,0.0136574,0.0125956,0.8362486050444156,0.37107927533502616,0.7156355156746127,0.6395371586616834,0.516825516127982,0.41940119731907965,0.5352837460361101,0.21168642495910495,1
0.00266252,0.000924815,0.0308185,0.32737632537065453,0.024631840460628607,0.6439769717362372,0.03872023558757565,0.966365806661981,0.9903327635398107,0.838711396587526,0.16445737315487718,1
0.0164199,0.015654,0.00435007,0.16313858738181997,0.05178720555539096,0.2605088738546041,0.7918446684129286,0.4809778993120033,0.8716159408115048,0.5630658274964887,0.5687134890866961,1
0.0143976,0.00782999,0.00862081,0.010266337107252888,0.6761664120599791,0.5761542543920727,0.8749082714910997,0.6187959797659042,0.8875599563129434,0.5541546661953224,0.22377542513174165,1
0.00825192,0.000998392,0.00750549,0.9156480851100002,0.022770530365511465,0.8275523142718055,0.9427811479950013,0.2349684111390551,0.9353141221018774,0.06951110596479404,0.3236052882206888,1
0.0184848,0.0201376,0.00483926,0.21467996929987976,0.6114624078006502,0.5913180445814651,0.46812206081908814,0.21367561455815776,0.14100389182669726,0.8878904602115787,0.010689861068917117,1
0.0187418,0.00999293,0.028004,0.7702599172721081,0.9547794674413156,0.14293230186055972,0.11109367554740124,0.9711759872291832,0.6456797608754726,0.787832708915311,0.47578269935074735,1
0.00498916,0.000197562,0.00703262,0.7670007956583562,0.11078545764707892,0.05726651744881639,0.29172696252598873,0.6165080270454635,0.42976413820947335,0.2740283010454202,0.5629048553694358,1
0.00148778,0.0277351,0.00585775,0.9287258518545644,0.2831240530585587,0.9789769690468858,0.5470208068352894,0.9501189716476908,0.10660643782958723,0.2554482399936099,0.1754754655496148,1
0.00894962,0.00382501,0.010133,0.9496686339266732,0.3625675335040275,0.5953372754987736,0.731567157444848,0.8100053142583109,0.42292100024895507,0.022856328338986542,0.9068082601212021,1
0.0482026,0.0205912,0.00294839,0.9334506773090192,0.8732461952199486,0.2112337858248029,0.6233875042508469,0.3958247221492339,0.48274929653085397,0.839383058022086,0.8005571071278339,1
0.00155524,0.00861003,0.0136306,0.7400985353007637,0.9391767775262173,0.3433697696484651,0.5689429498267496,0.855698721960307,0.07663760735924163,0.4108387637025558,0.7251854359767153,1
0.0132941,0.0192653,0.00798371,0.9296134005109794,0.46476885077224317,0.1603432748146444,0.5633382846397035,0.13099226896326477,0.28978652602955457,0.5342002701598955,0.31440201887284025,1
0.00321788,0.0156602,0.025803,0.13228844259416817,0.28655133317089343,0.4881853298614931,0.017162792759995327,0.9131303975659597,0.004922306011862165,0.003601639719401528,0.36204797698883984,1
0.00778098,0.0125778,0.00459186,0.9525063861414977,0.5659897105972956,0.8334036600468068,0.20219763820100622,0.45693452411589364,0.7285718427578721,0.33494422628610654,0.4565651105266413,1
0.00500791,0.00583205,0.00855888,0.5593300980456714,0.31701577831054295,0.8350128372292239,0.6950373353693075,0.6620513936210008,0.2845422388500778,0.5785511319377288,0.01724083887521899,1
0.016076,0.0114167,0.000448007,0.5434840040506207,0.5906667023917587,0.8732851018404595,0.3167266753010708,0.06958042500770478,0.6421308281542251,0.024768213116684756,0.5504391862214912,1
0.0167921,0.0135058,0.000294362,0.05572040066577333,0.9236543616229484,0.8728408221497759,0.866409748214773,0.6137032523863021,0.6571702493771964,0.07953844235089269,0.1074211596612562,1
0.00138872,0.03592,0.00725536,0.30034926161745135,0.12258762777125454,0.15987109033273095,0.09702951631967749,0.680431052557263,0.6165958499917684,0.9418162152250522,0.02948309176137165,1
0.0225084,0.00397641,0.00321318,0.2782096530371726,0.3956846237037096,0.32728239305951434,0.21674546155644625,0.9969007165805412,0.752137083759258,0.9533546106796298,0.8052191007559869,1
0.0280748,0.00305457,0.0183787,0.23782453379942425,0.6730560456694913,0.07988559779132831,0.5773696032995195,0.535948031886225,0.6705768425462928,0.12778861645025075,0.6945195255513598,1
0.00861688,0.00644266,0.0051259,0.2694086526944649,0.01837852837701659,0.25900314068166164,0.9209799103013,0.08931869477428445,0.06506552071609639,0.5007264154606867,0.8888216001934052,1
0.00315766,0.00765959,4.71e-05,0.7829342967964533,0.4623901521869058,0.4027913535256933,0.05988732137953334,0.8599939023268699,0.7310104679863779,0.6750418131200078,0.2863450603211004,1
0.0116757,0.0341676,0.000760462,0.12535605711871656,0.25251434613144463,0.5092764995403963,0.08862234936383018,0.4876800791895748,0.6184733874527301,0.453138303112538,0.9151478514095327,1
0.00435047,0.0159683,0.00582816,0.3734029330120747,0.9571895882898325,0.3069328335642473,0.814423563788651,0.8746831474644885,0.5622142081771505,0.43888233058331405,0.79695352720264,1
0.0158312,0.00255058,0.0225693,0.4222193377025585,0.046225652793492666,0.9482803717288977,0.46142998014557846,0.9823497189507966,0.18321396627085118,0.471586673663291,0.6844139872799538,1
0.00985831,0.0134245,0.00881918,0.2041674351945788,0.9666452367650175,0.49270815790350553,0.7807842558615188,0.23147833722056232,0.7061381971588256,0.9962557580228173,0.5464534999414429,1
0.00394922,0.00296499,0.0282747,0.20578658642628445,0.2943049586468184,0.43971236701633487,0.4643338692607325,0.5205841413005832,0.182132725876204,0.9769024303549099,0.44711911188721554,1
0.0129854,0.0186395,0.00174384,0.4649865304907914,0.7257055661885565,0.4319223092556026,0.7470891955492743,0.11988044160214928,0.26416812850859983,0.5195844215308064,0.8839957663377804,1
0.0273275,0.00250809,0.00490831,0.41095313689634894,0.6132027205509725,0.3587827413663207,0.1497030656294418,0.6568908756581431,0.4290144168844995,0.7170772330421252,0.4189639291164138,1
0.00621553,0.00569831,0.0089352,0.7806976611016605,0.9592286401059736,0.21330491034911936,0.8906549076921702,0.3033195154320719,0.4469210194466685,0.7519748719885752,0.47526261002416836,1
0.00195629,0.0175016,0.00319371,0.8628745408681127,0.6256285075898248,0.8417866886564525,0.1261111202415629,0.9695508036082049,0.1649256821127667,0.28215858928506565,0.6895173149907883,1
0.00906424,0.0237078,0.0154524,0.5740068273440395,0.32668977406192523,0.8051267534624769,0.017069329044808845,0.6386643429546983,0.5504516574566386,0.07323402769896215,0.7941312974486777,1
0.00434299,0.0235212,0.00767496,0.28120771244433906,0.8007657559955962,0.0632259449187873,0.7041312329341718,0.6447962021802012,0.9535187910345989,0.25649786927060203,0.4531061208236272,1
0.00445988,0.0318952,0.0332593,0.7969953321970792,0.2636053825933796,0.6547278117449972,0.15475889803020415,0.8271055022512387,0.03650906258840858,0.011845771601196375,0.10051673612700984,1
0.015651,0.00172004,0.0144515,0.09809451060642238,0.5564150654143022,0.015988854937190267,0.04185066883638022,0.8844092661630044,0.27516687475159096,0.7161578110536783,0.15275851002678398,1
0.00792339,0.00992889,0.0132533,0.2795152947297509,0.29761741960353905,0.5703707050803215,0.5588465411472503,0.019985992054743718,0.15495330330228674,0.48321114246294383,0.07961788460531072,1
0.00985866,0.0124692,0.00716714,0.9931815814614572,0.07525080086815905,0.6063614858293773,0.606408344037482,0.5449740035880464,0.4597019612619381,0.1458560392549051,0.32685320594651035,1
0.0177905,0.0249193,0.00672784,0.5651993490829204,0.35320833059374634,0.4735223672161928,0.8915442633694636,0.712882217412851,0.10746560371134184,0.026799714747349768,0.000757501835307206,1
0.000574862,0.00154418,0.00112032,0.8151285469425341,0.15996481496906012,0.7753235486856646,0.44127251888390207,0.27717095985342566,0.5377960352645274,0.19297097825502152,0.28060031447501665,1
0.00273583,0.0156534,0.0108313,0.7370701810947977,0.3339434680904576,0.10186793625309731,0.043212319726188886,0.14536409524694116,0.017655079494541925,0.752695104037743,0.9753865454317705,1
0.01531,0.00801357,0.0148296,0.5523969886483072,0.604988286034387,0.14318566660626653,0.4562712797438885,0.3428232015961953,0.03994933974455228,0.6266033853932833,0.9999544566586925,1
0.000242143,0.0051409,0.0334257,0.3100321348185121,0.06957422932058421,0.42639762475683896,0.27437572779746733,0.8863364300273904,0.49636085651744155,0.2787553218805502,0.3384632284762331,1
0.00690857,0.00298873,0.0195689,0.6049610208143666,0.21090670640119702,0.31052946513331536,0.252135851240219,0.15926825807220524,0.431588226836902,0.5352858251899674,0.813132770483601,1
0.0221697,0.00729596,0.0102813,0.07927252672407759,0.7317183077856032,0.970482768419975,0.7534930206628342,0.6076458229402125,0.7451601543744959,0.5534257315514036,0.20963471841844383,1
0.0445083,0.00281498,0.00575441,0.23663795875919302,0.21273273942518112,0.5580614771322756,0.13088594852156854,0.7518580073706441,0.3779069053953271,0.8465277921608676,0.4154429889040119,1
0.0222848,0.0173739,0.00858407,0.00831073593634779,0.009187684753601544,0.21816734904142243,0.7148909673894686,0.6038730479377973,0.1853735788774835,0.24034341951232974,0.22230863575744608,1
0.000716688,0.00791491,0.00448,0.7678432082772935,0.5761420978905093,0.013112980820642162,0.545398482333206,0.9347033587455159,0.15980414748337146,0.6544950103530269,0.47114794901625634,1
0.00451529,0.00663173,0.00516613,0.6529641198327835,0.8139782368345981,0.21831650873658281,0.17266364115534727,0.9827200314289971,0.2320353353893212,0.8738127849988323,0.5792936507831978,1
0.0313051,0.0029481,0.0128699,0.7107280309128444,0.6008882209707935,0.14694357928877477,0.22720354240133467,0.7065538867472229,0.6810045212327022,0.7227167500968235,0.07265518219667821,1
0.00370679,0.0134366,0.000612097,0.90968023613113,0.4292786193613344,0.14585146199568355,0.4133753638071994,0.1018055914232755,0.7631947439251917,0.831309177010206,0.7462226212825002,1
0.0102043,0.00243172,0.0186426,0.6866828931448491,0.11022352407683866,0.42579516874917567,0.7465210700943666,0.3257343356791481,0.9276512053945113,0.38166851910348754,0.7952625877997045,1
0.000550057,0.00616756,0.0331475,0.5700081941000942,0.7276355136378231,0.7563569860783511,0.08126117865146654,0.7805747089018007,0.2053848654824192,0.960063202365137,0.29314668728427484,1
0.00718241,0.0234575,0.013779,0.07795614978480547,0.17368474344171625,0.05614059965080698,0.5950328818572425,0.08924555002518464,0.3301002403415848,0.8893539338885481,0.6429828566602754,1
0.00300639,0.00527222,0.0148342,0.22188297187185313,0.05065079938334771,0.8854005668412072,0.7716466283644702,0.8734101657535773,0.18209759647526602,0.18135428558015343,0.41246787700759036,1
0.0165033,0.0305349,0.019608,0.12415062769340579,0.18377197552785185,0.36857490058713516,0.9206022787058066,0.17327041473005544,0.03460695837476002,0.42469775040198354,0.7910986159197142,1
0.00188033,0.00178913,0.00431029,0.7455594257106025,0.1975126671018793,0.45331775425126986,0.10611925003178613,0.8818996662014398,0.003324960090642426,0.24412238369978512,0.013534391787395905,1
0.0318808,0.0108797,0.00149149,0.6610635250155108,0.8269356879063956,0.447645183087224,0.5084885907919183,0.5771326206828222,0.48622748817240424,0.9044304774976502,0.21010271530919356,1
0.00388963,0.00313014,0.00619655,0.07747949235332952,0.08830442466547317,0.8693098968092844,0.06931996145970398,0.6998706814647674,0.5226940174274088,0.10841269406879306,0.06084834535729089,1
0.00500386,0.0164164,0.0246023,0.6236015715754796,0.767130565773356,0.2507374841887845,0.3524544348873322,0.6874087950537051,0.23681925968702233,0.4435177239181439,0.4335511395792988,1
0.00847653,0.025937,0.0222669,0.3968370971221442,0.2810156634015941,0.37683596241209505,0.4664998410682921,0.6278517737088636,0.1278482834337138,0.6536580526106689,0.39508147516798686,1
0.00160985,0.0288643,0.011795,0.288510998343285,0.761579830477818,0.3229686287823448,0.1256858027027774,0.9983576534673831,0.7287023103398406,0.9656824532992535,0.7495657931205266,1
0.0154466,0.0160883,0.0070297,0.22862409363181124,0.7311067128736447,0.34543817535571575,0.3409755509815561,0.3758995579426825,0.8964736913650498,0.5003985739687391,0.40351868967671545,1
0.0188171,0.00063593,0.0105348,0.9685009471561458,0.377537433550704,0.8187161710897414,0.2957276138368895,0.04516084948160837,0.8352720709680879,0.34612807082272923,0.8315787570257759,1
0.00981357,0.00367988,0.00365841,0.10998882510617047,0.15166091658979464,0.424457246303665,0.6625510996344407,0.18113023411932128,0.45064502360438385,0.5287245450233222,0.7856977616765103,1
0.00109124,0.0186569,0.00660501,0.49680725385717683,0.04364208406205128,0.12800970069433792,0.7436213030381241,0.746863303850216,0.4119001486729881,0.03195860403305173,0.35360184697220776,1
0.0197903,0.00930196,0.00206024,0.11412386594125801,0.8188733660930626,0.5744990496777265,0.04557804682465638,0.9393317645835838,0.9444314620840724,0.07392767867224503,0.1546924583179965,1
0.00712281,0.00722459,0.0132008,0.05247219748360177,0.6152865182730572,0.7403352309761437,0.8676405719753011,0.08416796162655904,0.2916304752207288,0.6128260734366874,0.4042274207574388,1
0.0103905,0.0462454,0.000155098,0.12681470651251103,0.37326497090911315,0.5315485693178055,0.7949129837840284,0.12360473552338336,0.15078429213983813,0.720530868573451,0.49770753092427544,1
0.00693272,0.00279686,0.00663801,0.8551855626926548,0.9777701430642336,0.9114779491335278,0.08792773727754866,0.03611969577978169,0.4944325479077093,0.1387427982413788,0.2647520251633918,1
0.00842518,0.0174123,0.00325979,0.1605547816606131,0.5382706063028866,0.43900705315086197,0.2327137987236344,0.9284241662751812,0.11456555254074463,0.5575054550299703,0.48729139147893197,1
0.00262912,0.0126108,0.00813711,0.16936170818040908,0.34349610771407246,0.22880679441577134,0.6795193048907552,0.35476111133026333,0.9565566784012999,0.5669701063678637,0.22704823231831395,1
0.00148002,0.0222661,0.0163681,0.4721683221597094,0.5888087363235622,0.6516969066674095,0.5274194549256659,0.08910159951817342,0.638462618181665,0.4159129382926452,0.6196315775898026,1
0.00192889,0.0115215,0.0362299,0.7215295533440976,0.9817946256952953,0.8314626992283625,0.4473813185417225,0.5236667570354083,0.4403831713735923,0.47440685086126666,0.8906586770386181,1
0.983073,0.998071,0.964434,0.27110666379693515,0.17014563082363465,0.6728780236417613,0.7833737594489834,0.9247221898032507,0.9929594723369352,0.6207675542292364,0.6660949014010568,1
0.988315,0.957486,0.988662,0.691994375455023,0.1783311691498809,0.30700636593416264,0.9377379952279946,0.717331036678476,0.9879802068772844,0.6512452670916945,0.34706627516332933,1
0.924633,0.999522,0.987912,0.004454373981423454,0.9331470267755286,0.30433827512723555,0.09699732760016488,0.46630921506321255,0.37565360697444694,0.2890164703696275,0.15469254634661456,1
0.990165,0.990001,0.999153,0.8298108452788702,0.19396333611321925,0.1466878075471717,0.8799215889213917,0.6736087602899206,0.1733959494425269,0.825586216978489,0.42915133980684683,1
0.996402,0.996566,0.994077,0.42229164995309,0.23158990483768893,0.8218461418835121,0.2494634216588445,0.17176446362255116,0.23973651195148915,0.20021700608470283,0.3438777032349227,1
0.988935,0.993968,0.999953,0.07066794748190852,0.6799505740713206,0.02872408457921838,0.18165581442194978,0.4736747872500602,0.2748125419426145,0.33994787243639035,0.793166891974367,1
0.988177,0.996676,0.975167,0.36174066749107225,0.9886815734371968,0.5849761838126506,0.0964890484055434,0.8054947113501006,0.6242687420771647,0.6165583672480972,0.4095962669096924,1
0.994744,0.995392,0.968541,0.13657115596883695,0.24944070737012525,0.06604102343974572,0.14843635431186952,0.7794941082360691,0.29577743875172735,0.24836622781108142,0.8076847754476587,1
0.988291,0.995666,0.996206,0.356635127569483,0.4905409957956327,0.5745458532958869,0.7944376545359644,0.04179474518949311,0.6585200658427653,0.054122970156344374,0.1729033341552909,1
0.99612,0.976792,0.987561,0.7303338024831536,0.8742374019210618,0.4451082117735683,0.45026823813896044,0.24542059414742268,0.7488449405762808,0.6178145678930972,0.8358284271679065,1
0.989243,0.986331,0.966491,0.014463061416467027,0.7951450822133519,0.5497038264136004,0.1908337860689634,0.3026213492679384,0.47073240878364064,0.29507615479884763,0.0638390595650784,1
0.98194,0.999556,0.999002,0.5044098881746901,0.9510991251701876,0.20814674516112652,0.6475482370442769,0.6905340827962381,0.44346535270461496,0.2582519714404128,0.49117438063274754,1
0.993672,0.997145,0.99835,0.0015180839442020533,0.4662730814742445,0.9839746519016705,0.3864474798421782,0.2356679440978806,0.5770542363363291,0.9561408064353092,0.7459351150407377,1
0.966207,0.990142,0.996524,0.31991209087283334,0.2518644912181037,0.7966787768482724,0.1632675306898156,0.02256009203507625,0.3475275974505553,0.45354132489218024,0.1547774115460313,1
0.994258,0.981333,0.985686,0.9470929539186433,0.8533706834093926,0.170314740561329,0.30817191037865,0.31185542995074245,0.4641227803369643,0.9840870975023721,0.5573691416034222,1
0.995809,0.991023,0.975194,0.9968552905485928,0.2584667771339282,0.24710783343934262,0.5583933610268118,0.43345765181650286,0.5447867030347295,0.42171985624915276,0.7704119889270398,1
0.997907,0.996376,0.989283,0.20141120349890385,0.4700796364579233,0.48237795682333207,0.842998009037453,0.9639605131965623,0.6819108518330985,0.2918546538879967,0.22224168624090823,1
0.997158,0.984821,0.994873,0.31045339448463105,0.7464478287314734,0.9812536232581051,0.9445197148739173,0.29976607476341854,0.39526707119921256,0.6853188922185315,0.214308585946702,1
0.999551,0.997389,0.989904,0.45470917971190483,0.6399764662689684,0.1227337760132029,0.6475995340131325,0.49083514156078223,0.5419818991594181,0.3121807438419898,0.7741755773136503,1
0.981333,0.989437,0.992967,0.8235845143411143,0.6804563876067022,0.6429696392959933,0.11825875084562232,0.7247826301538876,0.9446755613173832,0.6653348478432547,0.9670306786875035,1
0.986332,0.996245,0.992266,0.8210096665169633,0.19605675700892677,0.41959895518238943,0.8541852206657324,0.04282868933152195,0.3152376222422345,0.38459800358929397,0.294134496173329,1
0.987787,0.991978,0.988442,0.6415568233740386,0.19187045387273716,0.5166552465491641,0.833730508181839,0.03482925470145126,0.17034182857944558,0.052079423552239934,0.11004479964434088,1
0.989834,0.976596,0.996275,0.3514626867899777,0.44240564586801545,0.9563627235445118,0.4309385986453519,0.7324489286673825,0.1522151496907812,0.8424026777412896,0.17819185006428528,1
0.983669,0.984401,0.999817,0.6053632420929388,0.41552164265602987,0.4016501489276171,0.8173813837587061,0.5759278509989895,0.9303679209462433,0.796982955663458,0.6946627340740498,1
0.996507,0.998468,0.955665,0.3108705459712021,0.3312161220347687,0.6141570455172993,0.9235357657907156,0.0906834902779684,0.4673631082244998,0.3225779631564655,0.6032316108125613,1
0.999815,0.997118,0.991086,0.8980245472144062,0.11253784641162567,0.09184010203186643,0.5976660749780418,0.36987045606549696,0.4719692410891225,0.007639956639048484,0.9272764183822069,1
0.997539,0.999241,0.987388,0.1971149417323922,0.03583373082858721,0.49325244615058594,0.0338302915364489,0.4050050721089552,0.09497444200641947,0.04124704696609427,0.20384129226873215,1
0.986182,0.983748,0.998019,0.6535950143445587,0.9301135053735287,0.9866018072619211,0.6975111512550136,0.44701893327154407,0.0054229928213183065,0.8618082135101558,0.5732505377836796,1
0.964961,0.996014,0.994231,0.18920929785647012,0.4098492355004426,0.45954731748641797,0.031748838274019864,0.1234697819975542,0.9663330715306431,0.9255746412541971,0.21270398914723698,1
0.995885,0.983206,0.986649,0.57992264868118,0.2594508478468599,0.15017438415530493,0.022813943876552556,0.24194030672519717,0.6193612273559937,0.3139030615162458,0.1518642090086677,1
0.988441,0.96911,0.988566,0.3734609972078651,0.5917874674455944,0.07607547409294879,0.047027010005994074,0.984973069044199,0.11113348961854586,0.556711423628233,0.42671305637919466,1
0.989069,0.995992,0.986652,0.24534725358289677,0.5074404856016892,0.5533033127196247,0.6521182149706172,0.21959948632869553,0.1787143888825271,0.35143139896840025,0.1386381035112898,1
0.986428,0.995878,0.997253,0.7879387319978247,0.13220143757984215,0.8443685513285647,0.9091372863503164,0.4247584132756297,0.10031964976567231,0.06047114138451071,0.6220919358581221,1
0.99941,0.990334,0.996322,0.9159328808291602,0.47791614070439836,0.7262780852319722,0.32377561949111533,0.5019817495637532,0.3072349343850638,0.21600365396611843,0.4226484481946482,1
0.971677,0.994522,0.972279,0.7691069032714003,0.19808988564254004,0.3633527705248285,0.9290206396174727,0.6928997719630908,0.005077444057427716,0.7511667218116499,0.3305844104646426,1
0.99795,0.99325,0.977322,0.27970569677558654,0.7611766014519403,0.889324542286006,0.2473923320878838,0.9083601851512291,0.6739910292955854,0.6076645804908076,0.5512794282267722,1
0.956223,0.986943,0.981068,0.30112578647046784,0.11160715545828348,0.8667901022813029,0.4279064529510409,0.594711814444447,0.055304691655821414,0.6077369719320246,0.14264539847120827,1
0.998567,0.998766,0.995741,0.3084591774673219,0.8816273334861372,0.9829299380990278,0.28500639448359155,0.39753165484753805,0.3457509949483708,0.16460418715869185,0.6078630516844143,1
0.997312,0.967191,0.980562,0.9234557392530875,0.060707332790386315,0.39895064074855646,0.2952741495327642,0.16428094586313735,0.8506000018031609,0.25308996065828115,0.19932158501925878,1
0.995051,0.98393,0.988597,0.6927048987058031,0.18006629649273198,0.8009912054685476,0.5155489281432042,0.8617385790236495,0.5658253347041269,0.4093259932292542,0.026657628915762954,1
0.998455,0.996365,0.98408,0.16405440708585628,0.627453192045201,0.4422871449570346,0.9888829384677373,0.7509487205937818,0.731619956039171,0.3674883178613392,0.9144661608176015,1
0.992872,0.981409,0.992462,0.04358167990832429,0.9453165823010724,0.8168102640022475,0.4277501159671627,0.4065516753081837,0.9057758709753568,0.3859069878077791,0.8725640565665129,1
0.965353,0.985808,0.986759,0.4324622103204452,0.39017675621164305,0.3511239068312647,0.14769729771555762,0.9517587606466671,0.7077786794511174,0.35739538411420724,0.5420857584430916,1
0.995289,0.995711,0.989039,0.5449513415087477,0.9341850213044158,0.04723015597287006,0.7034299661179119,0.97350899602449,0.6270876942292121,0.14304537191010958,0.5608355636264202,1
0.989492,0.979164,0.975177,0.6392481346098191,0.8479122776872855,0.2503010887924523,0.9725427043300617,0.7127982310204823,0.41337164235914203,0.8605889044655978,0.1091718877580784,1
0.980342,0.992933,0.991762,0.3309211747478644,0.7609930089505632,0.8020534827107961,0.11776719685299653,0.8357887326596911,0.3079207465473013,0.2835665045809058,0.8563209086232375,1
0.973053,0.988744,0.971887,0.9899619673829959,0.19196711615592366,0.08078790541946912,0.18352487255612215,0.437774128430405,0.5737752030140109,0.36341986462203757,0.5625981428869519,1
0.984973,0.995217,0.994591,0.8114138890865956,0.573516067084887,0.322733203803375,0.43231976226104984,0.2511884195095734,0.8908386380106907,0.8671895067406333,0.9953734458577781,1
0.977413,0.977145,0.998709,0.9718739028915443,0.09017374451661142,0.8819327292516398,0.7214609503495256,0.6302540734476663,0.563395598030178,0.10612536880558632,0.48042733136522875,1
0.976155,0.960277,0.993388,0.09041897121595344,0.4360657597732994,0.9148596893619368,0.05177468363624915,0.581195921223478,0.7660266758539487,0.5910952116466677,0.3874762839765976,1
0.983229,0.990245,0.994404,0.4073461107899268,0.711864552148543,0.6507682090631135,0.2681205474177436,0.09056122878778983,0.9508384679957714,0.3527790289528753,0.33779579934943993,1
0.990202,0.995548,0.993833,0.838565333559676,0.07449222594398286,0.11752157221727078,0.651845170853394,0.5177965931145051,0.8828128961258922,0.9207492807754898,0.5852142392880487,1
0.982928,0.997331,0.972546,0.5072183176003807,0.3146468866456176,0.7207288959848129,0.21818527858468406,0.47179080545614893,0.18573323760674654,0.14388364811303322,0.5828212541514838,1
0.958496,0.995815,0.999796,0.8704132961451548,0.3030613581493362,0.8544664662794418,0.6821330220827395,0.6289781476692152,0.5341827489095736,0.3665956111999975,0.7185667058625786,1
0.993409,0.992965,0.957886,0.23996002598218547,0.4167603018186691,0.8975980620504098,0.976151033271667,0.05964415464573036,0.3573317334776158,0.2784381765927948,0.4148926627276228,1
0.999444,0.986866,0.991828,0.1263643072395796,0.29406719954448624,0.15901422089689277,0.519943721003311,0.8870632595706605,0.9774126978385619,0.4254718025916171,0.12138394111338435,1
0.996509,0.987279,0.993928,0.7001172483326534,0.15076121598429482,0.04196757972999532,0.9149119008211359,0.44243384758398585,0.4496250382008602,0.9838219054973096,0.29367143061953505,1
0.999354,0.993364,0.994607,0.9402166801918638,0.283299028792409,0.6630196921207101,0.9523691023087913,0.9979400180495159,0.24172273544772227,0.9410343417169517,0.11134545731864609,1
0.971904,0.99195,0.971476,0.9255621783695142,0.14163074840276368,0.7230670711469189,0.01769508693786659,0.4557295974180118,0.6941385378681469,0.46124610354041984,0.6707888840185968,1
0.990567,0.994301,0.993374,0.32464122160904973,0.7975883819736468,0.49964124668236276,0.714661494215294,0.5620902468820391,0.9095829875952925,0.3447346540976677,0.03350366659877646,1
0.990729,0.994332,0.964243,0.4114392553823296,0.9853179493914943,0.8404299416584083,0.9295599143816837,0.7081258260345096,0.40678604066000346,0.009539696495592942,0.9959367073081191,1
0.995106,0.995885,0.974413,0.2522832768778076,0.3652642575650348,0.9585100513069075,0.1779769991847977,0.5257978354574206,0.39204447925143593,0.2901112240383209,0.01205782990016091,1
0.994772,0.988278,0.997984,0.9298703537531572,0.07023183190499016,0.5620451272889332,0.030183290442677757,0.22476195435444646,0.08081375201821173,0.7493993723597993,0.3799573780832167,1
0.989959,0.989092,0.986968,0.3466098928988438,0.9315364402011801,0.727266536950237,0.49053873212795607,0.5382461349227047,0.8409326127150701,0.22550641847610564,0.046771233777958776,1
0.983476,0.994341,0.980311,0.9826221189422809,0.9069657652026667,0.8767671535844965,0.7369709120446553,0.7342204336158346,0.592653664175753,0.5590817322592145,0.8263502402345353,1
0.964281,0.978242,0.987776,0.16780662656454115,0.4661944680108545,0.6444461229922244,0.5209406723715303,0.9931417595618159,0.4359498116222601,0.07983417085820921,0.28546797765370857,1
0.989728,0.994748,0.986231,0.9148212201887126,0.8438632631819999,0.9349418476429998,0.1586995468369815,0.8019314242736731,0.9320730809024823,0.48115459029213403,0.7382580652693462,1
0.969772,0.994561,0.999361,0.42677790738713817,0.6382643391485593,0.33320979612871804,0.3978382091736198,0.7840002472799744,0.3157992137687038,0.7692194242072723,0.7687661973162696,1
0.986318,0.993027,0.986616,0.16921532866230216,0.7774847866869085,0.6627252391670874,0.7420136683738109,0.25172734014016585,0.6595165691546166,0.9446431094393162,0.5043538151826572,1
0.996999,0.987416,0.984698,0.8979504814553336,0.5813698885971342,0.9092848579257146,0.619252855780485,0.9725333142536994,0.7810441596378707,0.026177230073644697,0.4896881529536872,1
0.932441,0.98979,0.996359,0.9825162475586582,0.6877469575168261,0.41859919337428253,0.4309706132940775,0.9604774227184601,0.17736554219876088,0.7436025475531625,0.9893530445373543,1
0.993895,0.99687,0.994976,0.060441865916840753,0.7361611961895456,0.8824954470576125,0.7552860221307115,0.8026762022287979,0.5858907408265116,0.21464827912886486,0.020708803828818567,1
0.978748,0.993376,0.990828,0.7459330096254584,0.4067886546251356,0.7171610293229551,0.8133582381814526,0.8608823795399364,0.7958424281013262,0.0432345286673711,0.2551105172659274,1
0.985868,0.979247,0.996948,0.07211526628884157,0.27332565267472,0.5754586246730525,0.9768574810591247,0.9352918067076302,0.2449922821438908,0.010233403043478084,0.2885238748339287,1
0.999651,0.997495,0.980087,0.41720528585669814,0.997021575583361,0.27711262049572016,0.5696581468898141,0.37453606933309425,0.8596738818182247,0.17039154434584536,0.47196493063068556,1
0.98994,0.999671,0.996251,0.6861288397993613,0.3031662936134766,0.4592747479907342,0.0574058777963965,0.2911749517621851,0.40142556994325196,0.6963538397622472,0.011188626616308595,1
0.985712,0.987247,0.995146,0.11873679861870812,0.2287009326465691,0.6809574965556482,0.6056127961368802,0.2640960354013101,0.7977708071181892,0.15084209338882637,0.6399734684304467,1
0.979224,0.992815,0.988462,0.7132564455325511,0.9303344526531129,0.7010885240145325,0.6621948012430895,0.8977497298954729,0.6713143341109512,0.31639450332139796,0.5595391400157917,1
0.990656,0.993857,0.99372,0.5870954333992131,0.8520820344856582,0.8700437332673722,0.7182043328415987,0.4999132168126368,0.6085277924329292,0.1602755473181391,0.3610872574530022,1
0.971158,0.99798,0.989596,0.9552544424835286,0.7237526891424985,0.7355404753644311,0.06137455394503499,0.7500685734001419,0.12006774644791463,0.07226270023990633,0.7763753738336234,1
0.979779,0.985297,0.997948,0.70667565564127,0.8679718503187812,0.2077456579198037,0.527039975296802,0.9235036743608127,0.832805866940483,0.31005308271532683,0.3873840209936723,1
0.996306,0.999102,0.987497,0.7271206056818124,0.254086886663087,0.593388304591408,0.5786074488447099,0.7664379997028254,0.1838707915723813,0.6557751316613131,0.37417243284406065,1
0.997749,0.979842,0.989693,0.5963962599382561,0.16276508933884948,0.7267406625391355,0.052147787619926556,0.20253995577020345,0.7355455603930274,0.7359460742210949,0.6575123478328284,1
0.997159,0.998496,0.976181,0.20717304183282947,0.020733692075445842,0.1699636284341831,0.1787538652475933,0.4116182412571231,0.957552457022929,0.27686022786898656,0.8031873546004898,1
0.997862,0.994524,0.984014,0.2166967191471988,0.3046738432415116,0.31837627360225207,0.8414339615864087,0.6647279210034334,0.24896774832669433,0.8917572193664084,0.2475610431140397,1
0.990457,0.974596,0.976383,0.48634684543242535,0.7864885557255783,0.9605061700908163,0.785077094529201,0.8836292844064618,0.11410925454450205,0.6965726938563007,0.004271284828862187,1
0.999747,0.997111,0.98578,0.8020761761724178,0.7477846626455383,0.69475189418902,0.9885700159941524,0.049728717684808244,0.6965235885583919,0.4614597334835979,0.07203732016136077,1
0.996987,0.997787,0.990692,0.8278283784245084,0.6364350129189099,0.4720818018978734,0.09101038760548152,0.8185641739772959,0.21046315670671978,0.23224257613372734,0.03042735027441612,1
0.997565,0.988914,0.987035,0.4216279701469732,0.9709860916770592,0.767775772430503,0.5623390441241076,0.6754475472958681,0.5640095608214777,0.6142217764206492,0.22647144269646946,1
0.970219,0.992113,0.990112,0.5344615739462226,0.5835227931671593,0.2955349435264252,0.19504438972883742,0.6796208366581428,0.12770494422508882,0.6405477335304897,0.6494648897950217,1
0.986389,0.995497,0.993166,0.761014756875665,0.5470701093944271,0.6185856202553082,0.4842681405238459,0.8029327265621484,0.9740153712088266,0.4186316313211419,0.4724371536293096,1
0.999365,0.98522,0.985552,0.007740939840551908,0.5927991106343365,0.42504194492802605,0.31546714030404777,0.9662688437727741,0.33270452402814354,0.8938424683842491,0.044892248345961505,1
0.996716,0.984344,0.994396,0.6583629452546677,0.03278639288430574,0.9589077664301748,0.9008290234829518,0.4876097926355014,0.8212776435823795,0.8513864928670577,0.1517240718845887,1
0.991075,0.997745,0.984562,0.25848168940785154,0.11698100785835985,0.2525178244543045,0.9140092320639452,0.6088776403788899,0.8929859451224254,0.04117176584113802,0.17615289423621383,1
0.98137,0.995849,0.998601,0.5750240983444876,0.9658699748622439,0.5341346226483945,0.22067271605056615,0.5232423904578853,0.5532278048988407,0.014422607929795772,0.8012558250198929,1
0.988281,0.995756,0.988504,0.09042595272846654,0.03330396266895774,0.186543611048674,0.3815336767703591,0.36175300956216827,0.8957489796022214,0.9910346666436062,0.6875923403817765,1
0.998343,0.968578,0.958708,0.07623913420835005,0.664600743325672,0.6112434111842443,0.5810411912677804,0.3548450141177151,0.6613822265039767,0.8714899615871312,0.5940995302668411,1
0.990825,0.985321,0.988235,0.5697225308846792,0.9878679232949127,0.9868138464071798,0.9781718115557463,0.5231630334379815,0.3363414507503004,0.14161804036727677,0.593687510975018,1
0.992704,0.973254,0.99671,0.822441911815128,0.9598570382408543,0.9781124942096675,0.11330259099523388,0.023909480898258062,0.6144839973041366,0.8741978931932358,0.22860402105844724,1
0.997378,0.980239,0.980137,0.3623666813182451,0.2618844934583603,0.02940412678599813,0.8602016135289853,0.03846931130156295,0.13309812137334698,0.24243354343687573,0.4361775096146967,1
0.991034,0.98923,0.994208,0.49546091004863924,0.8387249092078349,0.15144595184204923,0.6659382152683627,0.2975427411998418,0.8452099265532941,0.5168926139451872,0.6219122485676214,1
0.987378,0.981389,0.994119,0.41370887631282216,0.7841134116466704,0.5776365217345975,0.13585278980824078,0.8053111157743426,0.6195895897769945,0.26835478244040134,0.9283282090874208,1
0.992009,0.963396,0.999372,0.3886622625168744,0.6714079785516608,0.27474597886329866,0.0886074379019034,0.17360201346674742,0.2696779491373299,0.9221072400701043,0.7613519321845615,1
0.994723,0.982494,0.989121,0.12465472574934033,0.09022971524045575,0.15749556251638464,0.39788877372375786,0.25344018302902727,0.3375268360300838,0.710950770859036,0.8452899648342426,1
0.985541,0.98616,0.991953,0.9758470678124341,0.9316075525760007,0.7420130239362449,0.7717654355103956,0.8321057368318879,0.7405721459510355,0.39397882020424846,0.01968932227304998,1
0.955506,0.997272,0.994873,0.1668244260393209,0.538727219743282,0.37042302619658407,0.04073906520606707,0.2281375138435504,0.08349513034347189,0.614360892122272,0.21416544002038584,1
0.998272,0.997712,0.998711,0.7121418004850637,0.0638864753317151,0.4506674009666264,0.816975789274195,0.9937526835858467,0.8307937227630844,0.18202863931129487,0.18744117069578425,1
0.987599,0.998175,0.995599,0.7080900207313374,0.6616509777498317,0.21066536866857266,0.818326859165821,0.8773033397351983,0.06663012135846036,0.6588206253085642,0.06782908685177924,1
0.989489,0.985124,0.982359,0.0866851914508906,0.008867245513717648,0.605612342619961,0.28950874248784064,0.610294260315111,0.427461792467019,0.2192266144871179,0.35051789070612493,1
0.993598,0.99752,0.993534,0.1419783531811224,0.49546980381351957,0.9117422449014403,0.9376899987093935,0.1545150252264934,0.7599046778887214,0.43104517266229037,0.7108819364473425,1
0.996981,0.996384,0.993816,0.514345900858435,0.7212754354189337,0.4789579361339956,0.5779567373341827,0.05489958618130675,0.15225509115997582,0.6225752337724848,0.7384073268403722,1
0.982579,0.958972,0.997031,0.10565474893286253,0.4996661848531875,0.9262614046127234,0.5592516386396641,0.6182113909083538,0.24928053540154527,0.609527226060087,0.22113968870440437,1
0.991897,0.981702,0.990529,0.23282725052480746,0.44122291671791924,0.927050335380163,0.20049458246680862,0.001778332635238189,0.1422983746420906,0.06835152488435225,0.17846053264320794,1
0.993961,0.972899,0.997462,0.8751165228970308,0.10672018496256341,0.5977529511941941,0.9429339390767674,0.7822597958083477,0.5162742071497128,0.9252466652885345,0.7151196831069263,1
0.979006,0.996006,0.986116,0.26333949362114817,0.882825954597262,0.4429133062212758,0.2794324698052173,0.699205941386236,0.24275768459347002,0.28647741344201116,0.7687925702092222,1
0.985867,0.968085,0.998591,0.767429512390974,0.3060740243875598,0.35384895839276453,0.9354071297646078,0.272145232801284,0.3579709756826511,0.7159053515970484,0.7006389986651246,1
0.993778,0.99895,0.967126,0.7591772302854907,0.6058948086215078,0.7999783773268531,0.678095235629618,0.6160067870275047,0.08228408383519714,0.6249936308858338,0.5970037564007866,1
0.988938,0.988953,0.975702,0.7454817116944928,0.6083973446917733,0.20160093603234208,0.8030301481632985,0.8711427886236396,0.23574978365278842,0.48094500796819206,0.06437849815871288,1
0.989365,0.997725,0.987885,0.8064023998296745,0.4309819712210201,0.5383472934892667,0.3729788207304432,0.799047569965372,0.2118421928985722,0.1247310935524808,0.6046832635779064,1
0.985578,0.971699,0.995281,0.7537327010414728,0.35536656632653973,0.994160129591036,0.5613094638223064,0.6241884160126787,0.28241357558601976,0.2677617592436987,0.8145625697035276,1
0.9998,0.98855,0.975732,0.18746162465876826,0.6121335674790385,0.883299974442897,0.36740874087028674,0.7425296630338029,0.7288132097020168,0.4607932817824283,0.5558384259772359,1
0.976375,0.994007,0.954527,0.017968812545726798,0.8845303437632845,0.6598760577406139,0.6410068310733507,0.303551632664789,0.516854274549756,0.002440231603919929,0.4306179040538113,1
0.987063,0.997574,0.986939,0.30625378661810443,0.26256242685868747,0.8717101248560241,0.5087269031644286,0.3044002809757381,0.5711587175042058,0.5255692289967444,0.6094308700034755,1
0.992938,0.972258,0.99386,0.6646718005387268,0.008770766804273022,0.12292067664003559,0.41719093927082096,0.27327106105944865,0.6994056096729463,0.7988656667427382,0.5424741818711324,1
0.99233,0.989606,0.985305,0.9579976385687116,0.5861034482289791,0.243350496544805,0.3524574640613398,0.43294407415778047,0.4976837000514548,0.5391050675897071,0.3057900187594961,1
0.964676,0.959463,0.993534,0.4001341153146867,0.47687179573613314,0.7834504294382533,0.9927142319019817,0.050173919517627064,0.9358971906825337,0.7308428990723044,0.3726942786273022,1
0.973176,0.986782,0.976799,0.8339320880111282,0.7955089791704153,0.3656097146635213,0.5131650446303079,0.6575213366457405,0.2711170825286777,0.5076591288891851,0.3692791648901007,1
0.992429,0.998737,0.994096,0.644498718919782,0.4258813253420459,0.6612402196087331,0.599945544423366,0.37324127317981903,0.6221474829266279,0.8571159014413811,0.16263653328832306,1
0.991351,0.986239,0.954369,0.45901595394183903,0.9074918744990329,0.7137725635060955,0.9498018542505048,0.04272298793775264,0.33054002195536225,0.9914037707055919,0.6422130155959215,1
0.996189,0.978036,0.972916,0.24228554724572238,0.7086088934976464,0.5194178576579274,0.6620420021476983,0.4070199530821057,0.9564189213073774,0.5259753360922116,0.018267911864051634,1
0.991351,0.994386,0.988532,0.18310830773003672,0.7948618788003908,0.9329901567575826,0.034555127622082904,0.65716511846498,0.2611354162160273,0.8765221884231311,0.7906776001352521,1
0.985829,0.962472,0.992124,0.6807903331369095,0.40123695478951604,0.5393577872877867,0.37225243043244227,0.7885600260389982,0.5732710512565309,0.028565571547812696,0.44968876972395977,1
0.974239,0.991051,0.968845,0.5595473451866401,0.3249621084058887,0.5383068960515268,0.6931360383545867,0.6940175907708184,0.22817269857195321,0.90925622212011,0.12283191033065699,1
0.988599,0.993667,0.995335,0.6081339543377331,0.5245749420311209,0.3452685189642605,0.5846740712107991,0.9437117782731471,0.23200902605203744,0.2319438150734323,0.2641257710145902,1
0.986312,0.997996,0.97027,0.29715646070956825,0.43607506839468746,0.04452464785523025,0.6437779110799946,0.48133295263994313,0.9764562959432522,0.8864568400301728,0.09021514413391407,1
0.988186,0.995953,0.998597,0.793824883229099,0.6065434179053601,0.04707600797478828,0.8195778274338286,0.9082726673590409,0.17347164664371473,0.9518379382906184,0.13672698941546413,1
0.996579,0.992367,0.965275,0.4867443467614486,0.5060627864882765,0.8756910184730309,0.07848117105280161,0.10538862641181224,0.24821720448556772,0.16388896323471325,0.12207588450705187,1
0.938494,0.986834,0.989647,0.6842830894107553,0.5683797915571149,0.11965920394428597,0.08441144092611097,0.1667582738404335,0.2909731382362637,0.31117787589169055,0.10951209378780502,1
0.991545,0.986244,0.991207,0.532749645315368,0.17436293870076247,0.9570258173090794,0.3135501931369582,0.22756672630259378,0.7020853635298158,0.12398891596536743,0.3934743948453995,1
0.996341,0.991091,0.968051,0.51330551568041,0.23728573691210397,0.1941356269006178,0.4186637170206876,0.2222192323395208,0.20654988152405773,0.889990977176251,0.6769460522481854,1
0.986953,0.980643,0.996625,0.15478000635316147,0.4266835304862695,0.10130594175618957,0.8693231131336606,0.7743243192852984,0.936713623839353,0.5943790086734778,0.21177871824191818,1
0.996215,0.983799,0.98449,0.5255923132842685,0.36791288045334913,0.7808394118463637,0.24908808908781,0.9258369547499283,0.21031821929082495,0.8423358232514102,0.7129632769528209,1
0.99179,0.984355,0.993981,0.07909721928256452,0.8658299560394913,0.08874881347531871,0.7089045985269804,0.04348873475382442,0.44429574706669084,0.5900294537042771,0.0005304060571593716,1
0.999103,0.995475,0.999341,0.6434465966277367,0.3199643412765565,0.1225389658740198,0.7909460365741358,0.18694898502953639,0.423345330088577,0.849784230606709,0.7992268135604611,1
0.993592,0.989597,0.974689,0.08053363901908606,0.12726097430950922,0.5964763705424128,0.4613854854296148,0.13360566944051733,0.8521468434213958,0.77283733453539,0.29431484828033605,1
0.996242,0.999393,0.995213,0.2515432765588379,0.1948773275832577,0.35457807844971834,0.7293424745328734,0.4201464852491509,0.7647622708994302,0.704905674216567,0.2800627945505073,1
0.991735,0.978415,0.991513,0.056176999309581865,0.6122013561481946,0.18508655292553744,0.48496507241515807,0.6015247526906442,0.9448517393902927,0.953134221204126,0.9935511890725175,1
0.987908,0.995473,0.990598,0.047672736029032325,0.21949782393272288,0.8960766821816333,0.3659516958913417,0.9714060840561424,0.2158508233972708,0.9774699884427587,0.7390417123244825,1
0.983475,0.992029,0.999725,0.2515456670321856,0.6108202953370969,0.6281798849931441,0.13451586878215005,0.6343023343009584,0.4498909395562707,0.6858367184682551,0.5880165261756465,1
0.9963,0.972251,0.991559,0.4602706785041887,0.01438423839927161,0.8549041545346538,0.41181756368303446,0.5961767229636322,0.9637821811996682,0.06898727493177736,0.4689990217789204,1
0.987934,0.989269,0.990451,0.6315603597870706,0.7362008911122002,0.8025131783436771,0.27680321011128484,0.8250991882207217,0.1787487379777144,0.1479476614303531,0.9532726015437348,1
0.989774,0.999015,0.991922,0.6134648414702344,0.5035528285165852,0.9111181546660804,0.5987632260713777,0.7810673132996665,0.613033376208309,0.9824501713619771,0.9226404632902264,1
0.997145,0.988615,0.991479,0.07323926161214267,0.8168088197591623,0.5251914655626312,0.7056989304711958,0.12256759971769426,0.30953622390098534,0.30875935167050594,0.15434092423600188,1
0.996316,0.964344,0.992777,0.9989961002408384,0.05331641351393335,0.17575618908257074,0.11332883927627246,0.8888099700347689,0.11825109557666003,0.3452758911766024,0.2889889362565832,1
0.997583,0.979714,0.973811,0.09414649613742454,0.1675093314889039,0.7595866929048936,0.8274870652676628,0.04351219162787845,0.19583247479459687,0.8779960968397623,0.9343850435174347,1
0.995252,0.993344,0.996829,0.11043993261758756,0.22124760193446324,0.4050953748081937,0.6653105431624152,0.22716468061712014,0.9365274446040571,0.9438791330997592,0.5898321202532182,1
0.992476,0.995985,0.97466,0.18474597831783712,0.6228305918406025,0.6923958521185446,0.013134838379621705,0.009589959201214526,0.4649900151829103,0.8809462563586999,0.3267295885513051,1
0.992692,0.997114,0.99782,0.11682651546525435,0.30656390593051097,0.4154674762215227,0.0009419066739322357,0.6823992436809793,0.9127269879637974,0.28813820647224464,0.12248517392231895,1
0.992479,0.999344,0.976308,0.27851659627408487,0.41068296045399333,0.9255273958450239,0.816129412065976,0.41490370460206183,0.9222126164531202,0.9857499245455069,0.16235762188920888,1
0.99445,0.994257,0.985077,0.004260589392784286,0.09644031503774941,0.10567693101373443,0.07115356250958937,0.616976069451309,0.3921999114524515,0.859628865100515,0.9162590324919683,1
0.979685,0.999451,0.999859,0.7445700433380243,0.35939409363667263,0.7662665296090038,0.436829162206019,0.7882989235407337,0.35683474942064775,0.8246614923200449,0.8043012685943906,1
0.994343,0.998735,0.982301,0.0783113685618948,0.9163557548690254,0.8442235981771027,0.9937610423042146,0.5819901534694506,0.17304097398007212,0.2292610631245573,0.18154265327335883,1
0.983863,0.998647,0.995511,0.42169277797260274,0.25148618310295845,0.41001978578728804,0.1834264671709439,0.5548291153236319,0.585483661669369,0.4959331837936004,0.10280148321973759,1
0.952841,0.99849,0.999102,0.5653285104382636,0.057231325326501215,0.2896104341547113,0.48451077474214155,0.9110784153920647,0.7473931092667456,0.5274791644020056,0.14049734100599043,1
0.94881,0.993747,0.991449,0.9947854038592369,0.3987500663218777,0.7349343592435641,0.9633257009318308,0.062152901039431385,0.98877573302338,0.6735469915856599,0.7281241221366629,1
0.987292,0.989162,0.998056,0.40928735130959915,0.12608747401714016,0.5681283612817634,0.18267937809178003,0.2409176203908373,0.8603408251200364,0.14701493379384856,0.8713017542715296,1
0.998764,0.997645,0.99378,0.7915350625585051,0.996865114397336,0.10985136836231624,0.44011306579476217,0.24336456691229846,0.03253872472178321,0.20411827712668562,0.2047984967150268,1
0.973003,0.978822,0.983336,0.4168489609844165,0.5522731985876058,0.45626414481842825,0.9686507882627495,0.1113530969018448,0.5378692875593866,0.7389395472613839,0.5114742563455721,1
0.996677,0.999894,0.976962,0.4004362325635933,0.5046719881111977,0.34952924941456187,0.11686315309892115,0.22170474214870095,0.6603342448148034,0.42333578951977313,0.7971561252712326,1
0.979304,0.996262,0.999708,0.24682561724724095,0.9920491937151854,0.10727973838680194,0.6919846312229633,0.022997717726131572,0.033590911253099764,0.5034448738456601,0.011297945908236628,1
0.976605,0.989512,0.997773,0.3734792113919413,0.565188770203913,0.5945430733505948,0.41519526214306013,0.4615609174315072,0.23388532649661842,0.05419290129366461,0.9948637059429722,1
0.998464,0.99248,0.999185,0.7320210238116636,0.8524963683270531,0.7536433701745352,0.43690498355965135,0.5449487837001392,0.15889193089638454,0.42522475937915194,0.17898890042289073,1
0.999181,0.999471,0.987031,0.8763959835073875,0.35422092647017744,0.49659998875322564,0.05120162107432369,0.6551348796047458,0.38884260545469085,0.08411079255801057,0.9055495384831341,1
0.990886,0.999676,0.99422,0.5465834466839468,0.8462593910667672,0.5287987624173273,0.6852876125764037,0.9025683810746619,0.9594260808225312,0.004423382003024501,0.02273699641447291,1
0.97216,0.972519,0.994111,0.9569779381767937,0.542325819843496,0.4445491568174692,0.21580553233745137,0.019291745740966815,0.5854662448792513,0.658563477078181,0.997534080065259,1
0.989996,0.998428,0.985547,0.8474439531412652,0.5106649730287435,0.1423790647712717,0.6206627769128212,0.8083571436404489,0.9231327400292713,0.9011859379341203,0.38774830695119133,1
0.982811,0.993326,0.984646,0.4342516733758186,0.8842661071802254,0.03481570841978787,0.8172595653892021,0.35496146778964743,0.01691066426992771,0.1765468434202,0.801772419768867,1
0.998636,0.994546,0.971453,0.13078865366072967,0.41980241192842205,0.1901269711516319,0.24802163428157498,0.24096096580184323,0.27645537687871913,0.8731971433870194,0.674873444251978,1
0.97602,0.993261,0.988871,0.6745858658145065,0.18545111314393592,0.320142627794478,0.33431573780003254,0.9826189698945995,0.07202767116876141,0.859454726478175,0.6479280255033715,1
0.976963,0.978642,0.989997,0.7912024732712933,0.2650322155481042,0.6473827240402532,0.8447170540316046,0.31312098196936766,0.1893490455893898,0.6887975840268736,0.9655860059549384,1
0.988855,0.987895,0.996243,0.27111867233019316,0.6450742536415376,0.29361472166138025,0.3705965961140125,0.5325781638216477,0.7489654410453961,0.8053990667385647,0.09086037386079049,1
0.998827,0.979747,0.992162,0.5921529628221663,0.7798510682294955,0.3417553689975944,0.1749750676730717,0.6110742043510967,0.9928682410643739,0.5726391692259466,0.9417910980567398,1
0.981454,0.995104,0.986014,0.564635460124929,0.9706351077663458,0.1405659802579985,0.6218019582251598,0.5718315238651882,0.5764964134932302,0.5709927570010258,0.438812615858418,1
0.986577,0.952626,0.996955,0.45824863593801146,0.9186676110694884,0.4647245206845214,0.4924741995885479,0.6459453205816555,0.8088805589074285,0.0810903807900144,0.5413799764015726,1
0.972024,0.993926,0.984012,0.636616985123931,0.5666865850115331,0.35145612501194445,0.5549414845146637,0.9094994576897274,0.8855832414940598,0.601057242488022,0.420131211955851,1
0.997071,0.988656,0.998468,0.5612256451078975,0.29085282026750026,0.7013620223015518,0.784999163231437,0.5834118944472642,0.44271412201862836,0.26724683176049224,0.2555857662400779,1
0.996599,0.983219,0.954773,0.4700664029704501,0.9303645668455787,0.7042838411510047,0.6592468802956625,0.5000050370691616,0.7642243950536091,0.2837733270720384,0.31093925291315394,1
0.955555,0.997039,0.976929,0.1869924746716094,0.6886333080401909,0.9693993117916753,0.9024150474976351,0.24039097222039774,0.7476361558120058,0.4377056760118222,0.5641020723811361,1
0.996569,0.994363,0.990678,0.4689916317272297,0.8345179009879694,0.6643945973781836,0.39528163395511773,0.547466718108936,0.25062011108451654,0.6882086091009918,0.4332608113961628,1
0.999537,0.98526,0.998406,0.27774026253044615,0.6389433448577639,0.7946787494565473,0.28238454820606684,0.8599402698387045,0.5837827001215597,0.9803195574499335,0.6717043242837678,1
0.957873,0.978651,0.986391,0.5961268567352697,0.22474003639788587,0.15823367716267867,0.1772638290204659,0.7445022021029893,0.5157126108636853,0.7146960317851698,0.7434694474423605,1
0.989647,0.98938,0.997495,0.34793339690933767,0.9376312325468787,0.5627331140404153,0.9630034497588447,0.6900051898927122,0.6222298447163845,0.521885183804765,0.379609191764843,1
0.998073,0.995979,0.998701,0.6903062121382619,0.06283587328898166,0.4488250776903552,0.44347092504825825,0.6105120097685753,0.20278734544736943,0.11371549516953461,0.29597366926034363,1
0.992402,0.994563,0.987369,0.028262462747867034,0.4757531677355167,0.546260097437588,0.4302554410181172,0.9810691436114911,0.09641306826352347,0.5444743175931681,0.11108364245971436,1
0.9941,0.996208,0.990751,0.3332025486783764,0.5303140737902999,0.5991850444661525,0.5360632050527521,0.7319878292418593,0.9123264900784647,0.8460476007122989,0.15282894317578255,1
0.993752,0.989401,0.991048,0.5556885286263384,0.9350148814698728,0.6239595434527717,0.8478103345879028,0.933069952334411,0.5467204026759421,0.11709638778762688,0.4138536692817184,1
0.973372,0.996492,0.990834,0.9799546603978206,0.46203574811984094,0.5066793862207501,0.21682129540987782,0.09814339222706514,0.2588946885197255,0.261179746649325,0.2533253407572704,1
0.99464,0.992342,0.988203,0.9663029510618111,0.9218447806975903,0.8623159025388456,0.5892425350153407,0.09325014210667615,0.635753887149657,0.9509733498694699,0.8515382555218733,1
0.995676,0.999721,0.990374,0.21508971216138262,0.642363790162573,0.6348112228539292,0.6181876921543803,0.7159716731757549,0.3106334019776966,0.4116351088114727,0.5781200393817107,1
0.988784,0.987186,0.990678,0.10641611585918365,0.15657996973143828,0.17236962450819948,0.2842091794630016,0.8779862008975131,0.6991834369139142,0.6344641141366281,0.9566491126035261,1
0.999589,0.984311,0.986096,0.5020177369813849,0.6679954211921257,0.09142131374597273,0.4138862853109433,0.030792729388078866,0.22141195901124722,0.9478681303420124,0.14045387269849885,1
0.983162,0.976643,0.990004,0.6217503835505443,0.8780231086880529,0.7176178994435968,0.5750572871997919,0.2779590570062278,0.5308313176611836,0.23421854062547998,0.18205248196103452,1
0.990635,0.997364,0.996722,0.6597249287144735,0.5213309107610218,0.10991278514346059,0.8925195702180414,0.4088740576258798,0.9196422518315801,0.8725254955885164,0.026475452138221445,1
0.984701,0.999142,0.987698,0.9506666870139839,0.7400208843299333,0.5651129618061586,0.3283613420623387,0.9015888016297096,0.2412244329624692,0.2994873585844202,0.6709598862782781,1
0.981673,0.994282,0.958661,0.6106264757608776,0.46415410046944394,0.4635792439010671,0.09119467702063766,0.15512442911580404,0.9249671083812935,0.14731473375883186,0.5956566470508017,1
0.994541,0.996216,0.990417,0.08474697494724504,0.8588907202478717,0.66570011979738,0.6551574810480185,0.4018575826653028,0.2643306015533654,0.6471826050610805,0.741623773413582,1
0.990519,0.996688,0.992158,0.8280853381297002,0.5095850412547155,0.6672788000434848,0.8766978617317785,0.19876118975101353,0.4174689713449744,0.6687501813393621,0.027787992428984776,1
0.987939,0.999909,0.984466,0.22218248254177453,0.10912077429385325,0.20127832898519815,0.9594976264289445,0.35800396434385684,0.22382325596958397,0.3148538683928612,0.35985898396195537,1
0.983567,0.991288,0.98505,0.9282293941889693,0.7700458131552191,0.2327828308407326,0.3310494263975119,0.07049468392968783,0.24223252460745703,0.29516932620148284,0.40758950688041606,1
0.994319,0.995875,0.999842,0.3034669517404147,0.44303679310297994,0.4868092225802162,0.31253468537141593,0.7980773243851385,0.9748377535705876,0.48801063103668807,0.9004033077991316,1
0.999646,0.997918,0.994521,0.5173693896768776,0.4154797745627724,0.581910374427589,0.7115910633661737,0.1201215652072638,0.8810792478171066,0.34108340968594353,0.7942256204829644,1
0.989737,0.97976,0.993968,0.43939721313895663,0.661740511177725,0.13047762243273053,0.7184322204751546,0.4780225711483592,0.3812805529866483,0.2157983308311947,0.6295742146506974,1
0.99361,0.988679,0.993488,0.6444274070717608,0.060261643511752894,0.40041242714999614,0.38395013540931344,0.7745609939487719,0.6383122247619499,0.40003564351211796,0.886019989898977,1
0.980599,0.986064,0.995945,0.4526543439487143,0.9548088850497318,0.9934087020167377,0.6532275829874784,0.6772120489130955,0.9826754013658848,0.8580551701470559,0.05304751168372457,1
0.998423,0.995929,0.99569,0.7857692697386628,0.5894224937398334,0.9610308179226,0.7484791994370129,0.8208713225742215,0.6903620330015593,0.08449866592483557,0.4926528295557825,1
0.998065,0.983682,0.998837,0.7941184410467621,0.5189652642641478,0.2964380160791207,0.9195960296606787,0.8608232914644651,0.7395627150174321,0.18151191133133227,0.06102059151454142,1
0.998671,0.995565,0.993024,0.04995753709543349,0.49074126190549816,0.5244870891006526,0.7035782555477715,0.8713800605912919,0.47568486135759513,0.7911217167508559,0.9375484108872101,1
0.96897,0.985547,0.999749,0.028191262499681846,0.4267746434748987,0.5798348196718041,0.2304256096362901,0.5645785516592761,0.1382764037642893,0.487281373043725,0.2810988760270742,1
0.997683,0.992392,0.986132,0.1482469841146078,0.2098352227346726,0.42877757402988315,0.2765315888858827,0.8319265036985062,0.498946630131486,0.08262720715920824,0.4557761327108546,1
0.984956,0.977099,0.999946,0.4871775901719584,0.6021273399084397,0.3430539864874399,0.4629402273744472,0.2955151829657302,0.592971963971544,0.5155054448815041,0.7993265035199498,1
0.999385,0.974798,0.986466,0.9154420261504552,0.2526776989881224,0.6106049948078761,0.726996477691014,0.6659754290084392,0.11149855474490122,0.47631670554155336,0.4206038212045161,1
0.979466,0.997302,0.992542,0.5061641279172991,0.6023230310988991,0.6743572978658596,0.35697704321672363,0.2033347137889291,0.6896346896645712,0.9132857972249058,0.5204603222655306,1
0.995664,0.989335,0.999375,0.4670350692143026,0.5565777950203167,0.6567913979806838,0.6086702602369215,0.1380573816732067,0.6699977658816351,0.2285367050983368,0.6944277802959082,1
0.994039,0.993978,0.958302,0.39943002384466286,0.30705314105460046,0.4083236385893364,0.5880025054419619,0.3390001688691442,0.5392063814622639,0.15255221099617655,0.7425338429228838,1
0.967749,0.994311,0.986828,0.10833969498271034,0.4079714246242373,0.1093191557215013,0.20742096508511987,0.8610523141024471,0.39667424585196276,0.6424659975322784,0.2496346664293625,1
0.995232,0.984181,0.994406,0.09851047776884359,0.6475607564142208,0.5553480702167902,0.34031641993334527,0.23162403489785321,0.46323164096328906,0.6389095970524412,0.719969411008656,1
0.99494,0.985037,0.998977,0.1644238520240242,0.6586816676629348,0.14473896726736912,0.9071811228270341,0.9285971482426957,0.34366307303827504,0.5754686175995155,0.680228307937207,1
0.988484,0.998911,0.976248,0.4756124236238086,0.5135426530418734,0.33366601982266064,0.4414280057109393,0.146939294471793,0.8293141771812232,0.34749406804839755,0.43684945554240684,1
0.973645,0.995738,0.985231,0.8044519330737384,0.15372899599247614,0.2995669916578205,0.4214901633070163,0.20076504301223674,0.4346187364361833,0.32534516597881546,0.28774252075755913,1
0.998321,0.973233,0.999843,0.11837195970506786,0.9425692209647754,0.5857201642721206,0.34048730818731765,0.8776646668006789,0.5480601925740958,0.46568439500033154,0.7948803439623394,1
0.994975,0.993011,0.995619,0.9908113930651723,0.5168699034979759,0.6506571967198368,0.7117381875372708,0.37885793625828623,0.2599240042261052,0.96488079066529,0.46892608697834814,1
0.986788,0.996856,0.995212,0.12553114694961287,0.05804992125507291,0.5428242777508325,0.9742748811710308,0.5745421980736577,0.3802828906105735,0.6110260691684164,0.36040544591920665,1
0.989322,0.999059,0.999533,0.6766898280248574,0.9027417641536056,0.9520854418654808,0.1446748620952676,0.2893532134395279,0.9870754475124494,0.19254057830578597,0.7031424359017588,1
0.98526,0.998633,0.986807,0.5624663082441346,0.5807901812717885,0.03673779089401452,0.07101378063267705,0.2605937780943939,0.567026945173513,0.547568081990577,0.34326629522066643,1
0.993451,0.996076,0.993817,0.44955143117491514,0.7240067922665168,0.4065388702566267,0.02491097307693535,0.22080628173425199,0.7439723434230915,0.7201355988261258,0.397020295861942,1
0.991051,0.990364,0.996176,0.8028345458254638,0.8001889430368573,0.29101369353248774,0.3901295679702038,0.8419778795423255,0.9800963415453938,0.79784782810968,0.5190304927928732,1
0.997082,0.972157,0.992928,0.2805125679436766,0.5685156019529883,0.5824728508288737,0.2561104280690556,0.05449779318771708,0.6719477720366308,0.6396155523195748,0.915423971473798,1
0.989514,0.991617,0.998599,0.21486513810799834,0.21181904163922782,0.7242126019764448,0.6220982500728591,0.12541204346325252,0.6213414588521674,0.23120151838684888,0.1851808391739339,1
0.997606,0.977333,0.994462,0.09394508380082589,0.03737987957601063,0.07039935175797685,0.13921946548533093,0.8012221243004505,0.43886058387471705,0.25410569498534075,0.9007543259075633,1
0.986647,0.989642,0.986818,0.65356961957915,0.7487594668926119,0.28185545956267355,0.300226211917739,0.8286601986761996,0.9215397159830868,0.20337304179405014,0.46319423071750143,1
0.98861,0.978032,0.998824,0.8567708690195037,0.6880250597075661,0.8275033478458578,0.47181802489629243,0.47361649469976164,0.1230552675159795,0.4218246396253602,0.6906833438969354,1
0.999503,0.996993,0.986252,0.4784114538153499,0.7415984736702349,0.2755528576546712,0.4780235198985585,0.2224802816560233,0.12447113111445784,0.15304766282019722,0.5347171063096445,1
0.999055,0.997545,0.987004,0.9729448662484864,0.9452785915536311,0.26757144544201705,0.672480256855203,0.18124916681404257,0.363330818373266,0.719005596643901,0.4184698542433629,1
0.990385,0.995379,0.987592,0.622593500558513,0.03246380033043761,0.7772431621561577,0.6038367203064472,0.05093780206676879,0.9877228835262916,0.5928309981536758,0.2790882109545594,1
0.992753,0.977376,0.983692,0.3189564031832649,0.017819144163884082,0.043153567756403555,0.8182015244036264,0.2855517089240137,0.04889551299462702,0.06368023228113406,0.802964862281178,1
0.460355,0.386699,0.804918,0.23316154204731432,0.44974724308602554,0.5794614582892201,0.2357287306745196,0.040202424786656366,0.7796100498021261,0.4584427282306187,0.6794267678952747,1
0.963192,0.0371135,0.0624317,0.6444078490816899,0.9265970164213706,0.38281083999179033,0.740069960565063,0.9045138473996842,0.5480763584450988,0.3000722029269898,0.7527855949220819,1
0.853431,0.487109,0.763414,0.7409290623357894,0.9576993581228458,0.16082098811423617,0.668680389174923,0.6613799164625488,0.6858848994259235,0.9133940922456018,0.9804178694060817,1
0.578275,0.339914,0.827954,0.6993722336040755,0.09690997326606676,0.7269146045110908,0.6524359785008839,0.6058153855889234,0.03558423224678109,0.4200373483019971,0.22828338502809464,1
0.650197,0.573414,0.477219,0.06438198918550375,0.7446497179790881,0.282113590541348,0.5387835909044516,0.2975838442850435,0.03490695577491287,0.03853356989710577,0.36145003693389455,1
0.0737282,0.00583433,0.997069,0.8136577172639802,0.05138990305790658,0.8170723341713106,0.3596005257242615,0.3642592287831514,0.9195774420672457,0.8840443253310324,0.5315975380744429,1
0.22664,0.764627,0.883885,0.19706273075249692,0.22492948911711919,0.7492435225348486,0.44311875198311435,0.09692595455303277,0.09902124030358384,0.21840560950511123,0.5483681850340412,1
0.220117,0.116232,0.61806,0.956978908563412,0.8711337259833047,0.43661487373730345,0.8671277726680305,0.5275416368559469,0.6427497603294364,0.5642187115079518,0.1662604852057734,1
0.848881,0.816639,0.930624,0.0013894173375043062,0.5472792243393462,0.4211885212599198,0.718695201991998,0.00817691220806549,0.08602926112929066,0.1258409843670366,0.19528850234748552,1
0.433818,0.317909,0.879111,0.5515441182277572,0.22066811664316255,0.5399951490150987,0.30642597960055795,0.4492099418271319,0.7196325650825013,0.4640827426288793,0.2578464695792958,1
0.332854,0.469943,0.98221,0.4118281061874747,0.12196957523973784,0.9087868835393699,0.5478308896899533,0.6849142966926627,0.8095226848951227,0.17848910402240192,0.6443596906257913,1
0.343388,0.580388,0.702223,0.002779663626514828,0.18852032044909361,0.24208017974847107,0.9012575976310141,0.7509003715499882,0.27417507182685885,0.7588987913624929,0.19671385994924284,1
0.293358,0.840912,0.781064,0.5425424479618643,0.7016094306902778,0.9428007898934317,0.20548028473846158,0.32129740363490045,0.35357968630864545,0.5845411487212728,0.3101674447581023,1
0.442038,0.333692,0.738752,0.6301393167803985,0.9472618557570085,0.9140571575467346,0.3168543389121242,0.09351693390514959,0.38155395196581887,0.31889935498689825,0.7024024412107425,1
0.539151,0.562912,0.033386,0.37844415622282124,0.2650267398123204,0.5940352381045708,0.4234994234109647,0.3578814451424076,0.48877158632988316,0.9625544040197784,0.09095204607403584,1
0.00635232,0.915777,0.624953,0.9834985044242631,0.20479502891228563,0.44031357618710587,0.46411216477080497,0.39560599856314416,0.37847395756805446,0.2126843923986007,0.2670379137698323,1
0.378377,0.179987,0.164948,0.46122412716692496,0.6518262500486345,0.8435016874204226,0.49270974411120483,0.8271411795281625,0.24175443607130342,0.7943500315147699,0.0621694589286943,1
0.465229,0.867157,0.25878,0.9673198441423567,0.20541546551334533,0.2571907396000751,0.19125099112266997,0.14457053213411675,0.08537591763825891,0.23425050171814266,0.5188497668583126,1
0.811367,0.397292,0.222511,0.9250000214405101,0.2366749465382535,0.8785711329041261,0.48256698168060186,0.45866187073060716,0.7667380462278454,0.1876800457630493,0.23331846031427617,1
0.468354,0.267282,0.765933,0.45335627728588057,0.7635106804286108,0.1103029819572845,0.38757729012445585,0.8779957415499692,0.8323030141794421,0.24858755930991439,0.6656793844692441,1
0.664411,0.847693,0.729234,0.5639826108825113,0.3620642951428884,0.3008204650685924,0.0659557516581335,0.4573119804428192,0.02946465307614987,0.6485903836801556,0.06733198176136856,1
0.34357,0.686614,0.663193,0.039503660002689234,0.6910788983781083,0.5603436432812395,0.4726749595024703,0.11198185736590416,0.3487090560151228,0.153516065808174,0.708331128921291,1
0.0556961,0.195061,0.845767,0.17746484199394752,0.0235074288643371,0.21810189790659562,0.2995463586369157,0.04947949545699182,0.9094564663825249,0.7021874956166,0.43676260931081623,1
0.654682,0.955411,0.197017,0.9484034054703604,0.22736351582021186,0.6721162766819949,0.6878664676514905,0.9564279129958874,0.6947592968829589,0.4777231149977804,0.7834522244965006,1
0.535423,0.468557,0.423247,0.8746450879392914,0.8932749317354792,0.8696995960564786,0.937956066698159,0.7078648183415733,0.1699996767266333,0.46264666700635004,0.013071030007097972,1
0.924574,0.87442,0.0444146,0.6071503631062064,0.15810749634556898,0.40561776952853235,0.39904273844167815,0.5811915801724747,0.3108965551495073,0.16338642282718197,0.8416359549074521,1
0.746943,0.948314,0.368655,0.5350068560894298,0.12415104343445282,0.7529174238996575,0.6365956142334578,0.5045111854620038,0.6725438735984899,0.719983398372914,0.2923912709882197,1
0.847364,0.0613485,0.233861,0.6078344272627267,0.4591246709189921,0.8556176768082531,0.03269187177896793,0.345061099317283,0.4921403977197203,0.13567661004481724,0.9408713755190203,1
0.00631104,0.927987,0.62906,0.4120867250211767,0.836327294822251,0.35913333735730824,0.7319701369652272,0.7467732049598,0.3469212851106189,0.4821621810449813,0.9250078578545398,1
0.426306,0.407292,0.40163,0.4549322684233319,0.7215519285459288,0.26771274171585524,0.5664142284537698,0.27571267296921564,0.06228161315106495,0.010939810021464047,0.4176236506250357,1
0.585968,0.422895,0.995643,0.4869664961079121,0.9203022925736697,0.6238350507997009,0.01954834109386039,0.42062252013939494,0.11092503459105507,0.17366450910199083,0.9669638057031257,1
0.425939,0.363793,0.254338,0.3182148163065056,0.4549219582275773,0.10507188419356617,0.04067671543205942,0.03296210632209162,0.5905587001052143,0.004324898179692838,0.6730648542766882,1
0.393632,0.137845,0.930139,0.2871998252934326,0.5107947301586377,0.018292383734956008,0.5376851765409508,0.8322890247183455,0.7271374296681445,0.15447189112785187,0.013632290251631929,1
0.428832,0.935372,0.257059,0.2773503385239037,0.9589523186638829,0.0956624853317255,0.21971491658801656,0.6673960122502788,0.556087988617344,0.1848784413914064,0.7873419074086557,1
0.0448455,0.82844,0.207764,0.4150545648047612,0.518938175150882,0.537314893664216,0.6139211870530362,0.8178197010288399,0.3149476881824931,0.808021208313891,0.5427274835485517,1
0.432829,0.307372,0.693832,0.86084902597854,0.689414643470535,0.1707169518924876,0.08453875958990109,0.6546006504323447,0.7760278172335252,0.05960570939379328,0.6697044728051156,1
0.166626,0.420577,0.831262,0.13907881187935278,0.3654241358391248,0.922573108930828,0.51507730490672,0.1276332359802067,0.794904508325618,0.6974577045632705,0.005405765995701861,1
0.812808,0.194581,0.253919,0.3367557586521652,0.3453749058974198,0.9931036219740083,0.17028066785648066,0.8613878128515986,0.08456049477850991,0.39882997665762543,0.26789733544277006,1
0.605715,0.897793,0.726356,0.13562491999795478,0.20325545728910455,0.33074520770316174,0.0818058213885774,0.38019171046956024,0.8263622458190543,0.9672156285384796,0.5061502157917422,1
0.520775,0.873983,0.316737,0.5143985315410063,0.5044116479163043,0.563543502480887,0.00414644775837425,0.4476452809818726,0.6742774110121492,0.5039113785112135,0.9200207142973079,1
0.918388,0.450874,0.644207,0.21810038341989157,0.8794544164227625,0.21178431556833777,0.3142297477719894,0.7675213660546402,0.3438811982270359,0.939342465290291,0.484146606370381,1
0.0452489,0.647143,0.323358,0.22330436096310247,0.3426513392173536,0.5113706832888486,0.34859427791220376,0.6583415090160655,0.776465251153125,0.6791059140165007,0.35804598825704936,1
0.181596,0.546725,0.610864,0.6890893985333417,0.547813972790665,0.496056050449436,0.1332408358729088,0.8379057296035162,0.8744930390123618,0.8404488115410462,0.6783212177241311,1
0.737024,0.175263,0.0377311,0.539102927401029,0.6858274224206031,0.2379415531578739,0.8357267820271105,0.9912291306210055,0.30319765031728063,0.2914724089713483,0.7214329950506537,1
0.528625,0.487279,0.415315,0.6837448581858419,0.6079362120229064,0.8048374541941795,0.7519147852137498,0.19606129542006,0.5586532972181361,0.7068886112282806,0.8131617208961901,1
0.941759,0.783268,0.463896,0.8177447924052157,0.7152955421178313,0.46587072886914216,0.11426667913623911,0.9792988320754216,0.18093378319037412,0.9799621899658232,0.920252486326865,1
0.512179,0.221381,0.404267,0.1563183785523239,0.7222107393032406,0.8228044672519129,0.2713348298638425,0.5852605519914037,0.17936264147578562,0.3575087236331286,0.11384266933407516,1
0.564774,0.783623,0.406374,0.5193956586557507,0.39516082893812476,0.21277310056402798,0.8655775382648342,0.23079527771405373,0.8906105352144499,0.21059375821237725,0.5860008402015389,1
0.828374,0.528169,0.549307,0.5247681785237447,0.3914440326977523,0.7271298961852668,0.9494545475735625,0.7843290400015126,0.4152192454020407,0.5749522775656875,0.62155182714655,1
0.795678,0.365677,0.703575,0.05256905542428858,0.30083812084566675,0.7345222314261717,0.6998102722956121,0.32447121806795265,0.18087337841061757,0.7530197955076059,0.4722933850086771,1
0.376968,0.291458,0.718765,0.9748662531270746,0.4926935213663123,0.02759600280712937,0.343819755889901,0.5062659428974022,0.011644685552678946,0.4062005063779447,0.3536174029327336,1
0.55266,0.252363,0.851788,0.18471844628919254,0.4610274574148977,0.46960447092214264,0.6553323017560833,0.48486205247643643,0.20531080470074936,0.07628257138654404,0.5081715177308916,1
0.381366,0.959976,0.769508,0.005609516340291498,0.3570686382294459,0.5252175509771432,0.981611781282905,0.6475877497076155,0.629935804492672,0.36181222342808406,0.4361369156064804,1
0.488363,0.700512,0.631974,0.2839213792900769,0.760110502509695,0.501225249746507,0.39301569934247094,0.7816192435937638,0.5559864248929803,0.5470806319853044,0.5507275211427021,1
0.868469,0.0144486,0.583541,0.8416733093273044,0.8055761877957451,0.5641710823006792,0.5778038284994307,0.7355869295418227,0.9387100286465718,0.19745756206549336,0.6779236966427103,1
0.765799,0.658063,0.435071,0.5306889037700055,0.8792770080626652,0.9325133955926589,0.6741023842222583,0.43280527390229895,0.7119328489986709,0.1976429924510409,0.20059790753342843,1
0.933792,0.575125,0.322975,0.2459571188896339,0.38799276808576466,0.7535913350848101,0.8131978024022575,0.8722479967713564,0.8503229949494874,0.7340157072124682,0.367818882251958,1
0.608712,0.574763,0.887989,0.8927481715843314,0.4533275094223713,0.9338949364400472,0.6214174909253661,0.3605354685620661,0.6043770691730569,0.9518197880676353,0.027814820695559073,1
0.0603283,0.32967,0.541866,0.08131016309038042,0.5226466770084139,0.012412140532878979,0.5326271457725721,0.45484946405063476,0.6719679212579418,0.21977503184303726,0.5722084145506331,1
0.656639,0.0310319,0.996928,0.8741713285927928,0.9148544248726547,0.02374385358081965,0.919703746375105,0.705463433106901,0.07530631615961902,0.3891599071913949,0.9893905089786523,1
0.0807772,0.539531,0.199679,0.5068941440269786,0.6090859997194551,0.534909185750122,0.9763307043810062,0.864863757271442,0.6332743619733995,0.813527240673914,0.16327683952985583,1
0.488433,0.722936,0.983334,0.5683399727510499,0.3150501371167548,0.029363631315030392,0.8117288265465566,0.25559919139998055,0.4029713707777748,0.4413014522962566,0.01889563651505133,1
0.514521,0.986599,0.532063,0.2703505458573374,0.6525535149236813,0.007637885541766254,0.6222107723411613,0.7918250282898129,0.7432491812912876,0.57359299260381,0.36343607814967704,1
0.92237,0.156531,0.584955,0.8674671371886211,0.4003313757440101,0.9023781682052194,0.4336946484795384,0.25616734667914143,0.64004665475658,0.2849308341534611,0.885544160941192,1
0.290108,0.923092,0.381646,0.9338837346954119,0.16572612443666113,0.34976487058695793,0.6810571856658132,0.3455671108361007,0.560700516597956,0.4359341263286256,0.6017289151524526,1
0.473851,0.844758,0.816419,0.44984744340137106,0.5115289400019661,0.8362214888853937,0.8921287793210864,0.044837112639684595,0.7684019322063182,0.244436510677435,0.5750659344026243,1
0.757497,0.763375,0.270703,0.36915113041022374,0.7314733144980742,0.34850095768320644,0.49960174854513695,0.6190463217356602,0.8231236115944078,0.006787366068290557,0.14587484918616955,1
0.551298,0.849821,0.0641055,0.32256255557285207,0.6668020543924568,0.12791045639121768,0.32470115535543465,0.14488839376404672,0.6563051105360483,0.09655763654556149,0.7307097494170913,1
0.507094,0.88183,0.299267,0.6733771475574322,0.9645650470013092,0.5760240821093158,0.5908884574236574,0.7443748869525744,0.19086094622555594,0.027144892630273643,0.7731563235250306,1
0.323253,0.171066,0.593848,0.8143533025915886,0.8750480288005239,0.9704142530890254,0.8180251073141984,0.8734880395720327,0.030984163433948164,0.03647401849794718,0.28080223428660955,1
0.161563,0.0782705,0.29123,0.021820583685835837,0.2718251269781392,0.4630282391671793,0.9668527875292562,0.36075719700338693,0.31459799058232385,0.4407807314558849,0.9422234850327443,1
0.798776,0.585077,0.0670773,0.5339931859191406,0.9574090117813847,0.4222028245678312,0.8935534466349195,0.9903531377441126,0.9326652078539197,0.1346925826614891,0.7295363566456069,1
0.64386,0.029301,0.26041,0.19532647560883065,0.7199674410110906,0.801952861936304,0.6830215777535961,0.39528597150126443,0.9051789682403539,0.026562449131841026,0.5127078215700577,1
0.756051,0.106052,0.706343,0.5921010853799734,0.7823068828658606,0.06758799679320482,0.4725425023578784,0.7077972382447301,0.8814266846810003,0.2534344207410437,0.7683603955282757,1
0.372972,0.476393,0.200565,0.750481350124971,0.49632472475759315,0.6985521162739452,0.8206054097738195,0.4802369888350152,0.46648328797142846,0.8476625199886964,0.31759472617082196,1
0.931192,0.429578,0.437367,0.8993193835367229,0.8809521637983005,0.6404472646504163,0.8458022399891566,0.32402893869148575,0.4323344087876786,0.33382500652777924,0.0862945815423829,1
0.696046,0.161878,0.38071,0.34604342195519333,0.7485106336038021,0.7288240507754278,0.9333047919348895,0.16612241249473458,0.3004503328399616,0.16517822075977862,0.978275153304673,1
0.348273,0.409256,0.40342,0.2898987605301371,0.599195152037632,0.9835682565391887,0.5343218357956125,0.884383534652326,0.2828130131213732,0.3865167890440617,0.606991973919246,1
0.295005,0.919594,0.683138,0.31322512535753966,0.42735376993069607,0.6276031942794267,0.7750967429167168,0.7098965663129173,0.32802518180462625,0.9655197227030636,0.5713449971032966,1
0.563333,0.972403,0.112306,0.5011104499771579,0.22820751698239294,0.7761399154194247,0.9615213123498585,0.5968158008114786,0.018984341447793374,0.7786347856177519,0.1813863391612467,1
0.503491,0.433269,0.711818,0.36259099452890764,0.6166115596721443,0.5310547629649286,0.2611884892867403,0.12040868669347782,0.816760628844161,0.3598266547517792,0.6566489420474344,1
0.926837,0.928168,0.0494604,0.7848151031588992,0.6478033829705593,0.496040906707787,0.5859183287211359,0.9904527043955824,0.2220241851421415,0.5326320646937773,0.046700949153796856,1
0.659702,0.700305,0.498631,0.9286083629530905,0.5679689681758706,0.3954943853986045,0.23919920400042438,0.5961140770337365,0.2062529838528273,0.8199890342400387,0.3764653858668038,1
0.541067,0.197551,0.839018,0.4184175945644797,0.07891189064400939,0.29454927138219666,0.5626104728031533,0.3244777304428479,0.4743826776466633,0.5800345541563028,0.4021627530951609,1
0.112034,0.606256,0.804323,0.28964411417250624,0.3479222611023284,0.7345851260111664,0.8001373521323176,0.8533430918205883,0.5679975606082671,0.5258297400838065,0.2844417048289348,1
0.668388,0.869411,0.917712,0.03952665501535724,0.3584425774275771,0.5013774200699194,0.5205604990129261,0.16233221481396698,0.07967439007787869,0.2686711677275714,0.049759963250408434,1
0.887423,0.117178,0.238301,0.7574768181803427,0.8095020240799122,0.009124473018136237,0.8079239526539905,0.582068711389248,0.4714661315242411,0.1555227553718742,0.5745428781377621,1
0.010544,0.62582,0.11234,0.8059865874593892,0.05721168716966807,0.9157017021828951,0.48589196716131555,0.775755246163626,0.6805469548049103,0.4593891652807227,0.6886449313103066,1
0.743401,0.863628,0.803716,0.8374256579244884,0.1885397702647602,0.8051376206066767,0.4111185916214626,0.7851694806848649,0.534506523201653,0.9358409877490695,0.9236232160716981,1
0.359803,0.679955,0.15471,0.09376947205591357,0.46761259119636056,0.07831325147994717,0.26610351038343305,0.8174240982523139,0.3099774573246057,0.8812416644448975,0.7809332404131814,1
0.454761,0.816578,0.0860707,0.6844902535199754,0.9502270790154838,0.34235133443509336,0.51451380102226,0.4433444385462414,0.2687039704639689,0.24209786100622122,0.2622845654362921,1
0.411908,0.113094,0.466587,0.6809724123952853,0.48224461552608466,0.8710312234208317,0.7693081371628697,0.5602615105571018,0.06058141193894384,0.43403820830297546,0.20310335785848888,1
0.841096,0.22744,0.545707,0.8344736823667604,0.46714239558683324,0.4449563047659084,0.8769202160944835,0.12483933762054189,0.9483842670467392,0.0794826527170216,0.8033156193800579,1
0.876081,0.585803,0.914264,0.45281572828643213,0.01135393536522511,0.17189305614722317,0.8192947921018312,0.3910518880551509,0.48176489687590973,0.008925770831124114,0.8231047408236886,1
0.56884,0.240237,0.795322,0.2825939770883492,0.8527693706883887,0.22084400057391185,0.7017886226970861,0.7228910007603793,0.6333074860146154,0.4614894628934849,0.9686342171096539,1
0.156149,0.254466,0.485871,0.9850278242777807,0.45293455822263085,0.5641129871079898,0.6989946255988171,0.8922010327412934,0.9155424656774062,0.9415257300193874,0.7722423017854357,1
0.943317,0.22935,0.660372,0.49449751286602106,0.4219381598462514,0.11974894204837372,0.012305456063517295,0.21971182594425898,0.6334673981289298,0.7865903163806693,0.487692075131148,1
0.32361,0.849655,0.0776965,0.9390623446639796,0.27322544495755885,0.8794040810659379,0.17312903610387842,0.08808399516742504,0.19709966391709444,0.44412131654356635,0.8664113928333359,1
0.0141389,0.794118,0.670248,0.897660756322472,0.08295638625788293,0.4722027813140188,0.8546280792583978,0.8786034684346244,0.2314906544681662,0.5199344813762672,0.1289222662811268,1
0.12702,0.697829,0.16041,0.5466391417354447,0.42119365023073074,0.19482250620919372,0.19250624615177114,0.8314211350336516,0.6891024655924335,0.42288215782309213,0.649745588698168,1
0.00978549,0.580383,0.816335,0.476714964299944,0.8515655177280776,0.8607493733041461,0.22113790136843725,0.7683657183903964,0.6635689522292071,0.45857805499492355,0.5824308416781727,1
0.475898,0.615931,0.227811,0.47318525348512586,0.455114526003353,0.5522485523500181,0.10814695456984513,0.09589543966036962,0.10800604881003162,0.30364931973920006,0.5140013526575304,1
0.515732,0.831599,0.521022,0.6844732207229091,0.8370540097988234,0.016503601877646767,0.03295086463204233,0.5408730847380712,0.8267896971942019,0.28267784304118826,0.2056407434749169,1
0.505929,0.845543,0.0959199,0.9259835967780362,0.5807211541253005,0.4223274200624021,0.8637230424809345,0.30970792914920775,0.3466082119896745,0.9287876389342721,0.6410408339576177,1
0.677805,0.113144,0.324158,0.8598611259807041,0.03618192920952068,0.9597822090252311,0.1382880846055219,0.0011249203592543777,0.2565436626674782,0.5125983446421787,0.8926067200028271,1
0.884769,0.42569,0.0821117,0.5145192690504947,0.3754649599351648,0.25993810514993876,0.40603026681266774,0.6696137752770636,0.3494716105233735,0.08411800900236843,0.5635879462356621,1
0.503507,0.0374939,0.44357,0.5739645059431431,0.004675723969781109,0.3942450821514726,0.7383795376154189,0.7508511696780803,0.05894815394383779,0.9991877137992718,0.6128908871821855,1
0.778878,0.431104,0.463502,0.8842529703172025,0.9551685041590702,0.5264148713579648,0.7080957026298106,0.19919857107088257,0.3704608526855677,0.13095196861465785,0.24142517043047518,1
0.983151,0.79243,0.994392,0.6839026824214582,0.12145275620949825,0.4560331926204153,0.5479684499260277,0.4662713463126392,0.7232251613034103,0.3944424246806203,0.8455313013364743,1
0.219711,0.828852,0.79213,0.4281143805051085,0.9582356421928124,0.3387965161305707,0.8945183222210916,0.6920889928414142,0.2565520248274944,0.029635194959920952,0.6222832366888312,1
0.403219,0.316986,0.315361,0.9155734380040244,0.47446419003280205,0.804352547836045,0.1474977149158273,0.2906782201000926,0.25565272135486095,0.30379360232350117,0.38729202697976717,1
0.854794,0.546712,0.889081,0.1729334180748071,0.8157265803179599,0.6749096241238235,0.645461280180468,0.4018676020850913,0.6677622329972466,0.2926026242330454,0.13130973321681316,1
0.702183,0.612327,0.51682,0.5112713588740937,0.3638269231478518,0.11490827347620447,0.06408916269488163,0.565110345922756,0.9099019728534948,0.21256904225185203,0.8211036549235108,1
0.105285,0.0798292,0.928166,0.31309829113021503,0.16241514528219736,0.5680173762299051,0.895013652540528,0.09836109237296597,0.6577167461889292,0.25439879411242183,0.11744452821635298,1
0.394193,0.390792,0.165778,0.7402361667817956,0.13745093082128002,0.847420316775853,0.7014369376633056,0.33793414660235255,0.5039927124482058,0.9232588943407161,0.4551744241222745,1
0.630011,0.598381,0.951963,0.6738923981050692,0.13453490706990434,0.9869224103009319,0.4364635325182735,0.7064727581487906,0.20974041829388446,0.6267431138200384,0.24767247811516668,1
0.360833,0.392047,0.534023,0.7832545715560267,0.7522716371773426,0.5133865082750564,0.6953213843490336,0.1590543855386406,0.3363190364050558,0.1393548469943905,0.32062911626679,1
0.671955,0.36759,0.562043,0.6951977479730373,0.2996019289252786,0.5125251993527995,0.7706791609519892,0.7355018602608414,0.5213277491629276,0.3928630028760631,0.8864228693179828,1
0.316656,0.327529,3.29e-05,0.09816376424409812,0.9873425641096115,0.7882835996661388,0.8743912000585967,0.5429280165167579,0.6088869619256791,0.5810216711915096,0.10286692741574788,1
0.872115,0.843929,0.865919,0.3434294867058497,0.7838732055014044,0.5004404964474314,0.5512231022596703,0.06528922936255843,0.2385298580896722,0.28082962395977507,0.23613384704974294,1
0.431277,0.943761,0.849846,0.9152720722790109,0.6900049327716021,0.4684955115486612,0.8698401868088416,0.9204026859080441,0.358627453000545,0.8168268202377228,0.2981792544236147,1
0.686873,0.953994,0.276214,0.8547180633086213,0.7731671079678163,0.6259545513090818,0.5548146957917675,0.9637676059988064,0.02875872317660333,0.24819699604842305,0.4331709737080579,1
0.174728,0.605548,0.265364,0.57841838957877,0.3538087484414998,0.37545845180485127,0.6203477049436832,0.8906218686712702,0.16469933004296589,0.39088353654667063,0.08966290673942456,1
0.187496,0.0756761,0.824562,0.14134143361940654,0.6965968576003725,0.9622951384726192,0.5309726663444454,0.2246736516152622,0.43021503656560267,0.501807947007535,0.3952365026146719,1
0.47486,0.580007,0.901077,0.8446157542503611,0.3725436758515791,0.5848716586925314,0.4467754847582549,0.7225565432802938,0.058610498001158584,0.9165239294243337,0.5642623986111907,1
0.012504,0.636175,0.72925,0.0707828883415067,0.9936800505482297,0.44887272913301635,0.8298728295297775,0.05890772921874421,0.06562490292524603,0.6817496431576283,0.016101117799406595,1
0.539325,0.685876,0.342964,0.7158377778246946,0.635962164338652,0.15227645272319745,0.41743059051868814,0.8513036645318277,0.5592837301060899,0.8367699769303842,0.23166943547042473,1
0.972411,0.328876,0.523944,0.2205213786745761,0.4242515307168967,0.42801643392187894,0.6228226713988259,0.24520030925152803,0.5092214988668227,0.647712275682075,0.11640640439481953,1
0.276435,0.1445,0.272738,0.7346866181103022,0.7000670414127165,0.35454302808998783,0.9324032178128742,0.4454978065719116,0.541692582827477,0.15472183459073985,0.7662703556791662,1
0.0738061,0.130243,0.330655,0.19908952983847705,0.8837721698172342,0.7010527763819967,0.5351224149422447,0.27838607941921734,0.7326235613713035,0.45073602495115417,0.9928380971362691,1
0.418239,0.738417,0.233546,0.6974466419248533,0.6375235712144354,0.3165111599127942,0.7776959149700299,0.20791123212589613,0.9929612239082468,0.3817542080392633,0.5826446564856573,1
0.440668,0.397418,0.44419,0.889313123379617,0.46762567737439453,0.2162032772973831,0.6880719558241533,0.9685596503654006,0.48221712140346673,0.7825306306449487,0.6455798835690522,1
0.996041,0.548599,0.932029,0.8713350095086246,0.25204947758729934,0.6864581384489749,0.2991710166220536,0.12647034051206774,0.7169920681973143,0.13656962999787325,0.14489935362066264,1
0.367057,0.924564,0.779435,0.9660900910999155,0.36067698685024985,0.10968902351344434,0.1305152669540094,0.6886596588184155,0.8545192219130979,0.9119511652551828,0.33035420028362805,1
0.622219,0.135312,0.842986,0.11425711515605541,0.38226948984280174,0.3928456676714507,0.9662762797346988,0.9519571671667987,0.5597122268460162,0.43645371369147334,0.6428925020416703,1
0.0574213,0.323784,0.540606,0.6566877976615192,0.4442253318714321,0.7700643450673124,0.64853388220624,0.8930326989185235,0.9668143373298772,0.31964582466203906,0.16483611723382596,1
0.293884,0.458555,0.255975,0.16457568493742947,0.8791657968973905,0.42368256833107276,0.8000862393196045,0.44371799047822347,0.4216798826994499,0.24045628989744594,0.7309094423183601,1
0.980541,0.360573,0.529877,0.12872053083985058,0.989332270431296,0.542965459555007,0.27919094042592973,0.8784227383032391,0.1721790824939875,0.5961558496347918,0.029708123225943628,1
0.844549,0.695232,0.940634,0.00893483621306701,0.30568517434489195,0.00904355973119797,0.364559411442576,0.421897468067695,0.8914135460421471,0.6538527778825947,0.7017788159770597,1
0.395416,0.788134,0.321781,0.3367667748676013,0.7082526681910107,0.25852796738977757,0.4829464389536581,0.6541846798749793,0.8795924417775499,0.4084235923525832,0.1665811161383064,1
0.377941,0.260084,0.33017,0.34155341933834926,0.022700644128594516,0.5826205704706653,0.02971955338893917,0.20722453900934001,0.7655182421836396,0.3048918095619676,0.1117536976656539,1
0.830919,0.766145,0.415651,0.9585294402334644,0.19229832285989568,0.8522263319173876,0.023731869462396027,0.24231805312081323,0.6018262297789344,0.07112197027381884,0.4246670661746237,1
0.0998965,0.814192,0.289806,0.24606040696787368,0.42617244919897856,0.8517181960596171,0.013217501366067363,0.5574319487153607,0.01329209027664413,0.5021021658496311,0.4064245172248374,1
0.646252,0.573811,0.683455,0.20771764353312827,0.7207486535606569,0.33653901375434914,0.9559224504823237,0.038574596180689924,0.8783081857275711,0.0312200839451936,0.0690184068674794,1
0.203971,0.602762,0.382217,0.07076882616013147,0.14871607488216387,0.5258103755240241,0.6401013816421314,0.273469039871167,0.06666956678065372,0.3011779272634493,0.2342993422731332,1
0.358137,0.348991,0.612403,0.041483692057528776,0.1662026905180497,0.6067058623335831,0.8828458378278745,0.39485882711845544,0.8355341346614678,0.4460583189796242,0.5684683982278665,1
0.583263,0.48282,0.579844,0.4215500492014985,0.8382281836122056,0.645821921619258,0.25206853527469664,0.41375068572952545,0.3925665612139997,0.8453995968958644,0.2523465935393484,1
0.766025,0.640099,0.924838,0.009464841205480745,0.7687033439582449,0.4218354055166993,0.9854446312197621,0.5889640541120361,0.13962320009814266,0.14114705641882308,0.32865794439545803,1
0.20822,0.745026,0.299275,0.524731083753069,0.7825524726608519,0.05693632364927492,0.07967316903555854,0.5136344904254665,0.19205068808537507,0.8579918199911012,0.596230620613189,1
0.821744,0.822712,0.194252,0.19832353740393793,0.8049353285299261,0.45109594819341126,0.9968161003638496,0.07360302930379059,0.6247590700483447,0.5841250598352166,0.5074405484552265,1
0.643142,0.494576,0.423935,0.7835377159795179,0.036121473631587575,0.9775378505378484,0.5181580111331417,0.9384916438502078,0.4756962538491586,0.02105890003353983,0.5363832572713985,1
0.684713,0.128301,0.748092,0.8414879995895724,0.7510778445402099,0.781512195343638,0.9760473018498065,0.5740188407459784,0.6754232676517611,0.8195617724436359,0.44245927294695464,1
0.166025,0.0509811,0.664828,0.7577376855397344,0.0996802985946531,0.5356166649539625,0.12603222070397535,0.38340863779826084,0.12176581664211661,0.5229551218903371,0.5660281417144056,1
0.955072,0.812869,0.757576,0.4665526536496617,0.07949238133767422,0.3520807156557698,0.041723095319063375,0.1649746508298402,0.9914508082217814,0.5965484636635737,0.6537842439916339,1
0.380247,0.668417,0.737553,0.41605840551959083,0.640808014617032,0.2410298108076977,0.3655323697312276,0.9574629932756097,0.9739613342839959,0.677713847934482,0.7971534789686435,1
0.756767,0.189604,0.678124,0.45104656100928153,0.7626170888991526,0.8406224828057514,0.6153284236149302,0.35074538580262815,0.6509565061499818,0.34729771195876014,0.5590273930375285,1
0.0967038,0.47432,0.569849,0.7676108436750706,0.4162547271328306,0.9659608343854652,0.47339232155436517,0.11362177609482849,0.6139480837588173,0.7923647272160426,0.932300447398243,1
0.460325,0.510739,0.884715,0.7128904968601655,0.16569829683956194,0.8440831423493359,0.11855970760729684,0.6661904907637849,0.5178475717076678,0.990890898988549,0.6627824248531168,1
0.334693,0.714299,0.549582,0.5451325701219543,0.7021313596216127,0.6939846523451545,0.33442570087210244,0.35617022357006534,0.972077747761531,0.5935404040117738,0.3323952987528782,1
0.943107,0.412093,0.731778,0.9058820934333066,0.026886542348934284,0.6021419723894013,0.08205612125112438,0.6455374617855011,0.3108814881852894,0.22638811698789107,0.4659951249035673,1
0.737518,0.765935,0.0270102,0.5623326542291912,0.35045797232974174,0.7118954135752836,0.6307010030440322,0.5263605607417194,0.7009026024455224,0.23452349003712802,0.17330482282895454,1
0.86342,0.703923,0.711039,0.13962406082463075,0.7253370853105294,0.8707018745467385,0.6901892900169265,0.1687705192212784,0.762464244115511,0.8528333343354625,0.41634157925940707,1
0.994774,0.0787728,0.60168,0.7521304539730957,0.23553731974186465,0.7794276007941886,0.04530182012351058,0.21513318339126575,0.8856848687617496,0.9439235659989615,0.47099109638732783,1
0.280501,0.883761,0.603115,0.15958082153123643,0.6916900805470572,0.21273434443677397,0.09524643936000043,0.6214101791992226,0.05529541978000019,0.9361238074145787,0.9883993984506398,1
0.507876,0.695612,0.296671,0.45184117618066444,0.7870697863802176,0.4721994687914747,0.8404958145858689,0.5375497285845025,0.4069747476146294,0.9854469139460892,0.6653762366786172,1
0.335713,0.720505,0.073441,0.9217939627725227,0.36003363604774274,0.01992847336281256,0.43614657430695036,0.3375881241316463,0.37901400539700025,0.8954573922193735,0.1389904879860826,1
0.118521,0.135829,0.700574,0.8975552283128427,0.40093018124737134,0.12044407861775708,0.38939553712096886,0.48764012199736406,0.7262906955639391,0.5081131891554194,0.48331927699156585,1
0.373662,0.336726,0.451514,0.12371371345827309,0.5594246952494184,0.7497503073887429,0.9355527591782102,0.41774359792856497,0.21613414715572699,0.35375218333948366,0.8552016039918203,1
0.208903,0.441755,0.957907,0.5576271563088229,0.23656291897306037,0.7549682040764186,0.9141949456536496,0.7414670051053425,0.8921754241292796,0.842160291478577,0.44031161624455695,1
0.770453,0.341239,0.860905,0.30133336310226,0.6150763345055894,0.035850726712628234,0.5425488345135367,0.8745962504274483,0.19329467556455604,0.9605994903486615,0.2523150816309896,1
0.508257,0.896972,0.551324,0.9507582957148849,0.5722963986169934,0.9599876171965163,0.8419756149775038,0.2977368308013776,0.6030546243145993,0.2752117338095871,0.5523422118524487,1
0.720337,0.137755,0.215703,0.7230578102301727,0.09488169430720039,0.6765057029385189,0.7761756957227549,0.20397188011535428,0.5236470290315213,0.16470354433200507,0.36898487376804934,1
0.942539,0.805506,0.498762,0.8797213727387614,0.23253355366306394,0.83120400550781,0.5011096505760112,0.8364243317822463,0.4866236114838782,0.8716786306178713,0.4229995186641874,1
0.261934,0.836027,0.384197,0.2839747587486863,0.16036031461788602,0.42673258602025954,0.039903300798086905,0.5383359377192876,0.6525022289003516,0.9621622387853764,0.1727225226683714,1
0.306209,0.763106,0.925195,0.915693562994932,0.4148527595976027,0.25392860101961867,0.1012770207111301,0.8916849475153497,0.9181147701235066,0.3808071513329446,0.025625021604092746,1
0.104453,0.118719,0.410172,0.10142206594081704,0.653458576575394,0.44066400947809126,0.7202905323988975,0.4288158140519778,0.2691656171904505,0.058476588517501704,0.7677707329598665,1
0.98695,0.297865,0.41373,0.8942943436109693,0.6507388115697509,0.8329910189913848,0.7905217865518694,0.7034809489432141,0.7129057362597677,0.7360627782320218,0.8648256461596953,1
0.0585751,0.799555,0.129962,0.2928190893395638,0.49541752557751273,0.45931946749412533,0.7967909940443274,0.7801334113604717,0.603054720912765,0.16132476982197064,0.11698158055223362,1
0.707871,0.0347677,0.321001,0.22801174731839402,0.1274612196107905,0.23881756956015865,0.8834585058273534,0.5998563819856911,0.37426087091690985,0.32523207937539067,0.35875478725791654,1
0.442952,0.859243,0.568225,0.2145422327988208,0.49659092189411036,0.031980123608761124,0.45456583534542894,0.053637326817949416,0.9897648411189949,0.03246320553905735,0.011630222983714522,1
0.0892205,0.853353,0.874012,0.4272809420939543,0.02199325201482516,0.9469319980117707,0.5623026680527318,0.9710760182668174,0.6850921469135426,0.637208770644721,0.46178110882795476,1
0.478308,0.838986,0.884141,0.247578552261848,0.9556485462921456,0.39962419088926737,0.9451691769539791,0.3818999254019534,0.30101890809695875,0.06630422868230545,0.9622627616281173,1
0.325666,0.0391552,0.440401,0.7246003946194146,0.11713734374754559,0.3035339975630488,0.35774000674015083,0.06613046164614045,0.8620778962552992,0.4526992681188955,0.5145765600872348,1
0.896079,0.258291,0.902693,0.426495774729705,0.28215636339577377,0.18987284247643343,0.8132483131952666,0.753850928561471,0.29674374589971386,0.8265214680836325,0.34084669265948186,1
0.899596,0.786099,0.552529,0.029957829134234837,0.5133778507741058,0.8414680107459973,0.5240081465391869,0.6005569558390262,0.1477343118146094,0.3522915399632226,0.12284187187779028,1
0.413111,0.705627,0.292385,0.8530386242276311,0.3483953107402129,0.6232519356023719,0.08108223214457622,0.0566076088042794,0.9964035094220338,0.047277715979543555,0.32883148765055525,1
0.119497,0.971676,0.601738,0.5735476237906847,0.08258310604243158,0.2841390619076145,0.75040379188267,0.3904573704979303,0.9441806707285397,0.4498475638225611,0.7755944309293247,1
0.718429,0.262054,0.682252,0.0218013651684974,0.2884686956129666,0.6542137482326962,0.44465530969340916,0.10479899981497909,0.9482542179472376,0.3017390560314308,0.46539200828280347,1
0.000473302,0.140567,0.950591,0.28489492392514915,0.6886832407641889,0.13967865907220056,0.16121252053810597,0.6871822637415348,0.3673548492238803,0.12356443954148466,0.15479353314373345,1
0.183835,0.573759,0.7844,0.041180599469301415,0.1375194071080892,0.2955838030333613,0.27269457680831255,0.13814251133650357,0.2524321091959477,0.8078813664463668,0.8698092876556884,1
0.667982,0.332624,0.809184,0.7958008541865657,0.7974614559846127,0.47779307114649805,0.615815284882447,0.44745606989953324,0.9882444680296035,0.8841290925906208,0.02913759961392426,1
0.880522,0.886725,0.136628,0.17577973589361917,0.0386003065812327,0.5325738445002205,0.15811573039991456,0.9129397153565656,0.9309863795051603,0.4242911032408281,0.45079741811757434,1
0.214267,0.238006,0.880432,0.05753304976362539,0.16656049292166097,0.5240521998430905,0.42201397554881537,0.38035470295856855,0.37247788338457266,0.7216982436851018,0.16268211597522797,1
0.207813,0.623778,0.910379,0.037010311375122895,0.2787299555744156,0.11561339907839041,0.4155623649711958,0.6213716075961259,0.6443253694369323,0.5915275141751025,0.7588423960447388,1
0.644295,0.159307,0.328997,0.03450339575188621,0.4218070430188755,0.7240864763006043,0.13418917786400808,0.13242873571645197,0.9688542375881251,0.6332507903594025,0.047838724613021744,1
0.491534,0.105669,0.0726592,0.7406395842098167,0.5288193214083077,0.905544673480377,0.40337328757020074,0.9477384609898952,0.35956109676480885,0.7872628663436424,0.46117545951951056,1
0.00253483,0.591354,0.635918,0.4857934389274795,0.7279048702174745,0.057107600352802934,0.8312865246238722,0.4967984336097677,0.5620316464074354,0.3541206115623682,0.3156750945845601,1
0.328346,0.26337,0.427971,0.9072733564234671,0.7898507479515195,0.6317591570457756,0.6334823221602615,0.6100391433622305,0.3184312804887095,0.9552552965377987,0.4486817404948851,1
0.227453,0.900498,0.916933,0.48874732445417013,0.984243808724257,0.8491794193880582,0.7199742869848286,0.5095049615703684,0.4303643170637155,0.7359460587298492,0.4371037325718279,1
0.238527,0.414234,0.517248,0.04295444117478686,0.5254395454646994,0.6790113779335398,0.48794769900446056,0.4902132272781158,0.4311346189117772,0.3176218469961588,0.30498442439483997,1
0.799335,0.488083,0.84523,0.7782082208878446,0.6817685026868687,0.059942283193872736,0.14745276048587952,0.6122705549054648,0.7272748183706772,0.1462430570924741,0.3944827352349485,1
0.642051,0.458836,0.516795,0.4539277392590181,0.9293542625594676,0.5020586880070487,0.3828440291235715,0.13432999973205584,0.8217726819728007,0.4260636988467884,0.4263968032022347,1
0.101864,0.590392,0.0138598,0.9517459939396496,0.944800927894901,0.12049226769890065,0.5106267131029617,0.48093865555184623,0.6179568779726602,0.9738634268550961,0.39238622112875254,1
0.583142,0.579903,0.611366,0.05541619764852257,0.8304589467135739,0.5147677530614077,0.644101801138557,0.0478007629079914,0.025752721631541187,0.09431530557903034,0.009302819606772816,1
0.918876,0.126393,0.291318,0.4474189719848687,0.5644573318498242,0.6104428082484733,0.16235405787920876,0.2537299246571957,0.0680577741923335,0.7214156448896717,0.13812000078663877,1
0.209104,0.0976224,0.785255,0.04912744461405971,0.663264355707324,0.7467473046787874,0.5127850657012701,0.9712283835776813,0.8424817530322584,0.5735108658024954,0.6124143935556217,1
0.937823,0.0870859,0.363479,0.7596457496201446,0.7832072661273548,0.4982024412200011,0.9657514312790054,0.8739680762949226,0.5866263477768521,0.7376096672176335,0.7044105482668211,1
0.152517,0.102575,0.217196,0.34176026083438327,0.8295204324864588,0.2519364547996079,0.42620240066957027,0.028862070752682767,0.3307432038937401,0.8234448768420243,0.382676596901971,1
0.214811,0.861198,0.839921,0.6719123963213381,0.5012171807159661,0.06783932536212545,0.5778562669894297,0.018227429855620758,0.03204072267610325,0.6151975426131182,0.4336583854453733,1
0.401517,0.770465,0.94423,0.9900663026228967,0.9615990484853161,0.3825166813610137,0.6448806357566546,0.03711040827712986,0.773207281130151,0.18814230754335504,0.7263379163478129,1
0.300315,0.226694,0.299056,0.03227815218302155,0.06132129966455779,0.1436831427180133,0.6523069419648982,0.9086916702000315,0.8767069141869442,0.718184748238396,0.9847666509810163,1
0.378059,0.606021,0.620734,0.8579172742324942,0.3359187723619327,0.045159982338295546,0.47682022725812845,0.5643275067463353,0.3985096049627793,0.853957334195271,0.7748049679970531,1
0.279,0.670406,0.496647,0.2944127740318322,0.7375607383321046,0.8007390686824181,0.11483494267615002,0.1626414312542276,0.41901769849400206,0.3778442082128842,0.5423655416071207,1
0.641245,0.164863,0.248814,0.8178161025979135,0.8950434192520644,0.19732840698031928,0.41148214482751566,0.1251348720635549,0.7505751252999371,0.5428870120976266,0.842743647951542,1
0.784538,0.285989,0.947028,0.6654789792280065,0.5039177595843127,0.38189972802384164,0.18164391279297976,0.4126497405807351,0.06720034357930171,0.19291230226542377,0.25777466648084724,1
0.896448,0.847765,0.71412,0.13680263100744006,0.5854157363217911,0.20982798773588074,0.9033600352030411,0.44095082765926064,0.9833319984151481,0.4828265777547387,0.16515557013276294,1
0.593563,0.60878,0.974321,0.013502652068188126,0.1510475327571793,0.29474933723303376,0.9205654952428018,0.334482854896196,0.8792200698179615,0.33312939025756616,0.6002133596692744,1
0.505854,0.577483,0.819238,0.20914471666204293,0.48596128771778613,0.11807533562931793,0.49522982706584895,0.8145727242824102,0.5592177302448791,0.3135456847886062,0.1196700146934565,1
0.539719,0.66846,0.465416,0.20331972150637234,0.707761966241601,0.6694415443294794,0.9000958274274249,0.24388352104158595,0.47406710432546095,0.6529236237915738,0.9806322474979867,1
0.876755,0.345989,0.821949,0.079505104419612,0.7154346255701972,0.12914940972970634,0.28750591216085786,0.5611252171067538,0.4009734869874322,0.5847317929841465,0.9151100876826702,1
0.493422,0.667739,0.674048,0.8786519025438153,0.03758342568162787,0.8913452400262402,0.6385808310834,0.38319141773432763,0.4068741956605224,0.15293827764014145,0.9718355955459184,1
0.28395,0.167778,0.433994,0.7902560706543951,0.9857192462951152,0.47111271154802403,0.5817144631662885,0.9923651665743459,0.9793982401522983,0.8207982547522557,0.34752648441785217,1
0.91834,0.0521017,0.19458,0.19725281597321775,0.9965661268276941,0.5952820230906799,0.8812033125593344,0.8424700074482837,0.3163079787587423,0.2679016773996018,0.39031396019396536,1
0.292202,0.0881662,0.136952,0.8125458882565044,0.8556623382601709,0.07479087787233274,0.4569502826711548,0.04753335458441865,0.13296323132354027,0.8329935244714922,0.02825620175958532,1
0.968319,0.918373,0.837146,0.798408322522976,0.12127370927374792,0.3769167202764714,0.8193806098051635,0.26745516190671237,0.3463390473595882,0.7261465422516049,0.019440095622778486,1
0.991982,0.134053,0.20221,0.5531627731717115,0.08069169528874431,0.5370663881848852,0.19356281211011006,0.7910169418518602,0.9636576160538042,0.3608186477585641,0.4744317910685152,1
0.710285,0.730289,0.876984,0.32660601623027796,0.276799308261513,0.396432824394616,0.6614758625227586,0.8145263986773891,0.9990315230380196,0.8300886081308936,0.4833487364480914,1
0.153604,0.200849,0.59283,0.8477691453556736,0.01666580201309298,0.6432157286771578,0.15943251307863648,0.8184733213276871,0.5170542485357595,0.27744296210096486,0.12456238425491006,1
0.504064,0.0669918,0.713629,0.9238556440216257,0.5663983035637566,0.11457469541806775,0.0966095733737854,0.9659275643648568,0.6627396168380185,0.4817534825534714,0.388977481570696,1
0.111437,0.251312,0.950824,0.06226384780006888,0.6048386714102258,0.08112116119748392,0.19610389650200466,0.9098510512328167,0.8073049591765082,0.2888167275609288,0.163482609952043,1
0.709758,0.704798,0.390435,0.18039975993230428,0.7786366294139296,0.6750072349985882,0.4410412970130071,0.0660541157036727,0.2569536660437238,0.42482577345896877,0.6073999677477145,1
0.97401,0.351819,0.0124835,0.9885769453272959,0.2059348762012383,0.3879982548107078,0.060284711561076176,0.5660658650998089,0.012357670524659747,0.06256114181629269,0.8451165631555981,1
0.212376,0.0049461,0.803941,0.9797253757184226,0.12640622689472458,0.6571446852194471,0.7127418664793891,0.7412616786557829,0.8391158605007865,0.1268108979304836,0.25325586992620097,1
0.161013,0.281741,0.159173,0.3665516798088643,0.6103278455368272,0.16075584626252393,0.3051573368244832,0.6555920124835453,0.9665723008352636,0.292665009717608,0.3062472595336643,1
0.370232,0.464303,0.334491,0.9283318397239578,0.7023280907973832,0.6891205304137392,0.2806389630006364,0.422320527918559,0.976010501944584,0.4909273698283185,0.03601363530854984,1
0.77297,0.53719,0.912359,0.6680051906481174,0.6517298203660535,0.5971667951355273,0.03668367438726228,0.5889247927312182,0.8523514591014846,0.5396626889350545,0.30151431850358423,1
0.166397,0.666375,0.686225,0.34521272180053686,0.06971335246712207,0.21704101267180365,0.32384993997593403,0.4517550209567902,0.47397610700639614,0.8727932273802517,0.17398599959637695,1
0.0188763,0.877262,0.715165,0.6959200191120453,0.4581077345735348,0.08720091691973986,0.7920154574770241,0.6850851091772766,0.18256600697389402,0.7494561236746085,0.9373985070588501,1
0.167072,0.811319,0.270249,0.6172193265772938,0.7617310670432529,0.7996489784296549,0.3104741754114142,0.015774988456537797,0.12892214191268203,0.037671774717782824,0.4334827096550635,1
0.958065,0.524289,0.348596,0.7264235708815211,0.12635008849978957,0.32182329923407094,0.43987787391282296,0.026765989111010025,0.9748474631677302,0.9820191078419483,0.6881202082834881,1
0.993407,0.519895,0.248002,0.7786417860929346,0.0991588914810071,0.4726949654176481,0.07197456072893782,0.9385515738765117,0.12256487055140897,0.37481106226416583,0.603420410050527,1
0.289456,0.322212,0.701109,0.0602440980204314,0.018169620091137206,0.09439097227773985,0.03393477539795231,0.4708477867541513,0.5429901086983219,0.7139404206658636,0.12414827566457376,1
0.380731,0.641189,0.00708023,0.10921523707775227,0.1587492740626455,0.714253308135854,0.12351312159534633,0.053575611525433,0.01346442777994572,0.5977843168174105,0.9858268206565746,1
0.567059,0.807464,0.385807,0.8009657785586568,0.9535535510104862,0.1451942169906627,0.5972231388054451,0.8034466113546025,0.40943124588925794,0.46316666126810246,0.1346648134719277,1
0.585455,0.485912,0.639576,0.4442184962317348,0.5882174516758061,0.11742201940372698,0.5805964122631188,0.12790039494736505,0.9648616755084736,0.433241413532807,0.37074542932763555,1
0.148016,0.00525959,0.313362,0.28377192616094293,0.8961566869173738,0.9442831945183172,0.8198428284847654,0.1786542213688802,0.8130263838544352,0.16434222740409032,0.26418445249851585,1
0.192091,0.0809645,0.482659,0.9696258733902002,0.8063808953879484,0.33578904718398206,0.820978694864065,0.7347975238460939,0.18484787756558108,0.7251790353380189,0.15530948141930112,1
0.913902,0.454437,0.929013,0.8672958838814008,0.4115114167754709,0.04489214533341379,0.04940123892449211,0.5759364409300617,0.9379654464052702,0.02931010700910841,0.6031329369787686,1
0.0899482,0.584952,0.281954,0.8997637579050408,0.4288960847281019,0.9376607662379294,0.7362205145423936,0.3585846291392959,0.8588934810853213,0.4919173634667542,0.13960962017412037,1
0.972062,0.914951,0.0196267,0.3498376778926261,0.031055890459219082,0.3389255903262619,0.30536375803175975,0.16249085660882856,0.5716145740696702,0.040301484682578104,0.9175137013273985,1
0.83641,0.763186,0.0311236,0.17487033808236974,0.7179602141700651,0.05706800573785187,0.4871273090450995,0.6740831040478737,0.12208338394194951,0.686947159558421,0.6389103969157742,1
0.375707,0.625388,0.854715,0.8095481363663637,0.31961816792876196,0.6915126437732491,0.8984463492653355,0.8670837905588843,0.9696628729427167,0.5457232194137489,0.679795464491427,1
0.812439,0.450747,0.354086,0.6141294400564271,0.5366696229018453,0.20294131542910998,0.8471608330681968,0.47710010342524956,0.7435234107832296,0.09091330821185539,0.32890323292373025,1
0.705819,0.88385,0.224676,0.18663954157233786,0.37548268820946695,0.33613621942554794,0.34291396130999796,0.6412427648331905,0.8870218110863949,0.29358404329698073,0.18825057232943643,1
0.668591,0.43605,0.0738133,0.09042561701520546,0.598354380457398,0.6191800381946079,0.9219130689172064,0.6280273268606401,0.0845414717046461,0.3938784996185014,0.6227478407304813,1
0.27729,0.0203887,0.226627,0.9523729276766735,0.27592544697603394,0.741252015156356,0.11837331728670553,0.34407414867374886,0.08617368423924954,0.9772992440457673,0.04540230726863359,1
0.0890782,0.173261,0.396896,0.23068254059974513,0.2877740884648925,0.15544628113577208,0.601830997518251,0.5234975976987626,0.6874629126914469,0.2293065811498004,0.9335561295166569,1
0.623975,0.282678,0.284691,0.43856215656392006,0.8688939651868203,0.03616629391212456,0.7251130331959091,0.9292400061916485,0.565950759103422,0.4595954376350745,0.12888878078928778,1
0.159789,0.340318,0.00265343,0.45872646411412665,0.06620321412637564,0.42864032261587715,0.7003203960591556,0.2797530958743222,0.1915229313035639,0.183788195955486,0.4565273981859723,1
0.888349,0.721951,0.300061,0.07553450610788537,0.5726051397044533,0.8320151912268837,0.7595027459382812,0.198721366458942,0.9380772862754787,0.5049787309275227,0.979061325375069,1
0.71193,0.131764,0.782997,0.3443973074794342,0.7084510228101077,0.7267290455925741,0.42298557509688317,0.13369691409800644,0.7485626093502518,0.9799079180680986,0.84340833749542,1
0.83161,0.518013,0.339594,0.4496615127347571,0.14086317434558449,0.9155259122298968,0.37882740688600347,0.3658355878366033,0.9216367504495718,0.43080751947293816,0.12431751808643832,1
0.367492,0.354693,0.622226,0.6345621083835418,0.3895990064656616,0.7320961837968128,0.10797533715397745,0.04015533571745211,0.6069220071949911,0.3195237640302162,0.8831434889757696,1
0.931283,0.251621,0.468469,0.7049136176278922,0.8681593527474205,0.8467795636239369,0.9921337548311792,0.6018438868816988,0.9050610492104602,0.8565140996247412,0.18465015516950978,1
0.871524,0.31868,0.574025,0.723146092936131,0.948594003545738,0.9183173719869578,0.32459421138465583,0.7880437254677735,0.7091940023696641,0.02871954813859323,0.4094447264903833,1
0.123975,0.0042103,0.45079,0.6782136694964757,0.17848437690700913,0.3770150770976187,0.79207168942883,0.31805907210000517,0.5575022116954274,0.38820744288046194,0.08122211074088115,1
0.32667,0.412119,0.446397,0.764280616893755,0.9648890368721335,0.59915237694649,0.4313402384622129,0.8642640575106354,0.5249126344095364,0.21948186812560833,0.08793322883957722,1
0.612178,0.540523,0.0448175,0.916565864533811,0.3222425922647779,0.5859947590094509,0.9260148671989836,0.40424120162783506,0.3392677357130458,0.8461907742410906,0.7237411902581145,1
0.431814,0.595334,0.719196,0.7244746406103587,0.5354642739381691,0.7183218940944098,0.9355614756787016,0.9527041430098202,0.31927987897927645,0.656297438498667,0.3206979323107745,1
0.444234,0.360976,0.189618,0.8932053813463516,0.9983357748485637,0.8193223645576214,0.2704994842700077,0.8325096369879097,0.025603816472918872,0.5517904608431419,0.026463403301684618,1
0.110917,0.00334337,0.242174,0.5730022679358158,0.35891714942072417,0.7431737316000597,0.34793759225762033,0.4368184063851137,0.04208997530697933,0.7716313098252335,0.061252959814454666,1
0.612753,0.545474,0.105084,0.7473102191059217,0.4600927613184316,0.33665263405501766,0.017265416543932433,0.732848641730448,0.27876387710020467,0.033425321773712935,0.9277857354362832,1
0.396846,0.736876,0.120428,0.42739530261538283,0.5915818440470392,0.15027905253763307,0.7020964717267296,0.5279764210674025,0.6823188860877112,0.3405698292434668,0.5450720848875928,1
0.128447,0.890363,0.542333,0.3600931124118494,0.3200651960222436,0.10484511271105068,0.9715443408124329,0.11792966889733014,0.46006800391600733,0.9866507830039204,0.34093020976769495,1
0.256864,0.14188,0.919577,0.930219907049675,0.3076556971692658,0.43706958304014243,0.9652868062589515,0.6140032057017629,0.6865025769285843,0.21844153553173273,0.2062813973775367,1
0.218046,0.531357,0.65369,0.6245368152654095,0.800825383972437,0.19653817311924182,0.2849131892707375,0.8013371822422939,0.5090747143607116,0.01389851480518789,0.07127523240286082,1
0.748845,0.563492,0.0169642,0.3417619615913856,0.9738672347816351,0.8760570900880401,0.9830274708170055,0.10700303289199797,0.929822780390964,0.7337606206823662,0.3781329016114199,1
0.970425,0.978314,0.625457,0.8691161309220254,0.19844638032305173,0.06692011287636912,0.9908242433959558,0.30569558382620843,0.5211339362882063,0.5620711987683923,0.18989360333967142,1
0.563962,0.193567,0.483456,0.8853328337032744,0.6979242231173101,0.8970428898698479,0.6983256661368656,0.5887703508071891,0.04821304917484737,0.7275047306779158,0.8720766551995095,1
0.476129,0.427504,0.25058,0.048276087930289036,0.618724904357031,0.8869515305206145,0.912987076937175,0.8134603643247391,0.3509540092030906,0.8272349807347614,0.7419047588468274,1
0.126571,0.888112,0.626225,0.9246422195007689,0.26358405517919015,0.9245353438347528,0.7685817186396251,0.29761345844554,0.5727056378196549,0.8361165767921521,0.38466366147622455,1
0.227303,0.873015,0.757247,0.23531308820256858,0.15765688326320748,0.5141371979168292,0.7002149004167063,0.6580418479724244,0.4997913913361549,0.2433694504800601,0.7618827186641087,1
0.440786,0.748857,0.702608,0.5386605266066591,0.6609157173709878,0.4540371498909662,0.8194656597442034,0.3159638213970485,0.897313315654099,0.8986008323223749,0.17067687776817697,1
0.0869672,0.976245,0.413183,0.5061347321608615,0.2592918251680302,0.8657051379920004,0.9304167086091784,0.34416333057553217,0.8618249604176365,0.36271197456810256,0.33908630404336404,1
0.622314,0.0789389,0.451918,0.47822903202696276,0.35552164256265717,0.8266226980308291,0.887683487871699,0.8823405413115384,0.6616549196720855,0.7391032379895157,0.33498687037724506,1
0.419096,0.351304,0.345559,0.4618438517542701,0.1930232655127917,0.12784278335122756,0.9450280453135821,0.7015796678846606,0.5748659612922162,0.12022881528385065,0.12996846416718966,1
0.41858,0.807959,0.183611,0.4480681716844046,0.3613583919596748,0.459130733370812,0.9293214879272478,0.22998380518860828,0.04011544715705606,0.763895360879898,0.15211314661287556,1
0.364255,0.685011,0.566812,0.404732245433144,0.3868850442474586,0.37383579486716134,0.6488160842461702,0.714164747874864,0.6066160473464238,0.28641383837558654,0.27088319021654517,1
0.967073,0.301626,0.054505,0.6033103493020109,0.6872272776184045,0.5178034256172982,0.7791151548376811,0.40034325290149686,0.3005143812110014,0.6015954433952766,0.15948562630494045,1
0.848455,0.490814,0.439631,0.10074921172928686,0.6120707386363865,0.8491322269835903,0.16694157426901401,0.16518978455612032,0.9345951411234978,0.570585869584943,0.37967953746068805,1
0.877329,0.0761569,0.0414822,0.18469676261975365,0.07601818348449907,0.3238939365340524,0.04424494656572897,0.6209368585875457,0.7038480029458636,0.5124940791202179,0.5741383041421214,1
0.795089,0.413387,0.854251,0.07158116493558475,0.12360764361294274,0.5313661993706065,0.7475003518750712,0.5754035696945657,0.5832586617750309,0.8617417447770248,0.2787891220675327,1
0.56666,0.706225,0.0259824,0.04439359872592141,0.9118085440085439,0.2965502466293768,0.007289916196752344,0.12040584525413889,0.18884315817569197,0.9062002503769754,0.13802457676520818,1
0.423444,0.124203,0.685719,0.03504705587515011,0.7467659114730988,0.6443536079791622,0.4688778536410777,0.032974538500876394,0.8722965994880004,0.9810954170104763,0.619774096138116,1
0.598195,0.0441517,0.575822,0.6876058237199879,0.6993678272020232,0.7561457922156936,0.004389738080447514,0.4787743048302189,0.40687313069401354,0.7302559530754397,0.612093137265509,1
0.298158,0.0516797,0.566183,0.1074833882593812,0.36377484591104403,0.11755087737565484,0.08299889684633588,0.1431014216120846,0.8702298501293055,0.2981771977112816,0.17650095875972616,1
0.876701,0.115315,0.0585092,0.36504545829594004,0.8634183839800508,0.4581713457194492,0.1915214230064144,0.5353760710926923,0.1322894710693776,0.4016696146331966,0.25450879471104415,1
0.646513,0.427065,0.528023,0.28534111085965175,0.9747259091005578,0.03677536805094006,0.6846156350471447,0.09250602980902689,0.35532353057101396,0.49174173854414394,0.0616902878315444,1
0.372055,0.71798,0.638128,0.19594810903314797,0.6563379983175965,0.9602604900080586,0.10510859150524299,0.2437591782526376,0.7554792410624113,0.5921861193354108,0.6460313798050156,1
0.533821,0.440495,0.452629,0.9890939578130289,0.9433990490083668,0.7069441758230846,0.8799364619028257,0.7987498138999356,0.03157881290826403,0.47010173840218783,0.04467604895560706,1
0.950879,0.981126,0.216637,0.11302377203681802,0.5781367286354747,0.501498155464874,0.6482210757846798,0.6248978918103268,0.8357333003617405,0.7038515371819334,0.6603617370840845,1
0.623791,0.456531,0.433049,0.06257512525624342,0.7745923291223252,0.7789164902938512,0.7573403468401371,0.6945512833337454,0.5072028165997367,0.04609620630866895,0.9715805315764102,1
0.444685,0.623727,0.421476,0.4112400732708411,0.8801741283366336,0.3540676955446377,0.3427580504565083,0.38783693129727037,0.9272120971095928,0.8315813192193138,0.9401726919191827,1
0.503215,0.938656,0.402216,0.8115160544904867,0.4940617490095054,0.5407354552095036,0.1794953591575379,0.44864523773034704,0.550351850256417,0.8187469903151794,0.7740380865661954,1
0.263111,0.261963,0.172268,0.562636839872121,0.9864518864079116,0.896500581710083,0.38010189224259716,0.47788878046805194,0.6062915238436212,0.805305145799233,0.6418420145928824,1
0.0342543,0.646133,0.485207,0.05858568113113982,0.4825147158011186,0.5047187687344087,0.8156641241533179,0.6858936248828111,0.39320635448978014,0.7381129393109127,0.33097393464498603,1
0.187126,0.849604,0.535173,0.5134751074026892,0.48117688978784146,0.017827631318397597,0.9567155603773422,0.44337554860143114,0.8507738297210409,0.576043809054042,0.3033001259011261,1
0.0643271,0.850957,0.408551,0.9882182158359807,0.1381400775548931,0.1946562668729388,0.8367683801045945,0.5806870777645057,0.09137477220140244,0.7236088046144665,0.8619266108220642,1
0.0484475,0.344614,0.330801,0.22729759399692762,0.9550091876640013,0.4832658521157712,0.6677318941966424,0.6669689275236791,0.04500455118219859,0.15401702976320308,0.6290899862816224,1
0.108751,0.216675,0.123853,0.3667063566959099,0.692529165618347,0.8373953080552755,0.24465329680195314,0.8993486140850135,0.1563797021887805,0.651655365389995,0.16643900554584834,1
0.651144,0.00447245,0.621005,0.4548114447712269,0.12907132285744527,0.26672128341110213,0.3326285693410389,0.25736237115476057,0.6203199979903764,0.669082498954877,0.3700642573653439,1
0.938596,0.993544,0.905588,0.64549976722083,0.7353375219851292,0.5179942375977421,0.7841602721302561,0.6757310468149834,0.5676818564944309,0.2743151963453371,0.8734230425141826,1
0.996929,0.554553,0.541412,0.7819356988636633,0.6105868259131682,0.3785322876961661,0.6121417568331553,0.481855816821841,0.20127700428867956,0.009936913659542745,0.15180966221887182,1
0.532006,0.984322,0.958699,0.9189683542134564,0.5433163064159279,0.15983015958696445,0.044144686259722454,0.7520115811191165,0.2644531580400874,0.7291797458151025,0.5970282065491483,1
0.94554,0.71701,0.710526,0.020995401968689764,0.16800643485410383,0.8286280880558667,0.1394188751046609,0.226469859575946,0.996822788766668,0.23739928622682582,0.08310690584487201,1
0.751878,0.703361,0.267902,0.6685307989374889,0.5935624158518942,0.7121159663756838,0.33154693207488584,0.6749154342571397,0.8519611082739622,0.04980973689551027,0.5577875349868461,1
0.596025,0.166024,0.753615,0.37906688068273264,0.38288492282547526,0.13703267076126824,0.8042186446314765,0.7572688392868349,0.6083649508662272,0.9593293386915753,0.2565107676923871,1
0.570856,0.0470428,0.325039,0.33384014928924466,0.7973567690016583,0.2324393450558493,0.19818787746593014,0.01777091148505383,0.6708885100271814,0.06855300749766724,0.5011589182131336,1
0.97431,0.619744,0.659875,0.9191508762137574,0.9329905668839438,0.31460132445503264,0.19927251974163618,0.9044259744424819,0.23579335445677652,0.9168572693113523,0.6595633169253197,1
0.790044,0.523653,0.905483,0.690148470944182,0.546885321096678,0.4949409208909855,0.6495650355805092,0.45683548275804886,0.8597930315314554,0.2747424131530254,0.9568629878233125,1
0.286843,0.0882235,0.350138,0.39070923587578865,0.8749851902587726,0.6681669426360693,0.3348901166349343,0.9703266089049808,0.27565183894198453,0.9654360222788079,0.11440232862893318,1
0.720426,0.57944,0.507924,0.005125421116169426,0.7643695766465263,0.677247394099204,0.7371504710352939,0.36148034901533155,0.8778527389911274,0.6314726884716839,0.3590506322696735,1
0.572102,0.150232,0.584865,0.07208253202252057,0.6409269075203113,0.6045822945429526,0.18627264299894652,0.19915527803084754,0.9922125930991609,0.39138071938559704,0.34255346532521824,1
0.515614,0.0389454,0.10097,0.8094545489724624,0.5275792474515469,0.9992186863373649,0.15124925715334692,0.6259233634525582,0.9861907346751025,0.4814766152721649,0.33056684191608754,1
0.772519,0.671903,0.481006,0.0643894550715618,0.6260679295151943,0.4881870136625375,0.809415230461146,0.10585570910569819,0.030905535325045363,0.20374077716028238,0.3379597293161799,1
0.364932,0.343717,0.782434,0.6038321328390978,0.255763960042676,0.434097738630163,0.851427492227362,0.6120913500662855,0.44214963368872273,0.3735920063579118,0.656964312318612,1
0.499841,0.247809,0.368725,0.21703561363564283,0.5858793155712672,0.3307264106910299,0.7736601198712704,0.09019256639701623,0.9322529527747586,0.1290507283996053,0.5042394707076955,1
0.722961,0.043476,0.75215,0.08853895710864423,0.8019307183460436,0.9066199093059243,0.12045317950290058,0.021664944032365963,0.4955005383950173,0.890053076141732,0.641173604458092,1
0.798896,0.885245,0.0582954,0.3463623376836056,0.47609272678481485,0.8152872830602184,0.8762727892182931,0.4593896611504067,0.05435704633548488,0.42884497104260866,0.3177373571175509,1
0.786278,0.270401,0.664786,0.36241065154823937,0.12802548154014115,0.9203199625542543,0.7145767863968111,0.8991840095394796,0.5242252529122974,0.7576873390964881,0.0013872828416378047,1
0.902215,0.465538,0.25157,0.7116059408443273,0.13569296118773522,0.8559963273638763,0.6596623920731797,0.8534568665040759,0.2989556306061757,0.8529659923051534,0.6567539272413696,1
0.163049,0.544564,0.00280116,0.4362394461270084,0.5854301334853393,0.8912907904862304,0.29254418155688644,0.43802968559654876,0.5148945321982904,0.8617436259506127,0.47378403252244916,1
0.882188,0.652711,0.892293,0.16045603308514989,0.338010044398778,0.20634490438464514,0.08224266433502081,0.8438987903178523,0.4919751151239815,0.4798752648500977,0.1424115653625848,1
0.783545,0.424984,0.0469444,0.07365409553059143,0.7189849307356331,0.7734458651878716,0.7555240980089445,0.9178014599145894,0.03826624707785409,0.7275103132219374,0.902956444554743,1
0.441592,0.786898,0.817427,0.41916555617383167,0.6926789027231581,0.09168402978789048,0.6942665313680225,0.0667375461300207,0.02583449034953811,0.07244281787774043,0.08949181248780858,1
0.873412,0.398767,0.42624,0.867156712197315,0.49335114183164797,0.903589945230465,0.7695936432315698,0.23323514859352557,0.16433512376117965,0.8869994134376916,0.034356018404917865,1
0.259217,0.561901,0.989357,0.6624463147937881,0.5025759871765758,0.49571096841642726,0.4239561053742833,0.179419024166669,0.6950244627921636,0.9685417172653911,0.9082133224119152,1
0.948656,0.0639775,0.368736,0.8196984207801294,0.0560436046282925,0.8401510468794131,0.22569672830935494,0.37338915143614826,0.6625554873881526,0.6352380099879065,0.7112864246318236,1
0.406931,0.716225,0.563841,0.9225782455520397,0.1728998724594797,0.6964336573961343,0.054539044798421865,0.4374619518192999,0.7134262721233676,0.15774539243160812,0.10110140379116428,1
0.556163,0.51049,0.820762,0.10822903366720149,0.6666445555728845,0.10553055241370879,0.35480621303862236,0.3382235685352588,0.9169939977957827,0.9088065707096127,0.407203508982501,1
0.61625,0.718941,0.25525,0.07100499727014653,0.5069397076077761,0.5051068160565658,0.7392714533809496,0.91862327713169,0.8838539578500629,0.1627911131308083,0.05074542604133614,1
0.583543,0.113322,0.260791,0.05660941736941849,0.6194381219362262,0.8847882597336593,0.03229969650484077,0.7426742587456473,0.07070712199134643,0.45736961948195576,0.5074175250616597,1
0.132834,0.978298,0.72245,0.32420163479687214,0.8767240030703789,0.3945942162692877,0.5706592250304663,0.9915003033617125,0.1399521769670481,0.9313236689719259,0.7562695188346726,1
0.579119,0.080713,0.683999,0.16754865321501533,0.43045276486222106,0.4765335467004711,0.8284838605629792,0.2667224189559474,0.7490828448062521,0.3142157695032586,0.6213321347547045,1
0.354611,0.992479,0.705505,0.20656406184149256,0.1083895833279821,0.08095424132393847,0.4770423561006637,0.24694241239116566,0.557742152119136,0.21481871470817104,0.7141148397646879,1
0.444684,0.950416,0.435602,0.9609150424223357,0.19131360136244147,0.721437342020425,0.15740778697589775,0.28755026342646783,0.8576476541001133,0.07979022882976106,0.8949409238215028,1
0.268869,0.440333,0.257679,0.5380603245513678,0.725644231112341,0.6308992393049908,0.5791891468713863,0.5796866980059943,0.595310511525806,0.5631634925161866,0.009367066221087073,1
0.377279,0.952904,0.25028,0.1990211849305371,0.6616940095609325,0.75293356970694,0.03425234645969455,0.8097223586437083,0.792329573139852,0.6661889640036001,0.8655941651497182,1
0.57706,0.621408,0.960896,0.476080222160144,0.887049254662013,0.06037707910682166,0.7747641333649589,0.2843349549343732,0.04340463023848584,0.5470638474444297,0.8775117396236757,1
0.111184,0.624366,0.201059,0.6533233234077651,0.4771691057427141,0.3861400450721377,0.8307142790129882,0.5507877403380315,0.07439205517846847,0.7775917278966329,0.7789313307825175,1
0.012844,0.980159,0.525197,0.7124320272535308,0.3415643101705743,0.6067939995037598,0.9515167216326132,0.21577327750270037,0.9390764457294867,0.8714976894711552,0.21859551899303953,1
0.720631,0.473567,0.344604,0.5001715918487465,0.5098828392592636,0.15567050416184713,0.6951880467269766,0.38815124130223033,0.7440697741910722,0.9821852926800209,0.07829992739289593,1
0.0393648,0.485585,0.970347,0.21692486001797495,0.3786940007611661,0.1022365101719831,0.28847532066093917,0.3806940144765979,0.5101094001030697,0.44363974086014824,0.7546452506229854,1
0.239114,0.752956,0.181385,0.4102489520336896,0.3573711897116023,0.46396691485616226,0.3958736611341197,0.3611005707285213,0.4324697677694408,0.22300867981934303,0.5727074797189485,1
0.798457,0.835777,0.0521073,0.40787765148520916,0.3717113557700772,0.35225737728039586,0.051824344719956006,0.27231725772948967,0.9490038091767012,0.5735937815890663,0.06842551367180238,1
0.927883,0.760172,0.768815,0.6149734872435175,0.815340320440817,0.35146626282648585,0.8334228349005856,0.034465786643595675,0.799776943674547,0.9025060520578551,0.21450638170572778,1
0.777211,0.737353,0.958943,0.48849524083250817,0.9665475850397575,0.4186318639477996,0.7106626962220776,0.757565444468557,0.831679366918528,0.41915179430348626,0.3673196594855085,1
0.2806,0.0440777,0.436625,0.6233326335763072,0.4758450533669718,0.5336432572553494,0.2556789487718041,0.9946395755254878,0.4799055171155584,0.7657540213093917,0.2902483142420895,1
0.0265659,0.148799,0.296076,0.38423536481639975,0.06768965541762484,0.68866768602835,0.5424327354247539,0.0620768848773221,0.24040110806261272,0.15739535207179078,0.6080648371907892,1
0.254805,0.877766,0.0769104,0.743348110260163,0.6095939059035675,0.28755810693999795,0.319694737803494,0.10167472881389983,0.5656707368201421,0.9222015909325108,0.7077736775646019,1
0.369346,0.871809,0.932773,0.29908707634526743,0.22417560336571662,0.5238997670831791,0.9866901754210088,0.38224874925940333,0.05087776648217601,0.7256297459510358,0.4486576207429134,1
0.201297,0.318338,0.627847,0.28684560944667825,0.968930155972241,0.6886878755853222,0.571139926995626,0.5849572919442007,0.17719590469420643,0.9821194970688852,0.6638570379818335,1
0.903606,0.669395,0.149444,0.6943862756707153,0.10752291814984727,0.779890388186083,0.11076749943248598,0.7825621219347939,0.24988252414746048,0.7605902762420564,0.057587182946080895,1
0.402396,0.180013,0.300981,0.499193565979144,0.588801713260538,0.9453865691222101,0.3123134003749577,0.7425073081487505,0.8493390147022838,0.40093735915547046,0.6783504634911488,1
0.0730245,0.254687,0.307185,0.15597659234286843,0.0013107253995231494,0.9899828847836859,0.03851593522665531,0.7413617455202858,0.47024181438369383,0.8871029930628307,0.7439995249236996,1
0.161288,0.78178,0.557052,0.4194067982143751,0.0905961742006447,0.8284428912075049,0.09637736727839474,0.2297474323467117,0.9472797351078351,0.24774018948885468,0.6113660889943038,1
0.938038,0.932138,0.834889,0.7639111593978979,0.03315844979985194,0.1034477297297236,0.12279391923140115,0.5738833391696625,0.3121155333871585,0.4698855944781589,0.47552922519833607,1
0.0783793,0.217922,0.887611,0.23875017574874557,0.13360442007039164,0.07574338931694058,0.27192452444173365,0.43151604776944497,0.9927038384309002,0.16766026532731926,0.4773435333455085,1
0.715901,0.129292,0.467234,0.275075258555773,0.6101649867359381,0.07282195729255514,0.7633867154257904,0.09956232886167105,0.038608044023203836,0.2256780040194919,0.46050220140998455,1
0.165898,0.196219,0.866171,0.004175670089337058,0.08354909371030617,0.5830876900844781,0.8546824772366448,0.46802825836826967,0.41721831292055145,0.9052736302626352,0.748049981831124,1
0.0183126,0.196112,0.758661,0.44632198900142206,0.7756585616589269,0.3146809002432487,0.38757241286898747,0.974920507503467,0.196806927682175,0.1846348123901128,0.8087423028621066,1
0.43142,0.891428,0.0243341,0.9457853463687955,0.9646101988598171,0.008541181737238834,0.9362391631325383,0.7381536034766216,0.4177066632329688,0.16015148199735207,0.722315889782007,1
0.957674,0.861097,0.159275,0.02233627396443638,0.2571920954294259,0.10398274287412446,0.12433421323779159,0.45798150968572426,0.8095992429126125,0.8510686580443081,0.23985236214077654,1
0.025064,0.211914,0.878311,0.7523511400492657,0.3583019845341421,0.2568667462715494,0.02172249288502881,0.3087328609976816,0.17811548196202986,0.751063232682666,0.5730099114453787,1
0.610051,0.421501,0.772663,0.8200864232789798,0.7279085792736689,0.3120131909146161,0.8199708408317476,0.7481210835340723,0.830043508803256,0.9232580729499374,0.5022824163268524,1
0.758844,0.381207,0.951275,0.7173272333683153,0.9744036658521862,0.4189551644465723,0.8959791715456531,0.2068222162392891,0.7039096624669363,0.9064514886494616,0.4880542227809306,1
0.662242,0.745045,0.376206,0.20018559088100063,0.9374143083079165,0.45669814487318694,0.34317081727145304,0.7310997139331695,0.5169473507936736,0.59731614843355,0.6495445623754965,1
0.0603017,0.014996,0.148116,0.8565978994500922,0.32369888766716126,0.8824324372883326,0.6182584961192007,0.966009160669042,0.4929329168017268,0.7427756804891106,0.06373671983707252,1
0.556789,0.927929,0.183779,0.6692099199509901,0.7718713741743368,0.9088834368654775,0.4673081091116771,0.094127223340577,0.2657357305634557,0.05401775168748646,0.3593802999560778,1
0.385266,0.300764,0.335685,0.46445198393131837,0.007342363414243769,0.8520478508929608,0.14299137494337721,0.8969187040268672,0.8828849145172705,0.20408736202640831,0.5021961102506368,1
0.823777,0.862927,0.895196,0.8751858486086729,0.944935876127997,0.5932171250334376,0.07212732683719891,0.7374792850623718,0.5384912433433339,0.8489393341629056,0.9301414747183908,1
0.391405,0.26133,0.820263,0.26643914522010914,0.14159211675367045,0.24731398478492428,0.9361540197649615,0.5777764710355574,0.5663166722865982,0.8170489441994041,0.7335048500248839,1
0.323004,0.843361,0.133409,0.8824490987769428,0.5854926056950501,0.8363838054954682,0.011439190162433888,0.4619615336286105,0.14047964214562747,0.9659879895393029,0.4570813110839925,1
0.91297,0.136552,0.454972,0.8959990139240713,0.22584478277368858,0.4808124281358437,0.8659209612910159,0.9953058609042252,0.18180118333944928,0.8735050257266916,0.7508166998923753,1
0.0539983,0.924902,0.399895,0.04903950433602089,0.2617978187784602,0.3995973865909598,0.9730831559289458,0.9943093875077482,0.5267970410765219,0.44624382236749116,0.9706077950397063,1
0.142005,0.0398349,0.111003,0.4504386358457332,0.07428542902285895,0.7506366925036914,0.8141194225349607,0.1502461663969087,0.9639167990617808,0.2539344375519206,0.9986517768132077,1
0.58965,0.249645,0.656948,0.49105248929197054,0.7552522350183659,0.425785786355969,0.7749416205499384,0.16090488911150702,0.46625287575037444,0.9907055919831721,0.5917754477807433,1
0.968619,0.565541,0.70192,0.31325449276999473,0.05209844237243888,0.05118250636540389,0.0147068953532552,0.8686294366439536,0.8845299637338513,0.40561498672086094,0.6489671990977127,1
0.708621,0.620621,0.447384,0.7079151273267411,0.8127532195589441,0.7792209454086911,0.12572969592866778,0.9581309713805095,0.5719145440513386,0.8292514041694534,0.0895423543058087,1
0.892287,0.961612,0.284603,0.4750859156817827,0.825311024579413,0.14253429660858885,0.050946067409796125,0.47299283143515325,0.8587652223394355,0.5806480198544772,0.9751185393586957,1
0.695184,0.101732,0.686337,0.45519266548785975,0.42070537160415067,0.888875865138845,0.2774407063540284,0.7446723769816116,0.8905848278669027,0.6358257722932065,0.7183661261509009,1
0.100279,0.558687,0.756147,0.5593427738473755,0.7540188074571088,0.8688726536101568,0.2743789455245925,0.38396370835307225,0.9132689050394119,0.5190998518636231,0.8417710674282516,1
0.563246,0.0237721,0.686214,0.3117394957141605,0.26102146719833996,0.9182292248119747,0.6662122471946387,0.5646919254301859,0.5431976960966061,0.5506305818072995,0.6128106587400948,1
0.343418,0.895789,0.22355,0.02636220642728615,0.029819196238142665,0.8129617806367501,0.9653352158261018,0.8396037629414498,0.3654226234203949,0.9567154954063842,0.2888738520218612,1
0.0372664,0.6292,0.452336,0.4590733459704269,0.5237141976468571,0.8233243971645406,0.5725520583540041,0.6872119447896038,0.48385094674199514,0.1921610731341118,0.813164883827376,1
0.0209893,0.182682,0.917134,0.9752519519795457,0.7836434733653004,0.07117025164405066,0.8530263863172323,0.9625409399669861,0.632122888657686,0.6204654394994316,0.602989406782365,1
0.657228,0.993228,0.192814,0.7618246800115395,0.4501925824118258,0.1695526967000096,0.9833246263559087,0.20363818531273925,0.9046782987484092,0.26967588982448565,0.7610984576156125,1
0.653662,0.967371,0.839499,0.26908662380504755,0.8786928915750256,0.4751879319418062,0.44651596453532993,0.0018711882948518888,0.39274511335403384,0.45423206540040506,0.7956929971649803,1
0.724695,0.404728,0.509874,0.9020567941372772,0.5979985596638071,0.845485881936218,0.01785606759567382,0.5407042160454187,0.008801022502976097,0.6605147246141455,0.8059333714003034,1
0.0293945,0.823468,0.372152,0.8160461014579898,0.6659795823264907,0.5619069843528659,0.02066444221166064,0.019324254554355713,0.24825100892416185,0.2521993025770428,0.5224136063734564,1
0.731831,0.170425,0.55085,0.30516993126820924,0.047173262274035066,0.5986513595029503,0.6691404995326538,0.2887953452280758,0.0973651351104039,0.2587026320682704,0.3517859616524438,1
0.769315,0.154708,0.0639616,0.6104603171638097,0.025179326876248465,0.7689093764972383,0.6473979857944491,0.10435868120189085,0.2531633441632283,0.6719625447211343,0.7262607312666873,1
0.242825,0.515277,0.892108,0.9935864825837079,0.1949275075882797,0.5810838368402089,0.11903221943595421,0.2542420339900582,0.16318581379047203,0.5000101828276137,0.8375751612520556,1
0.165121,0.779548,0.179508,0.15341432748660622,0.1812542082121652,0.23980632590789908,0.7944309932279069,0.7186109979252728,0.12163858196497646,0.09979389543188277,0.09472478996058509,1
0.179321,0.133835,0.0675428,0.14012104255292757,0.5255182704466226,0.2636955983081768,0.155327688602237,0.9217967420950635,0.6409077248834631,0.3807830926409541,0.37117958875081336,1
0.360395,0.741669,0.33847,0.03810341103038262,0.6316223726122833,0.17766713684789537,0.38133835061891563,0.517990472990454,0.8778256972552969,0.8356102990011348,0.8533069457772291,1
0.900039,0.025444,0.498436,0.9805924342200302,0.22401776410594954,0.05168380099278669,0.03731250778192763,0.369873080338904,0.09091802899183477,0.23433351871585806,0.3926470192274737,1
0.649635,0.152017,0.133327,0.1414211945668432,0.09937410899807941,0.2596539636836209,0.24742715550223393,0.7606780825410931,0.7897102615077045,0.15187566807496844,0.2646595842750611,1
0.784957,0.00728934,0.00271437,0.018457020829783954,0.6107887213544152,0.5980765084006732,0.8251522545037234,0.17238545856461562,0.38850173310226543,0.9068299472340926,0.4571298239712297,1
0.533805,0.419209,0.409864,0.4214988289754189,0.5945737058492919,0.8804551198835066,0.9204620349192303,0.5736456704802007,0.77971896333075,0.27307696282730853,0.7840258922743993,1
0.32373,0.953243,0.64974,0.7021476445536883,0.20925954950314807,0.6646085958125879,0.1678029283950876,0.5590421165978212,0.21437212988327103,0.46122903128151416,0.8006643633980749,1
0.0168368,0.0166797,0.386701,0.5353210753919591,0.6691095753852989,0.2572147462233423,0.8065613929781643,0.27410182175319375,0.3501550982490025,0.9807465270548498,0.03009263063438672,1
0.835785,0.470997,0.815021,0.30722588964411823,0.22523074898036854,0.6937193820635483,0.5266528843702218,0.6923578257095192,0.2815112335815111,0.29003392282733576,0.14405470652234909,1
0.234976,0.528639,0.766076,0.29460580768979483,0.46591002032521756,0.8536263138910867,0.9380896767665036,0.4900871083636762,0.143116614891729,0.7430338999612477,0.8921271404226405,1
0.221842,0.357641,0.0711681,0.7939507237429249,0.48819037846564584,0.6479262145532402,0.8664797409093062,0.07733209731620283,0.9829041574552458,0.23127295393439729,0.04736690986674552,1
0.318362,0.561153,0.238708,0.40181042248298904,0.5018124638881312,0.11279932028754669,0.09962437860040763,0.934361501540361,0.1773703183974089,0.9683227209299031,0.8222861846285288,1
0.549973,0.755812,0.624363,0.8630834484313711,0.7404006348443732,0.9319023590340253,0.9080351879055899,0.32231630432310865,0.6157862875711022,0.6466275015527142,0.6411579357586822,1
0.359035,0.690292,0.331586,0.9539086684840923,0.007887135330806538,0.466919897365652,0.5920654207414092,0.9468644561973438,0.5856390849493865,0.36567349008219296,0.179273423492612,1
0.204889,0.482766,0.268612,0.971772607653997,0.27933984240252363,0.9392224335296082,0.31017353021844896,0.21492401268863104,0.020010506034569553,0.09403038239289319,0.48439284259826354,1
0.0848226,0.250406,0.127632,0.5593429781251855,0.10572796077400792,0.182041046856401,0.5714032098950812,0.22165050150047005,0.27958471871318924,0.08792337307312215,0.5886762821452376,1
0.76858,0.0481212,0.503183,0.4166869217763681,0.40046615158119403,0.06801351486219764,0.9799332800556436,0.2709291589547359,0.19942529835724276,0.3931845951609807,0.4469584647245787,1
0.817568,0.371099,0.611768,0.009815592992394429,0.37771470057663536,0.6066964089418262,0.07637153383605133,0.10714224548440854,0.9077023712326643,0.1566451546530756,0.3573877789869643,1
0.34248,0.630838,0.0890025,0.4055647067874425,0.28401486752096294,0.2965704746712232,0.7620504872637828,0.23269969357820786,0.8456174186727862,0.6657366906979718,0.5865219175031914,1
0.696531,0.926155,0.954466,0.08312177138147847,0.025505761259594695,0.43591440747332877,0.5279519480066545,0.7300505584702276,0.7203628894942099,0.5425740155950606,0.2053403451103859,1
0.577985,0.451718,0.979953,0.8360763811295351,0.9204107120628304,0.20983413136475237,0.31910760853683506,0.8645460181559004,0.3898432747764716,0.8112994559363865,0.47664069529441855,1
0.686922,0.177275,0.535944,0.5458794276176299,0.05507097989609844,0.8048930344333025,0.10855404359055953,0.20467319745047885,0.5970039099941024,0.3352055268589349,0.7987155886922905,1
0.711048,0.00639899,0.0452598,0.7399803368999659,0.6795206002632522,0.9340853323985,0.2963676869855283,0.21317732726946015,0.2290026119300469,0.4944568753748627,0.5366405836815782,1
0.247656,0.811496,0.0213761,0.14058980457262693,0.42850625587170565,0.03125710257579717,0.5833403841733992,0.6767057793037601,0.42503507606358404,0.29802561854233034,0.9231235263358997,1
0.985095,0.573439,0.637661,0.5684108484926825,0.748407141618529,0.5008545764122895,0.1508811516376466,0.07821140563234186,0.0664568408331746,0.3253655376370356,0.807766476246323,1
0.685891,0.287379,0.925811,0.45019547366769463,0.4186576406611541,0.017107321381330864,0.5988873894946098,0.5604768213132563,0.6350625330653449,0.8544403687980177,0.7246647663230303,1
0.863371,0.947249,0.952145,0.10254067662599375,0.428462082554518,0.46523845242820516,0.10062582100430995,0.4575109364847909,0.8394479197525266,0.5171831094301742,0.2531486669764753,1
0.330538,0.679327,0.289881,0.14609151827215883,0.263242798330116,0.8344179922352485,0.8540410630514469,0.6403232174191436,0.24634825144487293,0.366737600515017,0.5614488169887355,1
0.0473628,0.172025,0.775075,0.9421527854569173,0.14713283241446629,0.19976834608461103,0.587809010936078,0.29738209604961574,0.23268652762533792,0.5347080502459874,0.9541804833576503,1
0.478096,0.299514,0.107103,0.7953367418691129,0.5130686673649942,0.8771182757527144,0.618330118202596,0.7309590226681272,0.31391117681165304,0.2566184603181674,0.7272025460310365,1
0.537722,0.0381635,0.376866,0.6284230897385605,0.4730532570355217,0.5323616754981546,0.601578645917697,0.07697760340918547,0.16322951061216673,0.8856718460821311,0.9312386627422891,1
0.797909,0.432774,0.320502,0.3669942516561757,0.42038646100701715,0.9174291006803013,0.10454658744693279,0.034694531652324834,0.4657777108840816,0.8416361669512153,0.7325409965336028,1
0.423763,0.557607,0.359617,0.9365239144619384,0.17151721668165965,0.4869790748020163,0.6865503452074737,0.030444532075736386,0.5040966936686776,0.4412092716438908,0.6301370319278745,1
0.0981935,0.296783,0.40747,0.22707147733142907,0.6682435277076779,0.16772384513498506,0.052042820208934026,0.3697344813300004,0.8973095340688978,0.5198557772104665,0.34663338623544904,1
0.131454,0.694608,0.0347153,0.516631365135426,0.4290416711945191,0.8157381651240533,0.21034260705325336,0.5516204419122698,0.9234511922328738,0.7570416366265748,0.12450472553513392,1
0.0278639,0.253959,0.174131,0.339391610434288,0.9567662932188682,0.3496311291164865,0.3287271274535881,0.4322922707374234,0.14379378075960236,0.5455240128793913,0.9659147743235398,1
0.228409,0.396977,0.513298,0.4963667490024496,0.238611111954104,0.900095168644659,0.7544114637745681,0.20260552531784526,0.8703991022938672,0.7348788736391878,0.9724268147087272,1
0.388811,0.43897,0.534264,0.9955868446294117,0.42784105911031023,0.3919508257538459,0.1132177414172546,0.3197134173318844,0.931213044417452,0.9772399721776519,0.7266102740407115,1
0.33141,0.0546372,0.341507,0.23898229219437295,0.7119742115338534,0.17082518688488746,0.049875402874508645,0.5682621649556695,0.38332889652952873,0.3971859629792136,0.03281830208462977,1
0.489461,0.504148,0.0565361,0.8719942815095243,0.29988738134229287,0.9388513064169255,0.9584878248709624,0.11442658148793383,0.3085047981863367,0.5025453494051748,0.6679813363593642,1
0.262361,0.784159,0.34658,0.8687872663320172,0.06882762772418483,0.40607319594820723,0.4901429842263211,0.589596282166993,0.9193290248326063,0.713697249226531,0.6669856499553115,1
0.981038,0.277061,0.415675,0.861368465040075,0.695139120217562,0.320219448253771,0.9023099274378622,0.2921467140242653,0.6872761038773726,0.44047596737689576,0.1438860440558556,1
0.646894,0.874298,0.0165614,0.45019978953177064,0.1314016119863748,0.6272409494366675,0.9781975923407074,0.15841079375984168,0.2915110358326207,0.6396890022152287,0.8807560425600388,1
0.127222,0.138137,0.439405,0.019363229138089744,0.45168252429016453,0.8402563796837218,0.6064728926209592,0.7190874773446404,0.7364615222410728,0.8022226040962808,0.39604967858190987,1
0.207403,0.315097,0.383537,0.26536663780983294,0.010706355427254066,0.7266420117407825,0.925960154127091,0.5841189792731053,0.280114834881829,0.3011032454787478,0.403098144777694,1
0.626942,0.0309925,0.502822,0.654198290004761,0.8730916965547604,0.9173159018439533,0.5750175206461853,0.8750651495245786,0.9225518950686278,0.6145973786286472,0.37155933237822036,1
0.489653,0.57827,0.667394,0.34259006938389613,0.6824861754003925,0.7055503498479411,0.6660364500086486,0.06572457727620329,0.43001095176279014,0.7993248856000505,0.540734420483343,1
0.814183,0.44773,0.459331,0.368378702332365,0.6784559555960606,0.8983757124486565,0.035724756750401876,0.11369652647322204,0.3271606822542462,0.967117655527014,0.17295433335538646,1
0.583668,0.0699052,0.133291,0.6332430948842618,0.01689221834226673,0.6716360283496334,0.04779072971214815,0.018444381242025187,0.9050970019456717,0.8807274449475486,0.939290478631826,1
0.715851,0.649947,0.67619,0.28689892461011557,0.05035565194577962,0.7367002575025776,0.9523460131448275,0.08172083480081249,0.6117396774157977,0.8339453320254995,0.6576996829693078,1
0.433284,0.463257,0.294349,0.17879382635833707,0.7660067057011328,0.6972584216807909,0.06987936685249463,0.4360302710621242,0.10558657846168673,0.05823715101171634,0.9319134046845099,1
0.600772,0.126528,0.29184,0.8146229323907983,0.928984154808531,0.8535274963807914,0.02679901812096075,0.37318175631528017,0.4668458531925571,0.9725496479529491,0.35668034860275255,1
0.205927,0.888345,0.570338,0.09716026042816006,0.10719420230791399,0.8291539671382836,0.46360063455993683,0.18762980400507812,0.0267559256356813,0.4690866841791681,0.40904469582316205,1
0.492281,0.827761,0.356315,0.5151588225363574,0.2555122275097583,0.2899584039285802,0.40057095833463796,0.3581959621669416,0.2899900097550411,0.9264701265686978,0.9158779964841732,1
0.640136,0.123643,0.353747,0.7819263754317906,0.9611944564513364,0.7140251318434001,0.4667792805105223,0.058753390877777534,0.28787538165614546,0.5980925189220025,0.8232288575202799,1
0.867936,0.588762,0.929965,0.02450310888465601,0.8007846841886861,0.43727527421944923,0.6942433197498421,0.36683085893870093,0.27301689413050423,0.299680663114941,0.37353958566373335,1
0.385308,0.828101,0.636956,0.8470259316978036,0.39978275058015145,0.1929659878331872,0.04618416378736889,0.10919060903273403,0.7253555884015038,0.04720669798078991,0.28155614634690473,1
0.804149,0.622272,0.686848,0.6171746270822437,0.9872614927720988,0.6089562979422329,0.29621643342859794,0.30041939514988814,0.9388740622608782,0.9194387869738778,0.667296636179933,1
0.429651,0.60104,0.49484,0.4516961333594043,0.283892418656464,0.6407733157867145,0.11154209998797837,0.9018270666560739,0.2204489165749558,0.37619226758818813,0.5149256660049054,1
0.606667,0.0506134,0.921485,0.5107174247883296,0.7984632970248032,0.5263545430426684,0.9497261215429047,0.25568895140725756,0.4304451228456798,0.9271408703977684,0.5037324904488327,1
0.187817,0.846893,0.105965,0.0019956726057772656,0.3278880147098494,0.6983134392172653,0.4949282249655633,0.10361152247169136,0.05922951025186418,0.5106433505199085,0.8069971042603369,1
0.404215,0.634646,0.410905,0.4258623518979492,0.8462837838028889,0.8231668809217094,0.4120087157239628,0.35049580961378823,0.16133752377856292,0.9059506014936075,0.2105064027965824,1
0.0754176,0.232093,0.0311826,0.622148148878569,0.7002395089886556,0.9196779750930677,0.33677316092884035,0.5830133253938933,0.9780563449588695,0.5793907759724977,0.622260657596946,1
0.64341,0.449798,0.488416,0.1951250194106432,0.536220232997157,0.7054121084440895,0.24917823580060272,0.4728037540451615,0.8160144751721872,0.033247041735320115,0.4175856087924682,1
0.011357,0.34655,0.707423,0.5788988399717832,0.03409459417642646,0.1912026663278481,0.641313570631957,0.3654029920026529,0.3921928888778057,0.31831672724732496,0.05590865479809559,1
0.711112,0.160368,0.393685,0.6869648125762267,0.5629274959937571,0.4911323292628933,0.08998946043151235,0.44567349518445876,0.5217825212107636,0.521511883634228,0.6815833170130101,1
0.140326,0.159968,0.172862,0.7612549073847528,0.08279124612485822,0.6414364874480737,0.95462666087733,0.12240164051645441,0.03544941550942926,0.05818562066510902,0.4338437252879802,1
0.634613,0.928989,0.465992,0.4235226006496807,0.8904291589555541,0.6027027974665712,0.10653959654873302,0.176987024572683,0.9907581878539734,0.6734555999174756,0.3272649478791737,1
0.521306,0.47935,0.778637,0.18657141710658598,0.9698237789130458,0.7377973755073293,0.44577052390062555,0.18486107161454868,0.7115894306509895,0.6204067169100668,0.9019120124191736,1
0.111443,0.504321,0.422272,0.4758620002947346,0.7098580530530346,0.003933921756566372,0.21368426984724886,0.264765755054975,0.897261684046203,0.7178007464329067,0.5170394551653459,1
0.705992,0.50863,0.693418,0.38518856392008716,0.9200962565964665,0.6044600576980705,0.5382374315837285,0.3653979112941478,0.8130844582505512,0.6949972641781231,0.44460178914912285,1
0.408547,0.416118,0.352595,0.978098260974235,0.6610785496544187,0.9495262513029055,0.3978133912313454,0.024760535782555437,0.49229900495930745,0.2008481306164437,0.7829169354601168,1
0.3929,0.936038,0.527701,0.10077386883354433,0.4537239154293977,0.6893272989496269,0.4055718835320895,0.6806503619055306,0.8324642360255855,0.3132201100093148,0.6343958049016576,1
0.000621176,0.0443849,0.625871,0.4064032386446723,0.9270522752759824,0.422623930709322,0.6401384260743965,0.40809266161274493,0.16744174609316265,0.013636595460307821,0.3166516556758576,1
0.424216,0.116679,0.0547551,0.19458947250357594,0.42486210999616913,0.3018234261706684,0.8328169653437664,0.5279363325084953,0.9489232512026267,0.1176333941406219,0.1405683298596262,1
0.755259,0.109249,0.69994,0.7538054065065553,0.7257859933520765,0.595415635043597,0.48557599434321386,0.8406929890082969,0.8020333276370828,0.41489357556799866,0.053088079844091696,1
0.25783,0.124283,0.475576,0.6102431240723167,0.95077227048234,0.9266514482837427,0.9581902378265748,0.19419964290142522,0.7649830205557624,0.2302872589486762,0.03067173072301832,1
0.763769,0.276788,0.466744,0.021605220034792594,0.6729590354610601,0.02103945704931176,0.09751229951574258,0.39080518948744236,0.6363666398214458,0.2026751564247533,0.6802680213202266,1
0.34929,0.85726,0.694779,0.140015806365565,0.41426458820630385,0.8747946021044076,0.27864049586447237,0.8311030550171578,0.40875869025536593,0.9767868333076221,0.3685211279096706,1
0.994397,0.209597,0.134414,0.6077643542393016,0.12677466019745853,0.4862302836804977,0.28548896375551513,0.21129020504789364,0.02983562786445204,0.8703666426519869,0.6563932302531195,1
0.0130389,0.191351,0.66386,0.4384336142975408,0.9318806291343301,0.36207296379240217,0.4748030878255285,0.25788053673337363,0.031996658476229345,0.7813780799188728,0.7809126457683171,1
0.282113,0.236903,0.0360941,0.9313259240873752,0.8031195754401284,0.5740164030620735,0.5268718092105503,0.3534029163242556,0.38499189037183024,0.07531276117302776,0.4209929627365866,1
0.419325,0.0974906,0.685205,0.9472016787473087,0.7925382304473242,0.5701431886017355,0.6968962203574468,0.32904718905418096,0.6065293405202936,0.45015224638587403,0.18618888810389544,1
0.696168,0.57157,0.572701,0.6900739347485292,0.0786396559475927,0.45481367342448564,0.9615884677477082,0.2707086849019712,0.23099747379614055,0.8779000288520519,0.9509812499911269,1
0.101705,0.652669,0.672479,0.0833522377776813,0.827126438187973,0.05239021308221592,0.07662417885002504,0.5779714262712715,0.5323399104551007,0.16077007140625865,0.9205158003958984,1
0.605083,0.475523,0.304132,0.7665860986618352,0.2691318755807036,0.31594482463735274,0.7592759145895845,0.13665892571301475,0.051341711957718306,0.18206778189964712,0.828252168466526,1
